country_source,iso3,country,editions,n_editions
Afghanistan,AFG,Afghanistan,"2019, 2020, 2021, 2022, 2023, 2024, 2025",7
Albania,ALB,Albania,"2019, 2020, 2021, 2022, 2023, 2024, 2025",7
Algeria,DZA,Algeria,"2019, 2020, 2021, 2022, 2023, 2024, 2025",7
Andorra,AND,Andorra,"2019, 2022, 2023, 2024, 2025",5
Angola,AGO,Angola,"2019, 2020, 2021, 2022, 2023, 2024, 2025",7
Antigua and Barbuda,ATG,Antigua and Barbuda,"2019, 2020, 2022, 2023, 2024, 2025",6
Argentina,ARG,Argentina,"2019, 2020, 2021, 2022, 2023, 2024, 2025",7
Armenia,ARM,Armenia,"2019, 2020, 2021, 2022, 2023, 2024, 2025",7
Australia,AUS,Australia,"2019, 2020, 2021, 2022, 2023, 2024, 2025",7
Austria,AUT,Austria,"2019, 2020, 2021, 2022, 2023, 2024, 2025",7
Azerbaijan,AZE,Azerbaijan,"2019, 2020, 2021, 2022, 2023, 2024, 2025",7
Bahamas,BHS,Bahamas,"2019, 2022, 2023, 2024, 2025",5
Bahrain,BHR,Bahrain,"2019, 2020, 2021, 2022, 2023, 2024, 2025",7
Bangladesh,BGD,Bangladesh,"2019, 2020, 2021, 2022, 2023, 2024, 2025",7
Barbados,BRB,Barbados,"2019, 2020, 2021, 2022, 2023, 2024, 2025",7
Belarus,BLR,Belarus,"2019, 2020, 2021, 2022, 2023, 2024, 2025",7
Belgium,BEL,Belgium,"2019, 2020, 2021, 2022, 2023, 2024, 2025",7
Belize,BLZ,Belize,"2019, 2020, 2021, 2022, 2023, 2024, 2025",7
Benin,BEN,Benin,"2019, 2020, 2021, 2022, 2023, 2024, 2025",7
Bhutan,BTN,Bhutan,"2019, 2020, 2021, 2022, 2023, 2024, 2025",7
Bolivia,BOL,Bolivia,"2019, 2020, 2021, 2022",4
Bolivia (Plurinational State of),BOL,Bolivia,"2023, 2024, 2025",3
Bosnia and Herzegovina,BIH,Bosnia and Herzegovina,"2019, 2020, 2021, 2022, 2023, 2024, 2025",7
Botswana,BWA,Botswana,"2019, 2020, 2021, 2022, 2023, 2024, 2025",7
Brazil,BRA,Brazil,"2019, 2020, 2021, 2022, 2023, 2024, 2025",7
Brunei Darussalam,BRN,Brunei Darussalam,"2019, 2020, 2021, 2022, 2023, 2024, 2025",7
Bulgaria,BGR,Bulgaria,"2019, 2020, 2021, 2022, 2023, 2024, 2025",7
Burkina Faso,BFA,Burkina Faso,"2019, 2020, 2021, 2022, 2023, 2024, 2025",7
Burundi,BDI,Burundi,"2019, 2020, 2021, 2022, 2023, 2024, 2025",7
Cabo Verde,CPV,Cabo Verde,"2020, 2021, 2022, 2023, 2024, 2025",6
Cape Verde,CPV,Cabo Verde,2019,1
Cambodia,KHM,Cambodia,"2019, 2020, 2021, 2022, 2023, 2024, 2025",7
Cameroon,CMR,Cameroon,"2019, 2020, 2021, 2022, 2023, 2024, 2025",7
Canada,CAN,Canada,"2019, 2020, 2021, 2022, 2023, 2024, 2025",7
Central African Republic,CAF,Central African Republic,"2019, 2021, 2022, 2023, 2024, 2025",6
Chad,TCD,Chad,"2019, 2020, 2021, 2022, 2023, 2024, 2025",7
Chile,CHL,Chile,"2019, 2020, 2021, 2022, 2023, 2024, 2025",7
China,CHN,China,"2019, 2020, 2021, 2022, 2023, 2024, 2025",7
Colombia,COL,Colombia,"2019, 2020, 2021, 2022, 2023, 2024, 2025",7
Comoros,COM,Comoros,"2019, 2020, 2022, 2023, 2024, 2025",6
Congo,COG,Congo,"2019, 2020, 2021, 2022, 2023, 2024, 2025",7
Costa Rica,CRI,Costa Rica,"2019, 2020, 2021, 2022, 2023, 2024, 2025",7
Côte D'Ivoire,CIV,Cote d'Ivoire,"2020, 2021, 2022, 2023, 2025",5
Côte d'Ivoire,CIV,Cote d'Ivoire,"2019, 2024",2
Croatia,HRV,Croatia,"2019, 2020, 2021, 2022, 2023, 2024, 2025",7
Cuba,CUB,Cuba,"2019, 2020, 2021, 2022, 2023, 2024, 2025",7
Cyprus,CYP,Cyprus,"2019, 2020, 2021, 2022, 2023, 2024, 2025",7
Czech Republic,CZE,Czech Republic,"2019, 2020, 2021, 2022",4
Czechia,CZE,Czech Republic,"2023, 2024, 2025",3
Democratic People's Republic of Korea,PRK,Democratic People's Republic of Korea,"2023, 2025",2
North Korea,PRK,Democratic People's Republic of Korea,2019,1
Democratic Republic of the Congo,COD,Democratic Republic of the Congo,"2019, 2020, 2021, 2022, 2023, 2024, 2025",7
Denmark,DNK,Denmark,"2019, 2020, 2021, 2022, 2023, 2024, 2025",7
Djibouti,DJI,Djibouti,"2019, 2020, 2022, 2023, 2024, 2025",6
Dominica,DMA,Dominica,"2019, 2020, 2023, 2025",4
Dominican Republic,DOM,Dominican Republic,"2019, 2020, 2021, 2022, 2023, 2024, 2025",7
Ecuador,ECU,Ecuador,"2019, 2020, 2021, 2022, 2023, 2024, 2025",7
Egypt,EGY,Egypt,"2019, 2020, 2021, 2022, 2023, 2024, 2025",7
El Salvador,SLV,El Salvador,"2019, 2020, 2021, 2022, 2023, 2024, 2025",7
Equatorial Guinea,GNQ,Equatorial Guinea,"2019, 2023, 2024, 2025",4
Eritrea,ERI,Eritrea,"2019, 2022, 2023, 2024, 2025",5
Estonia,EST,Estonia,"2019, 2020, 2021, 2022, 2023, 2024, 2025",7
Eswatini,SWZ,Eswatini,"2019, 2020, 2021, 2022, 2023, 2024, 2025",7
Ethiopia,ETH,Ethiopia,"2019, 2020, 2021, 2022, 2023, 2024, 2025",7
Fiji,FJI,Fiji,"2019, 2020, 2021, 2022, 2023, 2024, 2025",7
Finland,FIN,Finland,"2019, 2020, 2021, 2022, 2023, 2024, 2025",7
France,FRA,France,"2019, 2020, 2021, 2022, 2023, 2024, 2025",7
Gabon,GAB,Gabon,"2019, 2020, 2021, 2022, 2023, 2024, 2025",7
Gambia,GMB,Gambia,"2019, 2020, 2021, 2022",4
Gambia (Republic of The),GMB,Gambia,"2023, 2024, 2025",3
Georgia,GEO,Georgia,"2019, 2020, 2021, 2022, 2023, 2024, 2025",7
Germany,DEU,Germany,"2019, 2020, 2021, 2022, 2023, 2024, 2025",7
Ghana,GHA,Ghana,"2019, 2020, 2021, 2022, 2023, 2024, 2025",7
Greece,GRC,Greece,"2019, 2020, 2021, 2022, 2023, 2024, 2025",7
Grenada,GRD,Grenada,"2019, 2020, 2022, 2023, 2024, 2025",6
Guatemala,GTM,Guatemala,"2019, 2020, 2021, 2022, 2023, 2024, 2025",7
Guinea,GIN,Guinea,"2019, 2020, 2021, 2022, 2023, 2024, 2025",7
Guinea Bissau,GNB,Guinea Bissau,"2020, 2022, 2023, 2024, 2025",5
Guinea-Bissau,GNB,Guinea Bissau,2019,1
Guyana,GUY,Guyana,"2019, 2020, 2022, 2023, 2024, 2025",6
Haiti,HTI,Haiti,"2019, 2020, 2021, 2022, 2023, 2024, 2025",7
Honduras,HND,Honduras,"2019, 2020, 2021, 2022, 2023, 2024, 2025",7
Hungary,HUN,Hungary,"2019, 2020, 2021, 2022, 2023, 2024, 2025",7
Iceland,ISL,Iceland,"2019, 2020, 2021, 2022, 2023, 2024, 2025",7
India,IND,India,"2019, 2020, 2021, 2022, 2023, 2024, 2025",7
Indonesia,IDN,Indonesia,"2019, 2020, 2021, 2022, 2023, 2024, 2025",7
Iran,IRN,Iran,"2019, 2020, 2021, 2022",4
Iran (Islamic Republic of),IRN,Iran,"2023, 2024, 2025",3
Iraq,IRQ,Iraq,"2019, 2020, 2021, 2022, 2023, 2024, 2025",7
Ireland,IRL,Ireland,"2019, 2020, 2021, 2022, 2023, 2024, 2025",7
Israel,ISR,Israel,"2019, 2020, 2021, 2022, 2023, 2024, 2025",7
Italy,ITA,Italy,"2019, 2020, 2021, 2022, 2023, 2024, 2025",7
Jamaica,JAM,Jamaica,"2019, 2020, 2021, 2022, 2023, 2024, 2025",7
Japan,JPN,Japan,"2019, 2020, 2021, 2022, 2023, 2024, 2025",7
Jordan,JOR,Jordan,"2019, 2020, 2021, 2022, 2023, 2024, 2025",7
Kazakhstan,KAZ,Kazakhstan,"2019, 2020, 2021, 2022, 2023, 2024, 2025",7
Kenya,KEN,Kenya,"2019, 2020, 2021, 2022, 2023, 2024, 2025",7
Kiribati,KIR,Kiribati,"2019, 2020, 2022, 2023, 2024, 2025",6
Kuwait,KWT,Kuwait,"2019, 2020, 2021, 2022, 2023, 2024, 2025",7
Kyrgyzstan,KGZ,Kyrgyzstan,"2019, 2020, 2021, 2022, 2023, 2024, 2025",7
Lao People's Democratic Republic,LAO,Lao People's Democratic Republic,"2020, 2021, 2022, 2023, 2024, 2025",6
Laos,LAO,Lao People's Democratic Republic,2019,1
Latvia,LVA,Latvia,"2019, 2020, 2021, 2022, 2023, 2024, 2025",7
Lebanon,LBN,Lebanon,"2019, 2020, 2021, 2022, 2023, 2024, 2025",7
Lesotho,LSO,Lesotho,"2019, 2020, 2021, 2022, 2023, 2024, 2025",7
Liberia,LBR,Liberia,"2019, 2021, 2022, 2023, 2024, 2025",6
Libya,LBY,Libya,"2019, 2022, 2023, 2024, 2025",5
Liechtenstein,LIE,Liechtenstein,"2019, 2023, 2024, 2025",4
Lithuania,LTU,Lithuania,"2019, 2020, 2021, 2022, 2023, 2024, 2025",7
Luxembourg,LUX,Luxembourg,"2019, 2020, 2021, 2022, 2023, 2024, 2025",7
Madagascar,MDG,Madagascar,"2019, 2020, 2021, 2022, 2023, 2024, 2025",7
Malawi,MWI,Malawi,"2019, 2020, 2021, 2022, 2023, 2024, 2025",7
Malaysia,MYS,Malaysia,"2019, 2020, 2021, 2022, 2023, 2024, 2025",7
Maldives,MDV,Maldives,"2019, 2020, 2021, 2022, 2023, 2024, 2025",7
Mali,MLI,Mali,"2019, 2020, 2021, 2022, 2023, 2024, 2025",7
Malta,MLT,Malta,"2019, 2020, 2021, 2022, 2023, 2024, 2025",7
Marshall Islands,MHL,Marshall Islands,"2019, 2023, 2024, 2025",4
Mauritania,MRT,Mauritania,"2019, 2020, 2021, 2022, 2023, 2024, 2025",7
Mauritius,MUS,Mauritius,"2019, 2020, 2021, 2022, 2023, 2024, 2025",7
Mexico,MEX,Mexico,"2019, 2020, 2021, 2022, 2023, 2024, 2025",7
Micronesia,FSM,Micronesia,2019,1
Micronesia (Federated States of),FSM,Micronesia,2025,1
Moldova,MDA,Moldova,2019,1
Republic of Moldova,MDA,Moldova,"2020, 2021, 2022, 2023, 2024, 2025",6
Monaco,MCO,Monaco,"2019, 2023, 2025",3
Mongolia,MNG,Mongolia,"2019, 2020, 2021, 2022, 2023, 2024, 2025",7
Montenegro,MNE,Montenegro,"2019, 2020, 2021, 2022, 2023, 2024, 2025",7
Morocco,MAR,Morocco,"2019, 2020, 2021, 2022, 2023, 2024, 2025",7
Mozambique,MOZ,Mozambique,"2019, 2020, 2021, 2022, 2023, 2024, 2025",7
Myanmar,MMR,Myanmar,"2019, 2020, 2021, 2022, 2023, 2024, 2025",7
Namibia,NAM,Namibia,"2019, 2020, 2021, 2022, 2023, 2024, 2025",7
Nauru,NRU,Nauru,"2019, 2023, 2025",3
Nepal,NPL,Nepal,"2019, 2020, 2021, 2022, 2023, 2024, 2025",7
Netherlands,NLD,Netherlands,"2019, 2020, 2021, 2022, 2023, 2024, 2025",7
New Zealand,NZL,New Zealand,"2019, 2020, 2021, 2022, 2023, 2024, 2025",7
Nicaragua,NIC,Nicaragua,"2019, 2020, 2021, 2022, 2023, 2024, 2025",7
Niger,NER,Niger,"2019, 2020, 2021, 2022, 2023, 2024, 2025",7
Nigeria,NGA,Nigeria,"2019, 2020, 2021, 2022, 2023, 2024, 2025",7
North Macedonia,MKD,North Macedonia,"2020, 2021, 2022, 2023, 2024, 2025",6
Republic of North Macedonia,MKD,North Macedonia,2019,1
Norway,NOR,Norway,"2019, 2020, 2021, 2022, 2023, 2024, 2025",7
Oman,OMN,Oman,"2019, 2020, 2021, 2022, 2023, 2024, 2025",7
Pakistan,PAK,Pakistan,"2019, 2020, 2021, 2022, 2023, 2024, 2025",7
Palau,PLW,Palau,"2019, 2025",2
Panama,PAN,Panama,"2019, 2020, 2021, 2022, 2023, 2024, 2025",7
Papua New Guinea,PNG,Papua New Guinea,"2019, 2021, 2022, 2023, 2024, 2025",6
Paraguay,PRY,Paraguay,"2019, 2020, 2021, 2022, 2023, 2024, 2025",7
Peru,PER,Peru,"2019, 2020, 2021, 2022, 2023, 2024, 2025",7
Philippines,PHL,Philippines,"2019, 2020, 2021, 2022, 2023, 2024, 2025",7
Poland,POL,Poland,"2019, 2020, 2021, 2022, 2023, 2024, 2025",7
Portugal,PRT,Portugal,"2019, 2020, 2021, 2022, 2023, 2024, 2025",7
Qatar,QAT,Qatar,"2019, 2020, 2021, 2022, 2023, 2024, 2025",7
Republic of Korea,KOR,Republic of Korea,"2020, 2021, 2022, 2023, 2024, 2025",6
South Korea,KOR,Republic of Korea,2019,1
Romania,ROU,Romania,"2019, 2020, 2021, 2022, 2023, 2024, 2025",7
Russia,RUS,Russia,2019,1
Russian Federation,RUS,Russia,"2020, 2021, 2022, 2023, 2024, 2025",6
Rwanda,RWA,Rwanda,"2019, 2020, 2021, 2022, 2023, 2024, 2025",7
Saint Kitts and Nevis,KNA,Saint Kitts and Nevis,"2019, 2020, 2023, 2024, 2025",5
Saint Lucia,LCA,Saint Lucia,"2019, 2020, 2021, 2022, 2023, 2024, 2025",7
Saint Vincent and the Grenadines,VCT,Saint Vincent and the Grenadines,"2019, 2020, 2022, 2023, 2024, 2025",6
Samoa,WSM,Samoa,"2019, 2020, 2022, 2023, 2024, 2025",6
San Marino,SMR,San Marino,"2019, 2023, 2024, 2025",4
Sao Tome and Principe,STP,Sao Tome and Principe,"2019, 2022, 2023, 2024, 2025",5
Saudi Arabia,SAU,Saudi Arabia,"2019, 2020, 2021, 2022, 2023, 2024, 2025",7
Senegal,SEN,Senegal,"2019, 2020, 2021, 2022, 2023, 2024, 2025",7
Serbia,SRB,Serbia,"2019, 2020, 2021, 2022, 2023, 2024, 2025",7
Seychelles,SYC,Seychelles,"2019, 2020, 2021, 2022, 2023, 2024, 2025",7
Sierra Leone,SLE,Sierra Leone,"2019, 2020, 2021, 2022, 2023, 2024, 2025",7
Singapore,SGP,Singapore,"2019, 2020, 2021, 2022, 2023, 2024, 2025",7
Slovakia,SVK,Slovakia,"2019, 2020, 2021, 2022, 2023, 2024, 2025",7
Slovenia,SVN,Slovenia,"2019, 2020, 2021, 2022, 2023, 2024, 2025",7
Solomon Islands,SLB,Solomon Islands,"2019, 2020, 2022, 2023, 2024, 2025",6
Somalia,SOM,Somalia,"2019, 2023, 2024, 2025",4
South Africa,ZAF,South Africa,"2019, 2020, 2021, 2022, 2023, 2024, 2025",7
South Sudan,SSD,South Sudan,"2019, 2022, 2023, 2024, 2025",5
Spain,ESP,Spain,"2019, 2020, 2021, 2022, 2023, 2024, 2025",7
Sri Lanka,LKA,Sri Lanka,"2019, 2020, 2021, 2022, 2023, 2024, 2025",7
State of Palestine,PSE,State of Palestine,"2023, 2024, 2025",3
Sudan,SDN,Sudan,"2019, 2020, 2021, 2022, 2023, 2024, 2025",7
Suriname,SUR,Suriname,"2019, 2020, 2021, 2022, 2023, 2024, 2025",7
Sweden,SWE,Sweden,"2019, 2020, 2021, 2022, 2023, 2024, 2025",7
Switzerland,CHE,Switzerland,"2019, 2020, 2021, 2022, 2023, 2024, 2025",7
Syria,SYR,Syria,2019,1
Syrian Arab Republic,SYR,Syria,"2020, 2022, 2023, 2024, 2025",5
Taiwan,TWN,Taiwan,"2019, 2021, 2022, 2023, 2024, 2025",6
Tajikistan,TJK,Tajikistan,"2019, 2020, 2021, 2022, 2023, 2024, 2025",7
Tanzania,TZA,Tanzania,2019,1
United Republic of Tanzania,TZA,Tanzania,"2020, 2021, 2022, 2023, 2024, 2025",6
Thailand,THA,Thailand,"2019, 2020, 2021, 2022, 2023, 2024, 2025",7
Timor-Leste,TLS,Timor-Leste,"2019, 2020, 2022, 2023, 2024, 2025",6
Togo,TGO,Togo,"2019, 2020, 2021, 2022, 2023, 2024, 2025",7
Tonga,TON,Tonga,"2019, 2020, 2022, 2023, 2024, 2025",6
Trinidad and Tobago,TTO,Trinidad and Tobago,"2019, 2020, 2021, 2022, 2023, 2024, 2025",7
Tunisia,TUN,Tunisia,"2019, 2020, 2021, 2022, 2023, 2024, 2025",7
Turkey,TUR,Turkey,"2019, 2020, 2021, 2022",4
Türkiye,TUR,Turkey,"2023, 2024, 2025",3
Turkmenistan,TKM,Turkmenistan,"2019, 2022, 2023, 2024, 2025",5
Tuvalu,TUV,Tuvalu,"2019, 2023, 2025",3
Uganda,UGA,Uganda,"2019, 2020, 2021, 2022, 2023, 2024, 2025",7
Ukraine,UKR,Ukraine,"2019, 2020, 2021, 2022, 2023, 2024, 2025",7
United Arab Emirates,ARE,United Arab Emirates,"2019, 2020, 2021, 2022, 2023, 2024, 2025",7
United Kingdom,GBR,United Kingdom,"2019, 2020, 2021, 2022",4
United Kingdom of Great Britain and Northern Ireland,GBR,United Kingdom,"2023, 2024, 2025",3
United States of America,USA,United States of America,"2019, 2020, 2021, 2022, 2023, 2024, 2025",7
Uruguay,URY,Uruguay,"2019, 2020, 2021, 2022, 2023, 2024, 2025",7
Uzbekistan,UZB,Uzbekistan,"2019, 2020, 2021, 2022, 2023, 2024, 2025",7
Vanuatu,VUT,Vanuatu,"2019, 2020, 2022, 2023, 2024, 2025",6
Venezuela,VEN,Venezuela,"2019, 2020, 2021, 2022",4
"Venezuela, Bolivarian Republic of",VEN,Venezuela,"2023, 2024, 2025",3
Viet Nam,VNM,Viet Nam,"2020, 2021, 2022, 2023, 2024, 2025",6
Vietnam,VNM,Viet Nam,2019,1
Yemen,YEM,Yemen,"2019, 2020, 2021, 2022, 2023, 2024, 2025",7
Zambia,ZMB,Zambia,"2019, 2020, 2021, 2022, 2023, 2024, 2025",7
Zimbabwe,ZWE,Zimbabwe,"2019, 2020, 2021, 2022, 2023, 2024, 2025",7
