cik,name,country,form,filing_date,report_date,fy,accession,primary_doc
887153,"GRUPO SIMEC, S.A.B. de C.V.",Mexico,20-F,2018-05-16,2017-12-31,2017,0000891092-18-004329,e78894_20f.htm
887153,"GRUPO SIMEC, S.A.B. de C.V.",Mexico,20-F,2019-08-05,2018-12-31,2018,0000891092-19-008252,e4825_20f.htm
887153,"GRUPO SIMEC, S.A.B. de C.V.",Mexico,20-F,2020-06-05,2019-12-31,2019,0000891092-20-007459,e9568-20f.htm
887153,"GRUPO SIMEC, S.A.B. de C.V.",Mexico,20-F,2021-05-24,2020-12-31,2020,0000891092-21-004699,e12269-20f.htm
887153,"GRUPO SIMEC, S.A.B. de C.V.",Mexico,20-F,2022-05-18,2021-12-31,2021,0001213900-22-027975,f20f2021_gruposimec.htm
887153,"GRUPO SIMEC, S.A.B. de C.V.",Mexico,20-F,2023-05-01,2022-12-31,2022,0001213900-23-034743,f20f2022_gruposimec.htm
887153,"GRUPO SIMEC, S.A.B. de C.V.",Mexico,20-F,2024-11-18,2023-12-31,2023,0001213900-24-099265,ea0217239-20f_grupo.htm
887153,"GRUPO SIMEC, S.A.B. de C.V.",Mexico,20-F,2025-05-15,2024-12-31,2024,0001213900-25-044060,ea0241763-20f_grupo.htm
888746,UNITED BREWERIES CO INC,Chile,20-F,2018-04-27,2017-12-31,2017,0001292814-18-001412,ccuform20f_2017.htm
888746,UNITED BREWERIES CO INC,Chile,20-F,2019-04-26,2018-12-31,2018,0001292814-19-001450,ccuform20f_2018.htm
888746,UNITED BREWERIES CO INC,Chile,20-F,2020-04-28,2019-12-31,2019,0001292814-20-001470,ccuform20f_2019.htm
888746,UNITED BREWERIES CO INC,Chile,20-F,2021-04-23,2020-12-31,2020,0001292814-21-001707,ccuform20f_2020.htm
888746,UNITED BREWERIES CO INC,Chile,20-F,2022-04-28,2021-12-31,2021,0001575872-22-000347,ccu-20211231.htm
888746,UNITED BREWERIES CO INC,Chile,20-F,2023-04-28,2022-12-31,2022,0001575872-23-000643,ccu-20221231.htm
888746,UNITED BREWERIES CO INC,Chile,20-F,2024-04-30,2023-12-31,2023,0001292814-24-001713,ccuform20f_2023.htm
888746,UNITED BREWERIES CO INC,Chile,20-F,2025-04-29,2024-12-31,2024,0001292814-25-001738,ccuform20f_2024.htm
888746,UNITED BREWERIES CO INC,Chile,20-F,2026-04-29,2025-12-31,2025,0001292814-26-002680,ccuform20f_2025.htm
904851,YPF SOCIEDAD ANONIMA,Argentina,20-F,2018-04-24,2017-12-31,2017,0001193125-18-127245,d462446d20f.htm
904851,YPF SOCIEDAD ANONIMA,Argentina,20-F,2019-04-04,2018-12-31,2018,0001193125-19-096821,d660305d20f.htm
904851,YPF SOCIEDAD ANONIMA,Argentina,20-F,2020-04-24,2019-12-31,2019,0001193125-20-119222,d872797d20f.htm
904851,YPF SOCIEDAD ANONIMA,Argentina,20-F,2021-04-22,2020-12-31,2020,0001193125-21-125294,d117762d20f.htm
904851,YPF SOCIEDAD ANONIMA,Argentina,20-F,2022-04-20,2021-12-31,2021,0001193125-22-111088,d284779d20f.htm
904851,YPF SOCIEDAD ANONIMA,Argentina,20-F,2023-04-11,2022-12-31,2022,0001193125-23-097822,d357382d20f.htm
904851,YPF SOCIEDAD ANONIMA,Argentina,20-F,2024-04-25,2023-12-31,2023,0001193125-24-114066,d804823d20f.htm
904851,YPF SOCIEDAD ANONIMA,Argentina,20-F,2025-03-28,2024-12-31,2024,0001193125-25-067155,d866694d20f.htm
904851,YPF SOCIEDAD ANONIMA,Argentina,20-F,2026-03-26,2025-12-31,2025,0001193125-26-126363,d95578d20f.htm
909037,CHEMICAL & MINING CO OF CHILE INC,Chile,20-F,2018-04-19,2017-12-31,2017,0001144204-18-021258,tv491019_20f.htm
909037,CHEMICAL & MINING CO OF CHILE INC,Chile,20-F,2019-04-18,2018-12-31,2018,0001144204-19-020107,tv518701_20f.htm
909037,CHEMICAL & MINING CO OF CHILE INC,Chile,20-F,2020-04-23,2019-12-31,2019,0001104659-20-049813,tm2015977d1_20f.htm
909037,CHEMICAL & MINING CO OF CHILE INC,Chile,20-F,2021-03-16,2020-12-31,2020,0001104659-21-036513,tm219491d1_20f.htm
909037,CHEMICAL & MINING CO OF CHILE INC,Chile,20-F,2022-04-26,2021-12-31,2021,0001575872-22-000320,sqm-20211231.htm
909037,CHEMICAL & MINING CO OF CHILE INC,Chile,20-F,2023-04-26,2022-12-31,2022,0001558370-23-006738,sqm-20221231x20f.htm
909037,CHEMICAL & MINING CO OF CHILE INC,Chile,20-F,2024-04-30,2023-12-31,2023,0000909037-24-000033,sqm-20231231.htm
909037,CHEMICAL & MINING CO OF CHILE INC,Chile,20-F,2025-04-24,2024-12-31,2024,0000909037-25-000020,sqm-20241231.htm
909037,CHEMICAL & MINING CO OF CHILE INC,Chile,20-F,2026-04-22,2025-12-31,2025,0000909037-26-000023,sqm-20251231.htm
909327,Suzano S.A.,Brazil,20-F,2019-04-30,2018-12-31,2018,0001104659-19-025283,a19-5355_120f.htm
909327,Suzano S.A.,Brazil,20-F,2020-03-31,2019-12-31,2019,0001104659-20-041281,tm205933d1_20f.htm
909327,Suzano S.A.,Brazil,20-F,2021-04-29,2020-12-31,2020,0001104659-21-057773,tm219075d1_20f.htm
909327,Suzano S.A.,Brazil,20-F,2022-04-29,2021-12-31,2021,0001104659-22-053794,suz-20211231x20f.htm
909327,Suzano S.A.,Brazil,20-F,2023-04-27,2022-12-31,2022,0001104659-23-051482,suz-20221231x20f.htm
909327,Suzano S.A.,Brazil,20-F,2024-04-26,2023-12-31,2023,0001628280-24-018426,suz-20231231.htm
909327,Suzano S.A.,Brazil,20-F,2025-04-28,2024-12-31,2024,0001628280-25-020368,suz-20241231.htm
909327,Suzano S.A.,Brazil,20-F,2026-03-24,2025-12-31,2025,0000909327-26-000045,suz-20251231.htm
910631,COCA COLA FEMSA SAB DE CV,Mexico,20-F,2018-04-18,2017-12-31,2017,0001193125-18-121141,d533850d20f.htm
910631,COCA COLA FEMSA SAB DE CV,Mexico,20-F,2019-04-12,2018-12-31,2018,0001193125-19-105297,d717356d20f.htm
910631,COCA COLA FEMSA SAB DE CV,Mexico,20-F,2020-04-17,2019-12-31,2019,0001193125-20-110807,d828052d20f.htm
910631,COCA COLA FEMSA SAB DE CV,Mexico,20-F,2021-04-08,2020-12-31,2020,0001628280-21-006710,kof-20201231.htm
910631,COCA COLA FEMSA SAB DE CV,Mexico,20-F,2022-04-11,2021-12-31,2021,0001628280-22-008868,kof-20211231.htm
910631,COCA COLA FEMSA SAB DE CV,Mexico,20-F,2023-04-17,2022-12-31,2022,0001628280-23-011683,kof-20221231.htm
910631,COCA COLA FEMSA SAB DE CV,Mexico,20-F,2024-04-12,2023-12-31,2023,0001628280-24-016091,kof-20231231.htm
910631,COCA COLA FEMSA SAB DE CV,Mexico,20-F,2025-04-10,2024-12-31,2024,0001628280-25-017225,kof-20241231.htm
910631,COCA COLA FEMSA SAB DE CV,Mexico,20-F,2026-04-16,2025-12-31,2025,0001628280-26-025313,kof-20251231.htm
912505,ENEL AMERICAS S.A.,Chile,20-F,2018-04-30,2017-12-31,2017,0001564590-18-009655,enia-20f_20171231.htm
912505,ENEL AMERICAS S.A.,Chile,20-F,2019-04-29,2018-12-31,2018,0001104659-19-024154,a19-8582_120f.htm
912505,ENEL AMERICAS S.A.,Chile,20-F,2020-04-30,2019-12-31,2019,0001558370-20-004766,enia-20191231x20f.htm
912505,ENEL AMERICAS S.A.,Chile,20-F,2021-04-30,2020-12-31,2020,0001558370-21-005380,enia-20201231x20f.htm
912505,ENEL AMERICAS S.A.,Chile,20-F,2022-04-29,2021-12-31,2021,0001558370-22-006506,enia-20211231x20f.htm
912892,"GRUPO TELEVISA, S.A.B.",Mexico,20-F,2018-04-30,2017-12-31,2017,0001104659-18-028648,a18-7308_120f.htm
912892,"GRUPO TELEVISA, S.A.B.",Mexico,20-F,2019-04-30,2018-12-31,2018,0001104659-19-025398,a18-41741_120f.htm
912892,"GRUPO TELEVISA, S.A.B.",Mexico,20-F,2020-04-30,2019-12-31,2019,0001104659-20-054509,tm1919152d1_20f.htm
912892,"GRUPO TELEVISA, S.A.B.",Mexico,20-F,2021-04-30,2020-12-31,2020,0001104659-21-059010,tm211632d1_20f.htm
912892,"GRUPO TELEVISA, S.A.B.",Mexico,20-F,2022-04-29,2021-12-31,2021,0001104659-22-053835,tv-20211231x20f.htm
912892,"GRUPO TELEVISA, S.A.B.",Mexico,20-F,2023-04-28,2022-12-31,2022,0001104659-23-053026,tv-20221231x20f.htm
912892,"GRUPO TELEVISA, S.A.B.",Mexico,20-F,2024-04-30,2023-12-31,2023,0001104659-24-055002,tv-20231231x20f.htm
912892,"GRUPO TELEVISA, S.A.B.",Mexico,20-F,2025-04-30,2024-12-31,2024,0001410578-25-001050,tv-20241231x20f.htm
912892,"GRUPO TELEVISA, S.A.B.",Mexico,20-F,2026-04-30,2025-12-31,2025,0001104659-26-052976,tv-20251231x20f.htm
913059,Banco BBVA Argentina S.A.,Argentina,20-F,2018-05-02,2017-12-31,2017,0000950103-18-005766,dp90229_20f.htm
913059,Banco BBVA Argentina S.A.,Argentina,20-F,2019-05-10,2018-12-31,2018,0000950103-19-006271,dp106515_20f.htm
913059,Banco BBVA Argentina S.A.,Argentina,20-F,2020-04-27,2019-12-31,2019,0001193125-20-120341,d913710d20f.htm
913059,Banco BBVA Argentina S.A.,Argentina,20-F,2021-04-15,2020-12-31,2020,0001193125-21-117722,d32791d20f.htm
913059,Banco BBVA Argentina S.A.,Argentina,20-F,2022-04-12,2021-12-31,2021,0001193125-22-102916,d291998d20f.htm
913059,Banco BBVA Argentina S.A.,Argentina,20-F,2023-04-26,2022-12-31,2022,0001193125-23-118482,d264052d20f.htm
913059,Banco BBVA Argentina S.A.,Argentina,20-F,2024-04-17,2023-12-31,2023,0001193125-24-099078,d595174d20f.htm
913059,Banco BBVA Argentina S.A.,Argentina,20-F,2025-04-04,2024-12-31,2024,0001628280-25-016788,bbar-20241231.htm
913059,Banco BBVA Argentina S.A.,Argentina,20-F,2026-04-09,2025-12-31,2025,0001628280-26-024441,bbar-20251231.htm
917851,Vale S.A.,Brazil,20-F,2022-04-14,2021-12-31,2021,0001104659-22-046078,vale-20211231x20f.htm
917851,Vale S.A.,Brazil,20-F,2023-04-13,2022-12-31,2022,0001292814-23-001516,valeform20f_2022.htm
917851,Vale S.A.,Brazil,20-F,2024-04-19,2023-12-31,2023,0001292814-24-001463,valeform20f_2023.htm
917851,Vale S.A.,Brazil,20-F,2025-03-28,2024-12-31,2024,0001292814-25-001137,valeform20f_2024.htm
917851,Vale S.A.,Brazil,20-F,2026-03-27,2025-12-31,2025,0001292814-26-001844,valeform20f_2025.htm
925261,ANDINA BOTTLING CO INC,Chile,20-F,2018-04-27,2017-12-31,2017,0001104659-18-027414,a18-6298_120f.htm
925261,ANDINA BOTTLING CO INC,Chile,20-F,2019-04-25,2018-12-31,2018,0001104659-19-023624,a19-2804_120f.htm
925261,ANDINA BOTTLING CO INC,Chile,20-F,2020-04-29,2019-12-31,2019,0001104659-20-053223,tm2011683-1_20f.htm
925261,ANDINA BOTTLING CO INC,Chile,20-F,2021-04-28,2020-12-31,2020,0001104659-21-056483,tm2038578d1_20f.htm
925261,ANDINA BOTTLING CO INC,Chile,20-F,2022-04-27,2021-12-31,2021,0001104659-22-051183,akoa-20220426x20f.htm
925261,ANDINA BOTTLING CO INC,Chile,20-F,2023-04-26,2022-12-31,2022,0001104659-23-050351,akoa-20221231x20f.htm
925261,ANDINA BOTTLING CO INC,Chile,20-F,2024-03-27,2023-12-31,2023,0001104659-24-039707,akoa-20231231x20f.htm
925261,ANDINA BOTTLING CO INC,Chile,20-F,2025-03-26,2024-12-31,2024,0001410578-25-000473,akoa-20241231x20f.htm
925261,ANDINA BOTTLING CO INC,Chile,20-F,2026-04-01,2025-12-31,2025,0001104659-26-038506,akoa-20251231x20f.htm
926864,ENEL GENERACION CHILE S.A.,Chile,20-F,2018-04-27,2017-12-31,2017,0001564590-18-009410,eocc-20f_20171231.htm
926864,ENEL GENERACION CHILE S.A.,Chile,20-F,2019-04-30,2018-12-31,2018,0001104659-19-025081,a19-8584_120f.htm
926864,ENEL GENERACION CHILE S.A.,Chile,20-F,2020-04-29,2019-12-31,2019,0001558370-20-004544,eocc-20191231x20f.htm
930543,CONCHA Y TORO WINERY INC,Chile,20-F,2018-04-27,2017-12-31,2017,0001019056-18-000569,concha_20f.htm
930543,CONCHA Y TORO WINERY INC,Chile,20-F,2019-05-14,2018-12-31,2018,0001019056-19-000289,concha_20f.htm
931427,GAS TRANSPORTER OF THE SOUTH INC,Argentina,20-F,2018-04-16,2017-12-31,2017,0001140361-18-018601,form20f.htm
931427,GAS TRANSPORTER OF THE SOUTH INC,Argentina,20-F,2019-04-25,2018-12-31,2018,0001140361-19-007596,form20f.htm
931427,GAS TRANSPORTER OF THE SOUTH INC,Argentina,20-F,2020-04-30,2019-12-31,2019,0001140361-20-010185,form20f.htm
931427,GAS TRANSPORTER OF THE SOUTH INC,Argentina,20-F,2021-04-28,2020-12-31,2020,0001140361-21-014628,brhc10023618_20f.htm
931427,GAS TRANSPORTER OF THE SOUTH INC,Argentina,20-F,2022-04-26,2021-12-31,2021,0001140361-22-015996,brhc10036660_20f.htm
931427,GAS TRANSPORTER OF THE SOUTH INC,Argentina,20-F,2023-04-25,2022-12-31,2022,0001140361-23-020256,brhc20051753_20f.htm
931427,GAS TRANSPORTER OF THE SOUTH INC,Argentina,20-F,2024-04-24,2023-12-31,2023,0001140361-24-021683,ef20015365_20f.htm
931427,GAS TRANSPORTER OF THE SOUTH INC,Argentina,20-F,2025-04-24,2024-12-31,2024,0001140361-25-015473,ef20034691_20f.htm
931427,GAS TRANSPORTER OF THE SOUTH INC,Argentina,20-F,2026-04-22,2025-12-31,2025,0001140361-26-016167,ef20060824_20f.htm
932470,TELECOM ARGENTINA SA,Argentina,20-F,2018-04-20,2017-12-31,2017,0001104659-18-025642,a18-5108_120f.htm
932470,TELECOM ARGENTINA SA,Argentina,20-F,2019-03-27,2018-12-31,2018,0001104659-19-017491,a19-2958_120f.htm
932470,TELECOM ARGENTINA SA,Argentina,20-F,2020-03-18,2019-12-31,2019,0001104659-20-035428,tm2010840d1_20f.htm
932470,TELECOM ARGENTINA SA,Argentina,20-F,2021-03-25,2020-12-31,2020,0001104659-21-041569,tm2039636d1_20f.htm
932470,TELECOM ARGENTINA SA,Argentina,20-F,2022-03-22,2021-12-31,2021,0001104659-22-036418,teo-20211231x20f.htm
932470,TELECOM ARGENTINA SA,Argentina,20-F,2023-03-20,2022-12-31,2022,0001104659-23-034541,teo-20221231x20f.htm
932470,TELECOM ARGENTINA SA,Argentina,20-F,2024-03-21,2023-12-31,2023,0001104659-24-037229,teo-20231231x20f.htm
932470,TELECOM ARGENTINA SA,Argentina,20-F,2025-02-28,2024-12-31,2024,0001104659-25-019133,teo-20241231x20f.htm
932470,TELECOM ARGENTINA SA,Argentina,20-F,2026-03-11,2025-12-31,2025,0001104659-26-026480,teo-20251231x20f.htm
932782,MEXICAN PETROLEUM,Mexico,20-F,2018-04-30,2017-12-31,2017,0001193125-18-143901,d556653d20f.htm
932782,MEXICAN PETROLEUM,Mexico,20-F,2019-04-30,2018-12-31,2018,0001193125-19-129698,d632951d20f.htm
932782,MEXICAN PETROLEUM,Mexico,20-F,2020-05-08,2019-12-31,2019,0001193125-20-136835,d850870d20f.htm
932782,MEXICAN PETROLEUM,Mexico,20-F,2021-05-17,2020-12-31,2020,0001193125-21-162651,d106092d20f.htm
932782,MEXICAN PETROLEUM,Mexico,20-F,2022-04-29,2021-12-31,2021,0001193125-22-134002,d310515d20f.htm
932782,MEXICAN PETROLEUM,Mexico,20-F,2023-04-28,2022-12-31,2022,0000932782-23-000004,ck0000932782-20221231.htm
932782,MEXICAN PETROLEUM,Mexico,20-F,2024-04-30,2023-12-31,2023,0000932782-24-000004,ck0000932782-20231231.htm
932782,MEXICAN PETROLEUM,Mexico,20-F,2025-04-29,2024-12-31,2024,0000932782-25-000008,ck0000932782-20241231.htm
932782,MEXICAN PETROLEUM,Mexico,20-F,2026-04-30,2025-12-31,2025,0000932782-26-000006,ck0000932782-20251231.htm
933267,IRSA INVESTMENTS & REPRESENTATIONS INC,Argentina,20-F,2017-10-31,2017-10-31,2017,0001654954-17-009856,fs300617vf4.htm
933267,IRSA INVESTMENTS & REPRESENTATIONS INC,Argentina,20-F,2018-10-31,2018-10-31,2018,0001654954-18-011798,a20firsa.htm
933267,IRSA INVESTMENTS & REPRESENTATIONS INC,Argentina,20-F,2019-10-31,2019-06-30,2019,0001654954-19-012196,a20firsa.htm
933267,IRSA INVESTMENTS & REPRESENTATIONS INC,Argentina,20-F,2020-11-16,2020-06-30,2020,0001654954-20-012504,irsafs.htm
933267,IRSA INVESTMENTS & REPRESENTATIONS INC,Argentina,20-F,2021-10-20,2021-06-30,2021,0001568276-21-001788,irsa_20f.htm
933267,IRSA INVESTMENTS & REPRESENTATIONS INC,Argentina,20-F,2022-10-26,2022-06-30,2022,0001654954-22-014187,irsa_20f.htm
933267,IRSA INVESTMENTS & REPRESENTATIONS INC,Argentina,20-F,2023-10-20,2023-06-30,2023,0001654954-23-013174,irsa_20f.htm
933267,IRSA INVESTMENTS & REPRESENTATIONS INC,Argentina,20-F,2024-10-23,2024-06-30,2024,0001654954-24-013232,irsa_20f.htm
933267,IRSA INVESTMENTS & REPRESENTATIONS INC,Argentina,20-F,2025-10-24,2025-06-30,2025,0001654954-25-012190,irsa_20f.htm
1001290,CREDICORP LTD,Peru,20-F,2018-04-26,2017-12-31,2017,0001144204-18-022710,tv487497_20f.htm
1001290,CREDICORP LTD,Peru,20-F,2019-04-30,2018-12-31,2018,0001144204-19-022382,tv515281_20f.htm
1001290,CREDICORP LTD,Peru,20-F,2020-05-29,2019-12-31,2019,0001104659-20-067820,tm206802d1_20f.htm
1001290,CREDICORP LTD,Peru,20-F,2021-04-28,2020-12-31,2020,0001104659-21-056535,tm214045d1_20f.htm
1001290,CREDICORP LTD,Peru,20-F,2022-04-26,2021-12-31,2021,0001140361-22-015994,brhc10036623_20f.htm
1001290,CREDICORP LTD,Peru,20-F,2023-04-26,2022-12-31,2022,0001140361-23-020347,brhc20051793_20f.htm
1001290,CREDICORP LTD,Peru,20-F,2024-04-24,2023-12-31,2023,0001140361-24-021786,ef20018743_20f.htm
1001290,CREDICORP LTD,Peru,20-F,2025-04-25,2024-12-31,2024,0001140361-25-015768,ef20038949_20f.htm
1001290,CREDICORP LTD,Peru,20-F,2026-04-27,2025-12-31,2025,0001001290-26-000008,bap-20251231.htm
1001838,SOUTHERN COPPER CORP/,Peru,10-K,2018-03-01,2017-12-31,2017,0001047469-18-001211,a2234122z10-k.htm
1001838,SOUTHERN COPPER CORP/,Peru,10-K,2019-03-01,2018-12-31,2018,0001047469-19-000845,a2237832z10-k.htm
1001838,SOUTHERN COPPER CORP/,Peru,10-K,2020-02-28,2019-12-31,2019,0001558370-20-001781,scco-20191231x10k32f1e0.htm
1001838,SOUTHERN COPPER CORP/,Peru,10-K,2021-02-26,2020-12-31,2020,0001558370-21-001894,scco-20201231x10k.htm
1001838,SOUTHERN COPPER CORP/,Peru,10-K,2022-03-07,2021-12-31,2021,0001558370-22-002968,scco-20211231x10k.htm
1001838,SOUTHERN COPPER CORP/,Peru,10-K,2023-02-28,2022-12-31,2022,0001558370-23-002328,scco-20221231x10k.htm
1001838,SOUTHERN COPPER CORP/,Peru,10-K,2024-02-29,2023-12-31,2023,0001558370-24-002119,scco-20231231x10k.htm
1001838,SOUTHERN COPPER CORP/,Peru,10-K,2025-03-03,2024-12-31,2024,0001558370-25-002017,scco-20241231x10k.htm
1001838,SOUTHERN COPPER CORP/,Peru,10-K,2026-02-27,2025-12-31,2025,0001104659-26-021492,scco-20251231x10k.htm
1013131,BUENAVENTURA MINING CO INC,Peru,20-F,2018-04-30,2017-12-31,2017,0001144204-18-023941,tv488578_20f.htm
1013131,BUENAVENTURA MINING CO INC,Peru,20-F,2019-05-01,2018-12-31,2018,0001144204-19-022630,tv519058_20f.htm
1013131,BUENAVENTURA MINING CO INC,Peru,20-F,2020-04-10,2019-12-31,2019,0001104659-20-045603,tm206798d1_20f.htm
1013131,BUENAVENTURA MINING CO INC,Peru,20-F,2021-04-30,2020-12-31,2020,0001104659-21-059081,tm214042d1_20f.htm
1013131,BUENAVENTURA MINING CO INC,Peru,20-F,2022-05-13,2021-12-31,2021,0001104659-22-060511,tmb-20211231x20f.htm
1013131,BUENAVENTURA MINING CO INC,Peru,20-F,2023-05-01,2022-12-31,2022,0001410578-23-000850,tmb-20221231x20f.htm
1013131,BUENAVENTURA MINING CO INC,Peru,20-F,2024-05-01,2023-12-31,2023,0001410578-24-000577,tmb-20231231x20f.htm
1013131,BUENAVENTURA MINING CO INC,Peru,20-F,2025-04-30,2024-12-31,2024,0001410578-25-001056,tmb-20241231x20f.htm
1013131,BUENAVENTURA MINING CO INC,Peru,20-F,2026-04-30,2025-12-31,2025,0001104659-26-053101,tmb-20251231x20f.htm
1027552,BANCO SANTANDER CHILE,Chile,20-F,2018-03-28,2017-12-31,2017,0000950103-18-003835,dp88538_20f.htm
1027552,BANCO SANTANDER CHILE,Chile,20-F,2019-03-22,2018-12-31,2018,0001615774-19-004410,s116771_20f.htm
1027552,BANCO SANTANDER CHILE,Chile,20-F,2020-03-06,2019-12-31,2019,0000950103-20-004862,dp122070_20f.htm
1027552,BANCO SANTANDER CHILE,Chile,20-F,2021-02-26,2020-12-31,2020,0000950103-21-003159,dp145968_20f.htm
1027552,BANCO SANTANDER CHILE,Chile,20-F,2022-02-25,2021-12-31,2021,0001213900-22-009472,f20f2021_bancosantan.htm
1027552,BANCO SANTANDER CHILE,Chile,20-F,2023-02-23,2022-12-31,2022,0001213900-23-013772,f20f2022_bancosantan.htm
1027552,BANCO SANTANDER CHILE,Chile,20-F,2024-02-22,2023-12-31,2023,0001213900-24-015910,f20f2023_bancosant.htm
1027552,BANCO SANTANDER CHILE,Chile,20-F,2025-02-28,2024-12-31,2024,0001027552-25-000035,bsac-20241231.htm
1027552,BANCO SANTANDER CHILE,Chile,20-F,2026-02-27,2025-12-31,2025,0001027552-26-000038,bsac-20251231.htm
1034957,CRESUD INC,Argentina,20-F,2017-10-31,2017-10-31,2017,0001654954-17-009858,fscresudconsolidado20-f30.htm
1034957,CRESUD INC,Argentina,20-F,2018-10-31,2018-10-31,2018,0001654954-18-011801,cresud20f.htm
1034957,CRESUD INC,Argentina,20-F,2019-10-31,2019-06-30,2019,0001654954-19-012197,a20fcresud.htm
1034957,CRESUD INC,Argentina,20-F,2020-11-16,2020-06-30,2020,0001654954-20-012514,cresudfs.htm
1034957,CRESUD INC,Argentina,20-F,2021-11-01,2021-06-30,2021,0001568276-21-001919,cresy_20f.htm
1034957,CRESUD INC,Argentina,20-F,2022-10-28,2022-06-30,2022,0001654954-22-014335,abc_20f.htm
1034957,CRESUD INC,Argentina,20-F,2023-10-20,2023-06-30,2023,0001654954-23-013226,cresud_20f.htm
1034957,CRESUD INC,Argentina,20-F,2024-10-23,2024-06-30,2024,0001654954-24-013234,cresud_20f.htm
1034957,CRESUD INC,Argentina,20-F,2025-10-24,2025-06-30,2025,0001654954-25-012195,cresud_20f.htm
1038572,BRAZILIAN DISTRIBUTION CO COMPANHIA BRASILEIRA DE DISTR CBD,Brazil,20-F,2018-04-30,2017-12-31,2017,0001292814-18-001444,cbdform20f_2017.htm
1038572,BRAZILIAN DISTRIBUTION CO COMPANHIA BRASILEIRA DE DISTR CBD,Brazil,20-F,2019-04-30,2018-12-31,2018,0001292814-19-001549,cbdform20f_2018.htm
1038572,BRAZILIAN DISTRIBUTION CO COMPANHIA BRASILEIRA DE DISTR CBD,Brazil,20-F,2020-12-01,2019-12-31,2019,0001292814-20-004575,cbdform20f_2019.htm
1038572,BRAZILIAN DISTRIBUTION CO COMPANHIA BRASILEIRA DE DISTR CBD,Brazil,20-F,2021-04-30,2020-12-31,2020,0001292814-21-001951,cbdform20f_2020.htm
1038572,BRAZILIAN DISTRIBUTION CO COMPANHIA BRASILEIRA DE DISTR CBD,Brazil,20-F,2022-05-16,2021-12-31,2021,0001292814-22-002320,cbdform20f_2021.htm
1038572,BRAZILIAN DISTRIBUTION CO COMPANHIA BRASILEIRA DE DISTR CBD,Brazil,20-F,2023-08-16,2022-12-31,2022,0001292814-23-003634,cbdform20f_2022.htm
1038572,BRAZILIAN DISTRIBUTION CO COMPANHIA BRASILEIRA DE DISTR CBD,Brazil,20-F,2024-06-28,2023-12-31,2023,0001292814-24-002600,cbdform20f_2023.htm
1041792,ENERGY CO OF PARANA,Brazil,20-F,2020-04-27,2019-12-31,2019,0001292814-20-001451,elpform20f_2019.htm
1041792,ENERGY CO OF PARANA,Brazil,20-F,2021-04-20,2020-12-31,2020,0001292814-21-001623,elpform20f_2020.htm
1041792,ENERGY CO OF PARANA,Brazil,20-F,2022-04-28,2021-12-31,2021,0001292814-22-001848,elpform20f_2021.htm
1041792,ENERGY CO OF PARANA,Brazil,20-F,2023-04-27,2022-12-31,2022,0001292814-23-001843,elpform20f_2022.htm
1041792,ENERGY CO OF PARANA,Brazil,20-F,2024-04-11,2023-12-31,2023,0001292814-24-001329,elpform20f_2023.htm
1041792,ENERGY CO OF PARANA,Brazil,20-F,2025-04-17,2024-12-31,2024,0001628280-25-018102,elp-20241231.htm
1041792,ENERGY CO OF PARANA,Brazil,20-F,2026-04-16,2025-12-31,2025,0002070979-26-000155,elpc-20251231.htm
1044896,Industrias Bachoco S.A.B. de C.V.,Mexico,20-F,2018-04-27,2017-12-31,2017,0001144204-18-023204,tv491116_20f.htm
1044896,Industrias Bachoco S.A.B. de C.V.,Mexico,20-F,2019-04-29,2018-12-31,2018,0001144204-19-021974,tv518925_20f.htm
1044896,Industrias Bachoco S.A.B. de C.V.,Mexico,20-F,2020-04-29,2019-12-31,2019,0001104659-20-053509,tm206800d1_20f.htm
1044896,Industrias Bachoco S.A.B. de C.V.,Mexico,20-F,2021-04-29,2020-12-31,2020,0001104659-21-057737,tm214048d1_20f.htm
1044896,Industrias Bachoco S.A.B. de C.V.,Mexico,20-F,2022-04-29,2021-12-31,2021,0001410578-22-001105,iba-20211231x20f.htm
1047716,LATAM AIRLINES GROUP S.A.,Chile,20-F,2018-04-05,2017-12-31,2017,0001615774-18-002424,s109445_20f.htm
1047716,LATAM AIRLINES GROUP S.A.,Chile,20-F,2019-04-15,2018-12-31,2018,0001615774-19-005727,s116906_20f.htm
1047716,LATAM AIRLINES GROUP S.A.,Chile,20-F,2020-03-19,2019-12-31,2019,0001213900-20-006807,f20f2019_latamairlines.htm
1047716,LATAM AIRLINES GROUP S.A.,Chile,20-F,2021-03-10,2020-12-31,2020,0001213900-21-014439,f20f2020_latamairlinesgroup.htm
1047716,LATAM AIRLINES GROUP S.A.,Chile,20-F,2022-03-30,2021-12-31,2021,0001213900-22-015962,f20f2021_latamairlines.htm
1047716,LATAM AIRLINES GROUP S.A.,Chile,20-F,2023-03-10,2022-12-31,2022,0001213900-23-019107,f20f2022_latamairlines.htm
1047716,LATAM AIRLINES GROUP S.A.,Chile,20-F,2024-02-22,2023-12-31,2023,0001628280-24-006398,ltm-20231231.htm
1047716,LATAM AIRLINES GROUP S.A.,Chile,20-F,2025-03-13,2024-12-31,2024,0001628280-25-012639,ltm-20241231.htm
1047716,LATAM AIRLINES GROUP S.A.,Chile,20-F,2026-03-05,2025-12-31,2025,0001047716-26-000046,ltm-20251231.htm
1049659,NATIONAL STEEL CO,Brazil,20-F,2018-05-01,2017-12-31,2017,0001292814-18-001534,sidform_20f.htm
1049659,NATIONAL STEEL CO,Brazil,20-F,2019-04-05,2018-12-31,2018,0001292814-19-001150,sidform20f_2018.htm
1049659,NATIONAL STEEL CO,Brazil,20-F,2020-04-03,2019-12-31,2019,0001292814-20-001135,sidform20f_2019.htm
1049659,NATIONAL STEEL CO,Brazil,20-F,2021-04-13,2020-12-31,2020,0001292814-21-001501,sidform20f_2020.htm
1049659,NATIONAL STEEL CO,Brazil,20-F,2022-05-18,2021-12-31,2021,0001292814-22-002374,sidform20f_2021.htm
1049659,NATIONAL STEEL CO,Brazil,20-F,2023-04-28,2022-12-31,2022,0001292814-23-001912,sidform20f_2022.htm
1049659,NATIONAL STEEL CO,Brazil,20-F,2024-05-01,2023-12-31,2023,0001292814-24-001763,sidform20f_2023.htm
1049659,NATIONAL STEEL CO,Brazil,20-F,2025-04-30,2024-12-31,2024,0001292814-25-001805,sidform20f_2024.htm
1049659,NATIONAL STEEL CO,Brazil,20-F,2026-04-30,2025-12-31,2025,0001292814-26-002714,sidform20f_2025.htm
1061736,MEXICAN ECONOMIC DEVELOPMENT INC,Mexico,20-F,2018-04-24,2017-12-31,2017,0001193125-18-129003,d536132d20f.htm
1061736,MEXICAN ECONOMIC DEVELOPMENT INC,Mexico,20-F,2019-04-24,2018-12-31,2018,0001193125-19-117240,d694088d20f.htm
1061736,MEXICAN ECONOMIC DEVELOPMENT INC,Mexico,20-F,2020-04-28,2019-12-31,2019,0001193125-20-123260,d869153d20f.htm
1061736,MEXICAN ECONOMIC DEVELOPMENT INC,Mexico,20-F,2021-04-14,2020-12-31,2020,0001558370-21-004287,fmx-20201231x20f.htm
1061736,MEXICAN ECONOMIC DEVELOPMENT INC,Mexico,20-F,2022-04-14,2021-12-31,2021,0001558370-22-005450,tmb-20211231x20f.htm
1061736,MEXICAN ECONOMIC DEVELOPMENT INC,Mexico,20-F,2023-04-24,2022-12-31,2022,0001628280-23-012491,fmx-20221231.htm
1061736,MEXICAN ECONOMIC DEVELOPMENT INC,Mexico,20-F,2024-04-23,2023-12-31,2023,0001628280-24-017454,fmx-20231231.htm
1061736,MEXICAN ECONOMIC DEVELOPMENT INC,Mexico,20-F,2025-04-24,2024-12-31,2024,0001628280-25-019714,fmx-20241231.htm
1061736,MEXICAN ECONOMIC DEVELOPMENT INC,Mexico,20-F,2026-04-24,2025-12-31,2025,0001628280-26-027231,fmx-20251231.htm
1066116,TIM PARTICIPACOES SA,Brazil,20-F,2018-04-06,2017-12-31,2017,0001292814-18-001039,timform_20f.htm
1066116,TIM PARTICIPACOES SA,Brazil,20-F,2019-04-10,2018-12-31,2018,0001292814-19-001238,timform20f_2018.htm
1066116,TIM PARTICIPACOES SA,Brazil,20-F,2020-05-01,2019-12-31,2019,0001292814-20-001580,tsuform20f_2019.htm
1066119,TELEFONICA BRASIL S.A.,Brazil,20-F,2018-02-21,2017-12-31,2017,0001292814-18-000427,f2017telefnicabrasilsa.htm
1066119,TELEFONICA BRASIL S.A.,Brazil,20-F,2019-02-21,2018-12-31,2018,0000950103-19-002195,dp102361_20f.htm
1066119,TELEFONICA BRASIL S.A.,Brazil,20-F,2020-02-20,2019-12-31,2019,0000950103-20-003040,dp121471_20f.htm
1066119,TELEFONICA BRASIL S.A.,Brazil,20-F,2021-02-25,2020-12-31,2020,0000950103-21-003067,dp146599_20f.htm
1066119,TELEFONICA BRASIL S.A.,Brazil,20-F,2022-02-24,2021-12-31,2021,0001104659-22-026740,viv-20211231x20f.htm
1066119,TELEFONICA BRASIL S.A.,Brazil,20-F,2023-02-17,2022-12-31,2022,0001104659-23-023359,viv-20221231x20f.htm
1066119,TELEFONICA BRASIL S.A.,Brazil,20-F,2024-02-22,2023-12-31,2023,0001628280-24-006357,viv-20231231.htm
1066119,TELEFONICA BRASIL S.A.,Brazil,20-F,2025-02-27,2024-12-31,2024,0001628280-25-008767,viv-20241231.htm
1066119,TELEFONICA BRASIL S.A.,Brazil,20-F,2026-02-24,2025-12-31,2025,0002070979-26-000018,viv-20251231.htm
1071371,BANCOLOMBIA SA,Colombia,20-F,2018-04-30,2017-12-31,2017,0001144204-18-023396,tv487004_20f.htm
1071371,BANCOLOMBIA SA,Colombia,20-F,2019-04-25,2018-12-31,2018,0001144204-19-021114,tv517668_20f.htm
1071371,BANCOLOMBIA SA,Colombia,20-F,2020-04-27,2019-12-31,2019,0001104659-20-051519,tm206804d3_20f.htm
1071371,BANCOLOMBIA SA,Colombia,20-F,2021-04-23,2020-12-31,2020,0001558370-21-004672,cib-20201231x20f.htm
1071371,BANCOLOMBIA SA,Colombia,20-F,2022-04-27,2021-12-31,2021,0001558370-22-006007,tmb-20211231x20f.htm
1071371,BANCOLOMBIA SA,Colombia,20-F,2023-04-03,2022-12-31,2022,0001558370-23-005367,cib-20221231x20f.htm
1071371,BANCOLOMBIA SA,Colombia,20-F,2024-03-26,2023-12-31,2023,0001558370-24-003957,cib-20231231x20f.htm
1071371,BANCOLOMBIA SA,Colombia,20-F,2025-03-28,2024-12-31,2024,0001071371-25-000053,cib-20241231.htm
1071438,BRASKEM SA,Brazil,20-F,2020-06-15,2019-12-31,2019,0001292814-20-002229,bakform20f_2019.htm
1071438,BRASKEM SA,Brazil,20-F,2021-05-14,2020-12-31,2020,0001292814-21-002286,bakform20f_2020.htm
1071438,BRASKEM SA,Brazil,20-F,2022-04-28,2021-12-31,2021,0001292814-22-001862,bakform20f_2021.htm
1071438,BRASKEM SA,Brazil,20-F,2023-04-25,2022-12-31,2022,0001292814-23-001738,bakform20f_2022.htm
1071438,BRASKEM SA,Brazil,20-F,2024-04-12,2023-12-31,2023,0001292814-24-001348,bakform20f_2023.htm
1071438,BRASKEM SA,Brazil,20-F,2025-03-31,2024-12-31,2024,0001292814-25-001192,bakform20f_2024.htm
1071438,BRASKEM SA,Brazil,20-F,2026-04-20,2025-12-31,2025,0001292814-26-002427,bakform20f_2025.htm
1073404,GERDAU S.A.,Brazil,20-F,2018-04-03,2017-12-31,2017,0001104659-18-022121,a18-2312_120f.htm
1073404,GERDAU S.A.,Brazil,20-F,2019-03-29,2018-12-31,2018,0001104659-19-018684,a19-2248_120f.htm
1073404,GERDAU S.A.,Brazil,20-F,2020-03-31,2019-12-31,2019,0001104659-20-041231,tm1928411-1_20f.htm
1073404,GERDAU S.A.,Brazil,20-F,2021-04-21,2020-12-31,2020,0001104659-21-053189,tm212083d1_20f.htm
1073404,GERDAU S.A.,Brazil,20-F,2022-03-31,2021-12-31,2021,0001104659-22-041058,ggb-20211231x20f.htm
1073404,GERDAU S.A.,Brazil,20-F,2023-03-31,2022-12-31,2022,0001104659-23-040166,ggb-20221231x20f.htm
1073404,GERDAU S.A.,Brazil,20-F,2024-03-28,2023-12-31,2023,0001104659-24-040516,ggb-20231231x20f.htm
1073404,GERDAU S.A.,Brazil,20-F,2025-03-14,2024-12-31,2024,0001410578-25-000353,ggb-20241231x20f.htm
1073404,GERDAU S.A.,Brazil,20-F,2026-03-13,2025-12-31,2025,0001104659-26-027678,ggb-20251231x20f.htm
1076378,CEMEX SAB DE CV,Mexico,20-F,2018-04-30,2017-12-31,2017,0001193125-18-143360,d541425d20f.htm
1076378,CEMEX SAB DE CV,Mexico,20-F,2019-04-25,2018-12-31,2018,0001193125-19-117579,d705069d20f.htm
1076378,CEMEX SAB DE CV,Mexico,20-F,2020-04-29,2019-12-31,2019,0001193125-20-126557,d863784d20f.htm
1076378,CEMEX SAB DE CV,Mexico,20-F,2021-04-23,2020-12-31,2020,0001193125-21-129260,d45023d20f.htm
1076378,CEMEX SAB DE CV,Mexico,20-F,2022-04-29,2021-12-31,2021,0001193125-22-133730,d305933d20f.htm
1076378,CEMEX SAB DE CV,Mexico,20-F,2023-05-01,2022-12-31,2022,0001193125-23-128248,d401501d20f.htm
1076378,CEMEX SAB DE CV,Mexico,20-F,2024-04-29,2023-12-31,2023,0001193125-24-119054,d702816d20f.htm
1076378,CEMEX SAB DE CV,Mexico,20-F,2025-04-28,2024-12-31,2024,0001193125-25-097693,d905381d20f.htm
1076378,CEMEX SAB DE CV,Mexico,20-F,2026-04-24,2025-12-31,2025,0001193125-26-177605,d120395d20f.htm
1094972,ULTRAPAR HOLDINGS INC,Brazil,20-F,2018-04-09,2017-12-31,2017,0001193125-18-110362,d548191d20f.htm
1094972,ULTRAPAR HOLDINGS INC,Brazil,20-F,2019-04-23,2018-12-31,2018,0001193125-19-113656,d661418d20f.htm
1094972,ULTRAPAR HOLDINGS INC,Brazil,20-F,2020-05-04,2019-12-31,2019,0001193125-20-132504,d877759d20f.htm
1094972,ULTRAPAR HOLDINGS INC,Brazil,20-F,2021-04-29,2020-12-31,2020,0001554855-21-000163,MainDocument.htm
1094972,ULTRAPAR HOLDINGS INC,Brazil,20-F,2022-05-10,2021-12-31,2021,0001554855-22-000306,ugp-20211231.htm
1094972,ULTRAPAR HOLDINGS INC,Brazil,20-F,2023-04-26,2022-12-31,2022,0001554855-23-000301,ugp-20221231.htm
1094972,ULTRAPAR HOLDINGS INC,Brazil,20-F,2024-04-23,2023-12-31,2023,0001554855-24-000295,ugp-20231231.htm
1094972,ULTRAPAR HOLDINGS INC,Brazil,20-F,2025-04-23,2024-12-31,2024,0001554855-25-000381,ugp-20241231.htm
1094972,ULTRAPAR HOLDINGS INC,Brazil,20-F,2026-04-29,2025-12-31,2025,0001554855-26-000796,ugp-20251231.htm
1099590,MERCADOLIBRE INC,Argentina,10-K,2018-02-23,2017-12-31,2017,0001562762-18-000040,meli-20171231x10k.htm
1099590,MERCADOLIBRE INC,Argentina,10-K,2019-02-28,2018-12-31,2018,0001562762-19-000047,meli-20181231x10k.htm
1099590,MERCADOLIBRE INC,Argentina,10-K,2020-02-14,2019-12-31,2019,0001562762-20-000055,meli-20191231x10k.htm
1099590,MERCADOLIBRE INC,Argentina,10-K,2021-03-01,2020-12-31,2020,0001562762-21-000079,meli-20201231x10k.htm
1099590,MERCADOLIBRE INC,Argentina,10-K,2022-02-23,2021-12-31,2021,0001562762-22-000049,meli-20211231x10k.htm
1099590,MERCADOLIBRE INC,Argentina,10-K,2023-02-24,2022-12-31,2022,0001099590-23-000007,meli-20221231.htm
1099590,MERCADOLIBRE INC,Argentina,10-K,2024-02-23,2023-12-31,2023,0001099590-24-000008,meli-20231231.htm
1099590,MERCADOLIBRE INC,Argentina,10-K,2025-02-21,2024-12-31,2024,0001099590-25-000007,meli-20241231.htm
1099590,MERCADOLIBRE INC,Argentina,10-K,2026-02-25,2025-12-31,2025,0001099590-26-000006,meli-20251231.htm
1110649,Fibria Celulose S.A.,Brazil,20-F,2018-02-27,2017-12-31,2017,0001104659-18-012854,a18-2311_120f.htm
1114700,GRUPO FINANCIERO GALICIA SA,Argentina,20-F,2018-04-19,2017-12-31,2017,0001193125-18-122635,d553951d20f.htm
1114700,GRUPO FINANCIERO GALICIA SA,Argentina,20-F,2019-05-15,2018-12-31,2018,0001193125-19-146966,d728957d20f.htm
1114700,GRUPO FINANCIERO GALICIA SA,Argentina,20-F,2020-04-29,2019-12-31,2019,0001193125-20-125630,d833131d20f.htm
1114700,GRUPO FINANCIERO GALICIA SA,Argentina,20-F,2021-04-23,2020-12-31,2020,0001193125-21-129010,d58474d20f.htm
1114700,GRUPO FINANCIERO GALICIA SA,Argentina,20-F,2022-04-25,2021-12-31,2021,0001193125-22-116900,d248187d20f.htm
1114700,GRUPO FINANCIERO GALICIA SA,Argentina,20-F,2023-04-24,2022-12-31,2022,0001114700-23-000012,ggal-20221231.htm
1114700,GRUPO FINANCIERO GALICIA SA,Argentina,20-F,2024-04-26,2023-12-31,2023,0001114700-24-000010,ggal-20231231.htm
1114700,GRUPO FINANCIERO GALICIA SA,Argentina,20-F,2025-04-28,2024-12-31,2024,0001114700-25-000049,ggal-20241231.htm
1114700,GRUPO FINANCIERO GALICIA SA,Argentina,20-F,2026-04-16,2025-12-31,2025,0001114700-26-000038,ggal-20251231.htm
1119639,PETROBRAS - PETROLEO BRASILEIRO SA,Brazil,20-F,2023-03-29,2022-12-31,2022,0001292814-23-001253,pbrform20f_2022.htm
1119639,PETROBRAS - PETROLEO BRASILEIRO SA,Brazil,20-F,2024-04-12,2023-12-31,2023,0001292814-24-001340,pbrform20f_2023.htm
1119639,PETROBRAS - PETROLEO BRASILEIRO SA,Brazil,20-F,2025-04-03,2024-12-31,2024,0001292814-25-001352,pbrform20f_2024.htm
1119639,PETROBRAS - PETROLEO BRASILEIRO SA,Brazil,20-F,2026-04-09,2025-12-31,2025,0001292814-26-002168,pbrform20f_2025.htm
1122491,BRF S.A.,Brazil,20-F,2018-04-30,2017-12-31,2017,0001292814-18-001481,brfform_20f.htm
1122491,BRF S.A.,Brazil,20-F,2019-04-30,2018-12-31,2018,0001292814-19-001565,brfform20f_2018.htm
1122491,BRF S.A.,Brazil,20-F,2020-04-24,2019-12-31,2019,0001292814-20-001419,brfform20f_2019.htm
1122491,BRF S.A.,Brazil,20-F,2021-03-26,2020-12-31,2020,0001292814-21-001201,brfform20f_2020.htm
1122491,BRF S.A.,Brazil,20-F,2022-03-25,2021-12-31,2021,0001292814-22-001167,brfform20f_2021.htm
1122491,BRF S.A.,Brazil,20-F,2023-04-28,2022-12-31,2022,0001292814-23-001942,brfform20f_2022.htm
1122491,BRF S.A.,Brazil,20-F,2024-04-19,2023-12-31,2023,0001292814-24-001448,brfform20f_2023.htm
1122491,BRF S.A.,Brazil,20-F,2025-04-30,2024-12-31,2024,0001292814-25-001796,brfform20f_2024.htm
1123452,SOUTHEAST AIRPORT GROUP,Mexico,20-F,2018-04-26,2017-12-31,2017,0001104659-18-026696,a18-9707_120f.htm
1123452,SOUTHEAST AIRPORT GROUP,Mexico,20-F,2019-04-25,2018-12-31,2018,0001104659-19-023740,a19-8495_120f.htm
1123452,SOUTHEAST AIRPORT GROUP,Mexico,20-F,2020-04-09,2019-12-31,2019,0001104659-20-045240,tm209243-1_20f.htm
1123452,SOUTHEAST AIRPORT GROUP,Mexico,20-F,2021-04-12,2020-12-31,2020,0001104659-21-049375,tm2037704d1_20f.htm
1123452,SOUTHEAST AIRPORT GROUP,Mexico,20-F,2022-04-08,2021-12-31,2021,0001104659-22-044335,asurb-20211231x20f.htm
1123452,SOUTHEAST AIRPORT GROUP,Mexico,20-F,2023-04-17,2022-12-31,2022,0001104659-23-046098,asurb-20211231x20f.htm
1123452,SOUTHEAST AIRPORT GROUP,Mexico,20-F,2024-04-15,2023-12-31,2023,0001104659-24-047281,asurb-20231231x20f.htm
1123452,SOUTHEAST AIRPORT GROUP,Mexico,20-F,2025-04-10,2024-12-31,2024,0001410578-25-000689,asurb-20241231x20f.htm
1123452,SOUTHEAST AIRPORT GROUP,Mexico,20-F,2026-04-16,2025-12-31,2025,0001104659-26-044448,asurb-20251231x20f.htm
1128173,IRSA PROPIEDADES COMERCIALES S.A.,Argentina,20-F,2017-10-10,2017-10-10,2017,0001654954-17-009282,ircp20fv41.htm
1128173,IRSA PROPIEDADES COMERCIALES S.A.,Argentina,20-F,2018-10-23,2018-06-30,2018,0001654954-18-011458,ircp20-fv4clean.htm
1128173,IRSA PROPIEDADES COMERCIALES S.A.,Argentina,20-F,2019-10-31,2019-06-30,2019,0001654954-19-012191,a20firsacp.htm
1128173,IRSA PROPIEDADES COMERCIALES S.A.,Argentina,20-F,2020-10-27,2020-06-30,2020,0001654954-20-011444,irsacpfs.htm
1128173,IRSA PROPIEDADES COMERCIALES S.A.,Argentina,20-F,2021-10-20,2021-06-30,2021,0001568276-21-001786,ircp_20f.htm
1129137,AMERICA MOVIL SAB DE CV/,Mexico,20-F,2018-04-26,2017-12-31,2017,0001193125-18-135124,d541387d20f.htm
1129137,AMERICA MOVIL SAB DE CV/,Mexico,20-F,2019-04-12,2018-12-31,2018,0001193125-19-104076,d681742d20f.htm
1129137,AMERICA MOVIL SAB DE CV/,Mexico,20-F,2020-04-30,2019-12-31,2019,0001193125-20-127000,d846131d20f.htm
1129137,AMERICA MOVIL SAB DE CV/,Mexico,20-F,2021-04-29,2020-12-31,2020,0001193125-21-137773,d123012d20f.htm
1129137,AMERICA MOVIL SAB DE CV/,Mexico,20-F,2022-04-29,2021-12-31,2021,0001193125-22-133020,d305081d20f.htm
1129137,AMERICA MOVIL SAB DE CV/,Mexico,20-F,2023-05-01,2022-12-31,2022,0001193125-23-129777,d464232d20f.htm
1129137,AMERICA MOVIL SAB DE CV/,Mexico,20-F,2024-04-30,2023-12-31,2023,0001193125-24-123257,d855868d20f.htm
1129137,AMERICA MOVIL SAB DE CV/,Mexico,20-F,2025-05-14,2024-12-31,2024,0001140361-25-018954,ef20044005_20f.htm
1129137,AMERICA MOVIL SAB DE CV/,Mexico,20-F,2026-04-28,2025-12-31,2025,0001140361-26-017486,ef20060642_20f.htm
1132597,Itau Unibanco Holding S.A.,Brazil,20-F,2020-04-27,2019-12-31,2019,0001193125-20-121170,d874032d20f.htm
1132597,Itau Unibanco Holding S.A.,Brazil,20-F,2021-04-30,2020-12-31,2020,0001193125-21-145469,d120933d20f.htm
1132597,Itau Unibanco Holding S.A.,Brazil,20-F,2022-04-28,2021-12-31,2021,0001193125-22-127927,d311755d20f.htm
1132597,Itau Unibanco Holding S.A.,Brazil,20-F,2023-04-28,2022-12-31,2022,0001292814-23-001950,itubform20f_2022.htm
1132597,Itau Unibanco Holding S.A.,Brazil,20-F,2024-04-29,2023-12-31,2023,0001292814-24-001692,itubform20f_2023.htm
1132597,Itau Unibanco Holding S.A.,Brazil,20-F,2025-04-28,2024-12-31,2024,0001292814-25-001684,itubform20f_2024.htm
1132597,Itau Unibanco Holding S.A.,Brazil,20-F,2026-04-30,2025-12-31,2025,0001132597-26-000132,itub-20251231.htm
1157557,ENERGY CO OF MINAS GERAIS,Brazil,20-F,2018-05-09,2017-12-31,2017,0001193125-18-156222,d534692d20f.htm
1157557,ENERGY CO OF MINAS GERAIS,Brazil,20-F,2019-05-17,2018-12-31,2018,0001193125-19-149650,d732977d20f.htm
1157557,ENERGY CO OF MINAS GERAIS,Brazil,20-F,2020-05-26,2019-12-31,2019,0001292814-20-002008,cigform20f_2019.htm
1157557,ENERGY CO OF MINAS GERAIS,Brazil,20-F,2021-04-30,2020-12-31,2020,0001292814-21-001942,cigform20f_2020.htm
1157557,ENERGY CO OF MINAS GERAIS,Brazil,20-F,2022-05-17,2021-12-31,2021,0001292814-22-002344,cigform20f_2021.htm
1157557,ENERGY CO OF MINAS GERAIS,Brazil,20-F,2023-05-16,2022-12-31,2022,0001292814-23-002326,cigform20f_2022.htm
1157557,ENERGY CO OF MINAS GERAIS,Brazil,20-F,2024-04-30,2023-12-31,2023,0000950170-24-050630,cig-20231231.htm
1157557,ENERGY CO OF MINAS GERAIS,Brazil,20-F,2025-05-01,2024-12-31,2024,0001554855-25-000408,cig-20241231.htm
1157557,ENERGY CO OF MINAS GERAIS,Brazil,20-F,2026-04-17,2025-12-31,2025,0001554855-26-000648,cig-20251231.htm
1160330,BANK BRADESCO,Brazil,20-F,2018-04-30,2017-12-31,2017,0001292814-18-001496,bbdform20f_2017.htm
1160330,BANK BRADESCO,Brazil,20-F,2019-04-30,2018-12-31,2018,0001292814-19-001594,bbdform20f_2018.htm
1160330,BANK BRADESCO,Brazil,20-F,2020-04-30,2019-12-31,2019,0001292814-20-001550,bbdform20f_2019.htm
1160330,BANK BRADESCO,Brazil,20-F,2021-04-30,2020-12-31,2020,0001292814-21-001938,bbdform20f_2020.htm
1160330,BANK BRADESCO,Brazil,20-F,2022-04-29,2021-12-31,2021,0001292814-22-001941,bbdform20f_2021.htm
1160330,BANK BRADESCO,Brazil,20-F,2023-04-28,2022-12-31,2022,0001292814-23-001924,bbdform20f_2022.htm
1160330,BANK BRADESCO,Brazil,20-F,2024-04-29,2023-12-31,2023,0001292814-24-001682,bbdform20f_2023.htm
1160330,BANK BRADESCO,Brazil,20-F,2025-03-31,2024-12-31,2024,0001292814-25-001244,bbdform20f_2024.htm
1160330,BANK BRADESCO,Brazil,20-F,2026-03-25,2025-12-31,2025,0001292814-26-001753,bbdform20f_2025.htm
1160846,OI S.A. - In Judicial Reorganization,Brazil,20-F,2018-05-16,2017-12-31,2017,0001193125-18-165452,d583119d20f.htm
1160846,OI S.A. - In Judicial Reorganization,Brazil,20-F,2019-04-29,2018-12-31,2018,0001193125-19-123081,d710585d20f.htm
1160846,OI S.A. - In Judicial Reorganization,Brazil,20-F,2020-04-30,2019-12-31,2019,0001193125-20-128888,d910928d20f.htm
1160846,OI S.A. - In Judicial Reorganization,Brazil,20-F,2021-05-12,2020-12-31,2020,0001292814-21-002227,oiform20f_2020.htm
1161125,BANK OF CHILE,Chile,20-F,2018-04-27,2017-12-31,2017,0001104659-18-027756,a18-7735_120f.htm
1161125,BANK OF CHILE,Chile,20-F,2019-04-26,2018-12-31,2018,0001104659-19-024105,a19-2896_120f.htm
1161125,BANK OF CHILE,Chile,20-F,2020-04-30,2019-12-31,2019,0001213900-20-010484,f20f2019_bancodechile.htm
1161125,BANK OF CHILE,Chile,20-F,2021-04-30,2020-12-31,2020,0001213900-21-023927,f20f2020_bancodechile.htm
1161125,BANK OF CHILE,Chile,20-F,2022-04-29,2021-12-31,2021,0001213900-22-022791,f20f2021_bancodechile.htm
1161125,BANK OF CHILE,Chile,20-F,2023-04-28,2022-12-31,2022,0001213900-23-033930,f20f2022_bancodechile.htm
1161125,BANK OF CHILE,Chile,20-F,2024-04-26,2023-12-31,2023,0001213900-24-036675,ea0200971-20f_banco.htm
1161125,BANK OF CHILE,Chile,20-F,2025-04-25,2024-12-31,2024,0001213900-25-035593,ea0233759-20f_banco.htm
1161125,BANK OF CHILE,Chile,20-F,2026-04-30,2025-12-31,2025,0001213900-26-050243,ea0283244-20f_bancode.htm
1170858,COMPANHIA DE SANEAMENTO BASICO DO ESTADO DE SAO PAULO-SABESP,Brazil,20-F,2018-04-27,2017-12-31,2017,0001292814-18-001401,sbsform20f_2017.htm
1170858,COMPANHIA DE SANEAMENTO BASICO DO ESTADO DE SAO PAULO-SABESP,Brazil,20-F,2019-04-29,2018-12-31,2018,0001292814-19-001496,sbsform20f_2018.htm
1170858,COMPANHIA DE SANEAMENTO BASICO DO ESTADO DE SAO PAULO-SABESP,Brazil,20-F,2020-04-30,2019-12-31,2019,0001292814-20-001569,sbsform20f_2019.htm
1170858,COMPANHIA DE SANEAMENTO BASICO DO ESTADO DE SAO PAULO-SABESP,Brazil,20-F,2021-04-28,2020-12-31,2020,0001292814-21-001795,sbsform20f_2020.htm
1170858,COMPANHIA DE SANEAMENTO BASICO DO ESTADO DE SAO PAULO-SABESP,Brazil,20-F,2022-04-28,2021-12-31,2021,0001292814-22-001850,sbsform20f_2021.htm
1170858,COMPANHIA DE SANEAMENTO BASICO DO ESTADO DE SAO PAULO-SABESP,Brazil,20-F,2023-04-26,2022-12-31,2022,0001292814-23-001775,sbsform20f_2022.htm
1170858,COMPANHIA DE SANEAMENTO BASICO DO ESTADO DE SAO PAULO-SABESP,Brazil,20-F,2024-05-03,2023-12-31,2023,0001292814-24-001825,sbsform20f_2023.htm
1170858,COMPANHIA DE SANEAMENTO BASICO DO ESTADO DE SAO PAULO-SABESP,Brazil,20-F,2025-04-30,2024-12-31,2024,0001292814-25-001804,sbsform20f_2024.htm
1170858,COMPANHIA DE SANEAMENTO BASICO DO ESTADO DE SAO PAULO-SABESP,Brazil,20-F,2026-04-29,2025-12-31,2025,0001292814-26-002681,sbsform20f_2025.htm
1190723,TENARIS SA,Argentina,20-F,2018-04-30,2017-12-31,2017,0001171843-18-003182,f20f_043018p.htm
1190723,TENARIS SA,Argentina,20-F,2019-04-03,2018-12-31,2018,0001171843-19-002218,f20f_040119.htm
1190723,TENARIS SA,Argentina,20-F,2020-04-30,2019-12-31,2019,0001171843-20-003101,f20f_033120p.htm
1190723,TENARIS SA,Argentina,20-F,2021-03-30,2020-12-31,2020,0001554855-21-000059,MainDocument.htm
1190723,TENARIS SA,Argentina,20-F,2022-03-31,2021-12-31,2021,0001554855-22-000170,ts-20211231.htm
1190723,TENARIS SA,Argentina,20-F,2023-03-31,2022-12-31,2022,0001554855-23-000209,ts-20221231.htm
1190723,TENARIS SA,Argentina,20-F,2024-03-28,2023-12-31,2023,0001554855-24-000207,ts-20231231.htm
1190723,TENARIS SA,Argentina,20-F,2025-04-01,2024-12-31,2024,0001554855-25-000262,ts-20241231.htm
1190723,TENARIS SA,Argentina,20-F,2026-03-31,2025-12-31,2025,0001554855-26-000490,ts-20251231.htm
1273441,GRAN TIERRA ENERGY INC.,Colombia,10-K,2021-02-25,2020-12-31,2020,0001273441-21-000007,gte-20201231.htm
1273441,GRAN TIERRA ENERGY INC.,Colombia,10-K,2022-02-23,2021-12-31,2021,0001273441-22-000007,gte-20211231.htm
1273441,GRAN TIERRA ENERGY INC.,Colombia,10-K,2023-02-22,2022-12-31,2022,0001273441-23-000005,gte-20221231.htm
1273441,GRAN TIERRA ENERGY INC.,Colombia,10-K,2024-02-20,2023-12-31,2023,0001273441-24-000006,gte-20231231.htm
1273441,GRAN TIERRA ENERGY INC.,Colombia,10-K,2025-02-24,2024-12-31,2024,0001273441-25-000002,gte-20241231.htm
1273441,GRAN TIERRA ENERGY INC.,Colombia,10-K,2026-03-04,2025-12-31,2025,0001273441-26-000010,gte-20251231.htm
1276671,BANCO ITAU CHILE,Chile,20-F,2018-04-11,2017-12-31,2017,0001104659-18-023306,a18-9698_120f.htm
1276671,BANCO ITAU CHILE,Chile,20-F,2019-04-29,2018-12-31,2018,0001193125-19-125454,d701799d20f.htm
1276671,BANCO ITAU CHILE,Chile,20-F,2020-04-27,2019-12-31,2019,0001558370-20-004311,itcb-20191231x20f.htm
1276671,BANCO ITAU CHILE,Chile,20-F,2021-04-23,2020-12-31,2020,0001558370-21-004739,itcb-20201231x20f.htm
1276671,BANCO ITAU CHILE,Chile,20-F,2022-04-28,2021-12-31,2021,0001558370-22-006157,itcb-20211231x20f.htm
1276671,BANCO ITAU CHILE,Chile,20-F,2023-04-27,2022-12-31,2022,0001558370-23-007045,itcb-20221231x20f.htm
1291733,Gol Intelligent Airlines Inc.,Brazil,20-F,2018-04-30,2017-12-31,2017,0001292814-18-001508,golform_20f.htm
1291733,Gol Intelligent Airlines Inc.,Brazil,20-F,2019-03-14,2018-12-31,2018,0001292814-19-000702,golform20f_2018.htm
1291733,Gol Intelligent Airlines Inc.,Brazil,20-F,2020-06-29,2019-12-31,2019,0001292814-20-002418,golform20f_2019.htm
1291733,Gol Intelligent Airlines Inc.,Brazil,20-F,2021-03-29,2020-12-31,2020,0001292814-21-001219,golform20f_2020.htm
1291733,Gol Intelligent Airlines Inc.,Brazil,20-F,2022-03-16,2021-12-31,2021,0001292814-22-000973,golform20f_2021.htm
1291733,Gol Intelligent Airlines Inc.,Brazil,20-F,2023-03-22,2022-12-31,2022,0001292814-23-001052,golform20f_2022.htm
1291733,Gol Intelligent Airlines Inc.,Brazil,20-F,2024-05-15,2023-12-31,2023,0001292814-24-002090,golform20f_2023.htm
1300482,CPFL Energy INC,Brazil,20-F,2018-04-24,2017-12-31,2017,0001292814-18-001293,cpflform_20f.htm
1300482,CPFL Energy INC,Brazil,20-F,2019-04-22,2018-12-31,2018,0001292814-19-001404,cplform20f_2018.htm
1300482,CPFL Energy INC,Brazil,20-F,2020-04-24,2019-12-31,2019,0001292814-20-001425,cplform20f_2019.htm
1342874,Ternium S.A.,Mexico,20-F,2018-04-24,2017-12-31,2017,0001342874-18-000009,a2017ternium20-f.htm
1342874,Ternium S.A.,Mexico,20-F,2019-04-16,2018-12-31,2018,0001342874-19-000026,a2018ternium20-f.htm
1342874,Ternium S.A.,Mexico,20-F,2020-04-09,2019-12-31,2019,0001342874-20-000029,a2019ternium20-f.htm
1342874,Ternium S.A.,Mexico,20-F,2021-03-31,2020-12-31,2020,0001342874-21-000031,tx-20201231.htm
1342874,Ternium S.A.,Mexico,20-F,2022-03-30,2021-12-31,2021,0001342874-22-000023,tx-20211231.htm
1342874,Ternium S.A.,Mexico,20-F,2023-03-30,2022-12-31,2022,0001342874-23-000021,tx-20221231.htm
1342874,Ternium S.A.,Mexico,20-F,2024-03-28,2023-12-31,2023,0001342874-24-000018,tx-20231231.htm
1342874,Ternium S.A.,Mexico,20-F,2025-03-28,2024-12-31,2024,0001342874-25-000024,tx-20241231.htm
1342874,Ternium S.A.,Mexico,20-F,2026-03-31,2025-12-31,2025,0001342874-26-000020,tx-20251231.htm
1345105,"Copa Holdings, S.A.",Panama,20-F,2018-04-18,2017-12-31,2017,0001193125-18-121137,d522035d20f.htm
1345105,"Copa Holdings, S.A.",Panama,20-F,2019-04-24,2018-12-31,2018,0001193125-19-117216,d722677d20f.htm
1345105,"Copa Holdings, S.A.",Panama,20-F,2020-04-08,2019-12-31,2019,0001193125-20-101308,d866272d20f.htm
1345105,"Copa Holdings, S.A.",Panama,20-F,2021-04-23,2020-12-31,2020,0001193125-21-128866,d128959d20f.htm
1345105,"Copa Holdings, S.A.",Panama,20-F,2022-04-04,2021-12-31,2021,0001193125-22-094968,d176309d20f.htm
1345105,"Copa Holdings, S.A.",Panama,20-F,2023-03-24,2022-12-31,2022,0001193125-23-079096,d801760d20f.htm
1345105,"Copa Holdings, S.A.",Panama,20-F,2024-04-29,2023-12-31,2023,0001628280-24-018938,cpa-20231231.htm
1345105,"Copa Holdings, S.A.",Panama,20-F,2025-04-29,2024-12-31,2024,0001628280-25-020427,cpa-20241231.htm
1345105,"Copa Holdings, S.A.",Panama,20-F,2026-02-26,2025-12-31,2025,0001345105-26-000019,cpa-20251231.htm
1347557,Pacific Airport Group,Mexico,20-F,2018-04-20,2017-12-31,2017,0001564590-18-008605,pac-20f_20171231.htm
1347557,Pacific Airport Group,Mexico,20-F,2019-04-17,2018-12-31,2018,0001564590-19-011864,pac-20f_20181231.htm
1347557,Pacific Airport Group,Mexico,20-F,2020-05-28,2019-12-31,2019,0001564590-20-027372,pac-20f_20191231.htm
1347557,Pacific Airport Group,Mexico,20-F,2021-04-22,2020-12-31,2020,0001564590-21-020157,pac-20f_20201231.htm
1347557,Pacific Airport Group,Mexico,20-F,2022-04-22,2021-12-31,2021,0001564590-22-015156,pac-20f_20211231.htm
1347557,Pacific Airport Group,Mexico,20-F,2023-04-13,2022-12-31,2022,0000950170-23-012620,pac-20221231.htm
1347557,Pacific Airport Group,Mexico,20-F,2024-04-29,2023-12-31,2023,0000950170-24-050071,pac-20231231.htm
1347557,Pacific Airport Group,Mexico,20-F,2025-04-24,2024-12-31,2024,0000950170-25-057571,pac-20241231.htm
1347557,Pacific Airport Group,Mexico,20-F,2026-04-17,2025-12-31,2025,0001193125-26-161714,pac-20251231.htm
1355444,EMBRAER S.A.,Brazil,20-F,2018-03-23,2017-12-31,2017,0001193125-18-092436,d534706d20f.htm
1355444,EMBRAER S.A.,Brazil,20-F,2019-04-01,2018-12-31,2018,0001193125-19-093273,d706597d20f.htm
1355444,EMBRAER S.A.,Brazil,20-F,2020-06-01,2019-12-31,2019,0001193125-20-157452,d879846d20f.htm
1355444,EMBRAER S.A.,Brazil,20-F,2021-04-09,2020-12-31,2020,0001193125-21-110513,d116496d20f.htm
1355444,EMBRAER S.A.,Brazil,20-F,2022-03-31,2021-12-31,2021,0001193125-22-091513,d82032d20f.htm
1355444,EMBRAER S.A.,Brazil,20-F,2023-03-31,2022-12-31,2022,0001193125-23-085895,d439126d20f.htm
1355444,EMBRAER S.A.,Brazil,20-F,2024-04-05,2023-12-31,2023,0001193125-24-087644,d679073d20f.htm
1355444,EMBRAER S.A.,Brazil,20-F,2025-04-01,2024-12-31,2024,0001193125-25-069283,d914513d20f.htm
1355444,EMBRAER S.A.,Brazil,20-F,2026-03-30,2025-12-31,2025,0001628280-26-021824,erj-20251231.htm
1378239,Central North Airport Group,Mexico,20-F,2018-04-30,2017-12-31,2017,0001558370-18-003456,omab-20171231x20f.htm
1378239,Central North Airport Group,Mexico,20-F,2019-04-30,2018-12-31,2018,0001558370-19-003586,omab-20181231x20f.htm
1378239,Central North Airport Group,Mexico,20-F,2020-04-30,2019-12-31,2019,0001558370-20-004773,omab-20191231x20f.htm
1378239,Central North Airport Group,Mexico,20-F,2021-04-30,2020-12-31,2020,0001558370-21-005352,omab-20201231x20f.htm
1378239,Central North Airport Group,Mexico,20-F,2022-04-29,2021-12-31,2021,0001558370-22-006443,omab-20211231x20f.htm
1378239,Central North Airport Group,Mexico,20-F,2023-04-28,2022-12-31,2022,0001558370-23-007311,omab-20221231x20f.htm
1378239,Central North Airport Group,Mexico,20-F,2024-04-29,2023-12-31,2023,0001558370-24-006069,omab-20231231x20f.htm
1378239,Central North Airport Group,Mexico,20-F,2025-04-29,2024-12-31,2024,0001558370-25-005842,omab-20241231x20f.htm
1378239,Central North Airport Group,Mexico,20-F,2026-04-30,2025-12-31,2025,0001104659-26-051987,omab-20251231x20f.htm
1389207,Gafisa S.A.,Brazil,20-F,2018-04-30,2017-12-31,2017,0000950103-18-005402,dp89950_20f.htm
1389207,Gafisa S.A.,Brazil,20-F,2019-11-12,2018-12-31,2018,0000950103-19-015320,dp115150_20f.htm
1389207,Gafisa S.A.,Brazil,20-F,2020-06-23,2019-12-31,2019,0000950103-20-012143,dp130702_20f.htm
1389207,Gafisa S.A.,Brazil,20-F,2021-05-10,2020-12-31,2020,0000950103-21-006923,dp150684_20f.htm
1389207,Gafisa S.A.,Brazil,20-F,2022-08-01,2021-12-31,2021,0000950103-22-013356,dp172077_20f.htm
1395213,EDENOR,Argentina,20-F,2018-04-27,2017-12-31,2017,0001292814-18-001396,ednaform-20f.htm
1395213,EDENOR,Argentina,20-F,2019-04-30,2018-12-31,2018,0001292814-19-001619,ednform20f_2018.htm
1395213,EDENOR,Argentina,20-F,2020-04-27,2019-12-31,2019,0001292814-20-001461,ednform20f_2019.htm
1395213,EDENOR,Argentina,20-F,2021-04-26,2020-12-31,2020,0001292814-21-001740,ednform20f_2020.htm
1395213,EDENOR,Argentina,20-F,2022-04-05,2021-12-31,2021,0001292814-22-001393,ednform20f_2021.htm
1395213,EDENOR,Argentina,20-F,2023-04-19,2022-12-31,2022,0001292814-23-001639,edndorm20f_2022.htm
1395213,EDENOR,Argentina,20-F,2024-04-24,2023-12-31,2023,0001292814-24-001535,ednform20f_2023.htm
1395213,EDENOR,Argentina,20-F,2025-04-22,2024-12-31,2024,0001292814-25-001581,ednform20f_2024.htm
1395213,EDENOR,Argentina,20-F,2026-04-15,2025-12-31,2025,0001292814-26-002270,ednform20f_2025.htm
1402902,Cosan Ltd.,Brazil,20-F,2018-04-27,2017-12-31,2017,0001193125-18-138511,d489582d20f.htm
1402902,Cosan Ltd.,Brazil,20-F,2019-04-30,2018-12-31,2018,0001193125-19-129575,d655063d20f.htm
1402902,Cosan Ltd.,Brazil,20-F,2020-05-28,2019-12-31,2019,0001193125-20-154411,d880563d20f.htm
1430162,Cosan S.A.,Brazil,20-F,2021-04-30,2020-12-31,2020,0001554855-21-000173,MainDocument.htm
1430162,Cosan S.A.,Brazil,20-F,2022-05-16,2021-12-31,2021,0001554855-22-000330,csan-20211231.htm
1430162,Cosan S.A.,Brazil,20-F,2023-04-24,2022-12-31,2022,0001554855-23-000287,csan-20221231.htm
1430162,Cosan S.A.,Brazil,20-F,2024-11-08,2023-12-31,2023,0001554855-24-000744,csan-20231231.htm
1430162,Cosan S.A.,Brazil,20-F,2025-04-30,2024-12-31,2024,0001554855-25-000406,csan-20241231.htm
1430162,Cosan S.A.,Brazil,20-F,2026-04-10,2025-12-31,2025,0001554855-26-000590,csan-20251231.htm
1432364,AZUL SA,Brazil,20-F,2018-04-27,2017-12-31,2017,0001193125-18-137918,d567425d20f.htm
1432364,AZUL SA,Brazil,20-F,2019-04-30,2018-12-31,2018,0001193125-19-129160,d658299d20f.htm
1432364,AZUL SA,Brazil,20-F,2020-04-30,2019-12-31,2019,0001193125-20-128789,d846546d20f.htm
1432364,AZUL SA,Brazil,20-F,2021-04-30,2020-12-31,2020,0001628280-21-008429,azul-20201231.htm
1432364,AZUL SA,Brazil,20-F,2022-05-02,2021-12-31,2021,0001628280-22-011577,azul-20211231.htm
1432364,AZUL SA,Brazil,20-F,2023-04-20,2022-12-31,2022,0001628280-23-012117,azul-20221231.htm
1432364,AZUL SA,Brazil,20-F,2024-05-16,2023-12-31,2023,0001628280-24-023656,azul-20231231.htm
1432364,AZUL SA,Brazil,20-F,2025-04-29,2024-12-31,2024,0001628280-25-020401,azul-20241231.htm
1432364,AZUL SA,Brazil,20-F,2026-04-03,2025-12-31,2025,0001628280-26-023423,azul-20251231.htm
1439124,AXIA Energia S.A.,Brazil,20-F,2023-04-20,2022-12-31,2022,0001104659-23-047827,ebr-20221231x20f.htm
1439124,AXIA Energia S.A.,Brazil,20-F,2024-04-25,2023-12-31,2023,0001104659-24-052084,ebr-20231231x20f.htm
1439124,AXIA Energia S.A.,Brazil,20-F,2025-04-17,2024-12-31,2024,0001410578-25-000792,ebr-20241231x20f.htm
1439124,AXIA Energia S.A.,Brazil,20-F,2026-04-24,2025-12-31,2025,0001439124-26-000013,ebr-20251231.htm
1444406,ECOPETROL S.A.,Colombia,20-F,2018-04-19,2017-12-31,2017,0001144204-18-021353,tv489450_20f.htm
1444406,ECOPETROL S.A.,Colombia,20-F,2019-04-05,2018-12-31,2018,0001144204-19-018453,tv515871_20f.htm
1444406,ECOPETROL S.A.,Colombia,20-F,2020-04-01,2019-12-31,2019,0001104659-20-041416,tm206789d1_20f.htm
1444406,ECOPETROL S.A.,Colombia,20-F,2021-04-09,2020-12-31,2020,0001104659-21-048256,tm214046d1_20f.htm
1444406,ECOPETROL S.A.,Colombia,20-F,2022-04-26,2021-12-31,2021,0001410578-22-001007,ec-20211231x20f.htm
1444406,ECOPETROL S.A.,Colombia,20-F,2023-03-29,2022-12-31,2022,0001410578-23-000400,ec-20221231x20f.htm
1444406,ECOPETROL S.A.,Colombia,20-F,2024-04-18,2023-12-31,2023,0001410578-24-000515,ec-20231231x20f.htm
1444406,ECOPETROL S.A.,Colombia,20-F,2025-04-23,2024-12-31,2024,0001410578-25-000839,ec-20241231x20f.htm
1444406,ECOPETROL S.A.,Colombia,20-F,2026-04-30,2025-12-31,2025,0001104659-26-053172,ec-20251231x20f.htm
1449877,Petrobras Argentina S.A.,Argentina,20-F,2018-04-30,2017-12-31,2017,0001292814-18-001514,petrobrasargentina20f-2017.htm
1450123,JBS S.A.,Brazil,20-F,2024-03-27,2023-12-31,2023,0001213900-24-026192,ea0201896-20f_jbssa.htm
1450123,JBS S.A.,Brazil,20-F,2025-03-26,2024-12-31,2024,0001013762-25-002376,ea0234555-20f_jbssa.htm
1464591,GeoPark Ltd,Colombia,20-F,2018-04-12,2017-12-31,2017,0001144204-18-020167,tv487929_20f.htm
1464591,GeoPark Ltd,Colombia,20-F,2019-04-11,2018-12-31,2018,0001144204-19-019340,tv515868_20f.htm
1464591,GeoPark Ltd,Colombia,20-F,2020-04-01,2019-12-31,2019,0001558370-20-003471,gprk-20191231x20f.htm
1464591,GeoPark Ltd,Colombia,20-F,2021-03-31,2020-12-31,2020,0001558370-21-003846,gprk-20201231x20f.htm
1464591,GeoPark Ltd,Colombia,20-F,2022-03-31,2021-12-31,2021,0001558370-22-004908,gprk-20211231x20f.htm
1464591,GeoPark Ltd,Colombia,20-F,2023-03-30,2022-12-31,2022,0001558370-23-005101,gprk-20221231x20f.htm
1464591,GeoPark Ltd,Colombia,20-F,2024-03-28,2023-12-31,2023,0001558370-24-004128,gprk-20231231x20f.htm
1464591,GeoPark Ltd,Colombia,20-F,2025-04-02,2024-12-31,2024,0001558370-25-004328,gprk-20241231x20f.htm
1464591,GeoPark Ltd,Colombia,20-F,2026-03-31,2025-12-31,2025,0001104659-26-037819,gprk-20251231x20f.htm
1469395,Pampa Energy Inc.,Argentina,20-F,2018-04-30,2017-12-31,2017,0001292814-18-001513,pamform20f-2017.htm
1469395,Pampa Energy Inc.,Argentina,20-F,2019-04-30,2018-12-31,2018,0001292814-19-001636,pamform20f_2018.htm
1469395,Pampa Energy Inc.,Argentina,20-F,2020-04-30,2019-12-31,2019,0001292814-20-001571,pamform20f_2019.htm
1469395,Pampa Energy Inc.,Argentina,20-F,2021-04-30,2020-12-31,2020,0001292814-21-001956,pamform20f_2020.htm
1469395,Pampa Energy Inc.,Argentina,20-F,2022-04-29,2021-12-31,2021,0001292814-22-001955,pamform20f_2021.htm
1469395,Pampa Energy Inc.,Argentina,20-F,2023-04-28,2022-12-31,2022,0001292814-23-001936,pamform20f_2022.htm
1469395,Pampa Energy Inc.,Argentina,20-F,2024-04-30,2023-12-31,2023,0001292814-24-001730,pamform20f_2023.htm
1469395,Pampa Energy Inc.,Argentina,20-F,2025-04-16,2024-12-31,2024,0001292814-25-001504,pamform20f_2024.htm
1469395,Pampa Energy Inc.,Argentina,20-F,2026-04-09,2025-12-31,2025,0001292814-26-002185,pamform20f_2025.htm
1471055,Banco Santander (Brasil) S.A.,Brazil,20-F,2018-04-09,2017-12-31,2017,0000950103-18-004611,dp88531_20f.htm
1471055,Banco Santander (Brasil) S.A.,Brazil,20-F,2019-03-26,2018-12-31,2018,0000950103-19-003668,dp103900_20f.htm
1471055,Banco Santander (Brasil) S.A.,Brazil,20-F,2020-03-06,2019-12-31,2019,0000950103-20-004861,dp123082_20f.htm
1471055,Banco Santander (Brasil) S.A.,Brazil,20-F,2021-02-26,2020-12-31,2020,0000950103-21-003166,dp146764_20f.htm
1471055,Banco Santander (Brasil) S.A.,Brazil,20-F,2022-02-28,2021-12-31,2021,0001292814-22-000736,bsbrform20f_2021.htm
1471055,Banco Santander (Brasil) S.A.,Brazil,20-F,2023-02-28,2022-12-31,2022,0001292814-23-000614,bsbrform20f_2022.htm
1471055,Banco Santander (Brasil) S.A.,Brazil,20-F,2024-02-26,2023-12-31,2023,0001292814-24-000531,bsbrform20f_2023.htm
1471055,Banco Santander (Brasil) S.A.,Brazil,20-F,2025-02-28,2024-12-31,2024,0001292814-25-000697,bsbrform20f_2024.htm
1471055,Banco Santander (Brasil) S.A.,Brazil,20-F,2026-02-27,2025-12-31,2025,0001292814-26-000592,bsbrform20f_2025.htm
1499505,Adecoagro S.A.,Argentina,20-F,2018-04-27,2017-12-31,2017,0001628280-18-005268,agro1231201720-ffinal.htm
1499505,Adecoagro S.A.,Argentina,20-F,2019-04-29,2018-12-31,2018,0001628280-19-004963,agro1231201820-ffinal.htm
1499505,Adecoagro S.A.,Argentina,20-F,2020-04-28,2019-12-31,2019,0001628280-20-005757,agro1231201920-ffinal.htm
1499505,Adecoagro S.A.,Argentina,20-F,2021-04-29,2020-12-31,2020,0001628280-21-007998,agro-20201231.htm
1499505,Adecoagro S.A.,Argentina,20-F,2022-04-28,2021-12-31,2021,0001628280-22-011147,agro-20211231.htm
1499505,Adecoagro S.A.,Argentina,20-F,2023-04-26,2022-12-31,2022,0001628280-23-013277,agro-20221231.htm
1499505,Adecoagro S.A.,Argentina,20-F,2024-04-26,2023-12-31,2023,0001628280-24-018617,agro-20231231.htm
1499505,Adecoagro S.A.,Argentina,20-F,2025-04-25,2024-12-31,2024,0001499505-25-000006,agro-20241231.htm
1499505,Adecoagro S.A.,Argentina,20-F,2026-04-29,2025-12-31,2025,0001499505-26-000069,agro-20251231.htm
1499849,BrasilAgro - Brazilian Agricultural Real Estate Co,Brazil,20-F,2017-10-26,2017-06-30,2017,0001292814-17-002608,lndform20f_2017.htm
1499849,BrasilAgro - Brazilian Agricultural Real Estate Co,Brazil,20-F,2018-10-30,2018-06-30,2018,0001615774-18-011433,s113519_20f.htm
1499849,BrasilAgro - Brazilian Agricultural Real Estate Co,Brazil,20-F,2019-10-29,2019-06-30,2019,0001615774-19-013572,f20f2019_brasilagro.htm
1499849,BrasilAgro - Brazilian Agricultural Real Estate Co,Brazil,20-F,2020-10-30,2020-06-30,2020,0001213900-20-034148,f20f2020_brasilagro.htm
1499849,BrasilAgro - Brazilian Agricultural Real Estate Co,Brazil,20-F,2021-10-29,2021-06-30,2021,0001213900-21-055410,f20f2021_brasilagro.htm
1499849,BrasilAgro - Brazilian Agricultural Real Estate Co,Brazil,20-F,2022-11-04,2022-06-30,2022,0001213900-22-069303,f20f2022_brasilagro.htm
1499849,BrasilAgro - Brazilian Agricultural Real Estate Co,Brazil,20-F,2023-10-31,2023-06-30,2023,0001213900-23-081851,f20f2023_brasilagro.htm
1499849,BrasilAgro - Brazilian Agricultural Real Estate Co,Brazil,20-F,2024-10-31,2024-06-30,2024,0001213900-24-092692,ea0218881-20f_brasilagro.htm
1499849,BrasilAgro - Brazilian Agricultural Real Estate Co,Brazil,20-F,2025-10-30,2025-06-30,2025,0001213900-25-103992,ea0262205-20f_brasil.htm
1504764,Grupo Aval Acciones Y Valores S.A.,Colombia,20-F,2018-04-27,2017-12-31,2017,0001144204-18-022931,tv489627_20f.htm
1504764,Grupo Aval Acciones Y Valores S.A.,Colombia,20-F,2019-04-26,2018-12-31,2018,0001558370-19-003337,aval-20181231x20f.htm
1504764,Grupo Aval Acciones Y Valores S.A.,Colombia,20-F,2020-04-27,2019-12-31,2019,0001558370-20-004325,aval-20191231x20f.htm
1504764,Grupo Aval Acciones Y Valores S.A.,Colombia,20-F,2021-04-12,2020-12-31,2020,0001558370-21-004137,aval-20201231x20f.htm
1504764,Grupo Aval Acciones Y Valores S.A.,Colombia,20-F,2022-04-21,2021-12-31,2021,0001558370-22-005673,aval-20211231x20f.htm
1504764,Grupo Aval Acciones Y Valores S.A.,Colombia,20-F,2023-04-14,2022-12-31,2022,0001558370-23-005915,aval-20221231x20f.htm
1504764,Grupo Aval Acciones Y Valores S.A.,Colombia,20-F,2024-04-17,2023-12-31,2023,0001558370-24-005220,aval-20231231x20f.htm
1504764,Grupo Aval Acciones Y Valores S.A.,Colombia,20-F,2025-04-28,2024-12-31,2024,0001558370-25-005663,aval-20241231x20f.htm
1504764,Grupo Aval Acciones Y Valores S.A.,Colombia,20-F,2026-04-17,2025-12-31,2025,0001104659-26-044493,aval-20251231x20f.htm
1508478,Arcos Dorados Holdings Inc.,Argentina,20-F,2018-04-27,2017-12-31,2017,0000950103-18-005331,dp89847_20f.htm
1508478,Arcos Dorados Holdings Inc.,Argentina,20-F,2019-04-26,2018-12-31,2018,0000950103-19-005187,dp105200_20f.htm
1508478,Arcos Dorados Holdings Inc.,Argentina,20-F,2020-04-29,2019-12-31,2019,0001628280-20-005849,arcosdoradosholdingsde.htm
1508478,Arcos Dorados Holdings Inc.,Argentina,20-F,2021-04-29,2020-12-31,2020,0001628280-21-008225,arco-20201231.htm
1508478,Arcos Dorados Holdings Inc.,Argentina,20-F,2022-04-29,2021-12-31,2021,0001628280-22-011552,arco-20211231.htm
1508478,Arcos Dorados Holdings Inc.,Argentina,20-F,2023-04-28,2022-12-31,2022,0001628280-23-014221,arco-20221231.htm
1508478,Arcos Dorados Holdings Inc.,Argentina,20-F,2024-04-29,2023-12-31,2023,0001628280-24-019077,arco-20231231.htm
1508478,Arcos Dorados Holdings Inc.,Argentina,20-F,2025-04-29,2024-12-31,2024,0001628280-25-020727,arco-20241231.htm
1508478,Arcos Dorados Holdings Inc.,Argentina,20-F,2026-04-30,2025-12-31,2025,0001628280-26-028950,arco-20251231.htm
1517399,Grupo Supervielle S.A.,Argentina,20-F,2018-04-27,2017-12-31,2017,0001104659-18-027863,a18-12131_120f.htm
1517399,Grupo Supervielle S.A.,Argentina,20-F,2019-05-10,2018-12-31,2018,0001193125-19-144326,d655811d20f.htm
1517399,Grupo Supervielle S.A.,Argentina,20-F,2020-04-30,2019-12-31,2019,0001104659-20-054569,tm2011881-1_20f.htm
1517399,Grupo Supervielle S.A.,Argentina,20-F,2021-04-30,2020-12-31,2020,0001104659-21-059154,tm214268d1_20f.htm
1517399,Grupo Supervielle S.A.,Argentina,20-F,2022-04-29,2021-12-31,2021,0001558370-22-006510,tmb-20211231x20f.htm
1517399,Grupo Supervielle S.A.,Argentina,20-F,2023-04-26,2022-12-31,2022,0001558370-23-006859,tmb-20221231x20f.htm
1517399,Grupo Supervielle S.A.,Argentina,20-F,2024-04-26,2023-12-31,2023,0001558370-24-005935,supv-20231231x20f.htm
1517399,Grupo Supervielle S.A.,Argentina,20-F,2025-04-21,2024-12-31,2024,0001517399-25-000017,supv-20241231x20f.htm
1517399,Grupo Supervielle S.A.,Argentina,20-F,2026-04-08,2025-12-31,2025,0001104659-26-040713,supv-20251231x20f.htm
1520504,"Controladora Vuela Compania de Aviacion, S.A.B. de C.V.",Mexico,20-F,2018-04-26,2017-12-31,2017,0001104659-18-026761,a18-7996_120f.htm
1520504,"Controladora Vuela Compania de Aviacion, S.A.B. de C.V.",Mexico,20-F,2019-04-26,2018-12-31,2018,0001104659-19-023832,a19-2927_120f.htm
1520504,"Controladora Vuela Compania de Aviacion, S.A.B. de C.V.",Mexico,20-F,2020-04-28,2019-12-31,2019,0001104659-20-051844,tm2011259-1_20f.htm
1520504,"Controladora Vuela Compania de Aviacion, S.A.B. de C.V.",Mexico,20-F,2021-04-30,2020-12-31,2020,0001104659-21-058061,tm2039362d1_20f.htm
1520504,"Controladora Vuela Compania de Aviacion, S.A.B. de C.V.",Mexico,20-F,2022-04-27,2021-12-31,2021,0001104659-22-050520,vlrs-20211231x20f.htm
1520504,"Controladora Vuela Compania de Aviacion, S.A.B. de C.V.",Mexico,20-F,2023-05-01,2022-12-31,2022,0001104659-23-053342,vlrs-20221231x20f.htm
1520504,"Controladora Vuela Compania de Aviacion, S.A.B. de C.V.",Mexico,20-F,2024-04-29,2023-12-31,2023,0001104659-24-054211,vlrs-20231231x20f.htm
1520504,"Controladora Vuela Compania de Aviacion, S.A.B. de C.V.",Mexico,20-F,2025-04-30,2024-12-31,2024,0001292814-25-001765,vlrsform20f_2024.htm
1520504,"Controladora Vuela Compania de Aviacion, S.A.B. de C.V.",Mexico,20-F,2026-04-28,2025-12-31,2025,0001292814-26-002559,vlrsform20f_2025.htm
1534675,Tecnoglass Inc.,Colombia,10-K,2018-03-14,2017-12-31,2017,0001493152-18-003346,form10-k.htm
1534675,Tecnoglass Inc.,Colombia,10-K,2019-03-08,2018-12-31,2018,0001493152-19-003046,form10-k.htm
1534675,Tecnoglass Inc.,Colombia,10-K,2020-03-06,2019-12-31,2019,0001493152-20-003520,form10-k.htm
1534675,Tecnoglass Inc.,Colombia,10-K,2021-03-08,2020-12-31,2020,0001493152-21-005578,form10-k.htm
1534675,Tecnoglass Inc.,Colombia,10-K,2022-03-16,2021-12-31,2021,0001493152-22-006996,form10-k.htm
1534675,Tecnoglass Inc.,Colombia,10-K,2023-03-07,2022-12-31,2022,0001493152-23-006931,form10-k.htm
1534675,Tecnoglass Inc.,Colombia,10-K,2024-02-29,2023-12-31,2023,0001493152-24-008362,form10-k.htm
1534675,Tecnoglass Inc.,Colombia,10-K,2025-02-28,2024-12-31,2024,0001493152-25-008697,form10-k.htm
1534675,Tecnoglass Inc.,Colombia,10-K,2026-03-02,2025-12-31,2025,0001493152-26-008465,form10-k.htm
1540684,Atlas Lithium Corp,Brazil,10-K,2018-04-17,2017-12-31,2017,0001079974-18-000213,bmix10k_12312017.htm
1540684,Atlas Lithium Corp,Brazil,10-K,2019-04-15,2018-12-31,2018,0001079974-19-000195,bmix10k_12312018.htm
1540684,Atlas Lithium Corp,Brazil,10-K,2020-04-14,2019-12-31,2019,0001079974-20-000156,bmix10k_12312019.htm
1540684,Atlas Lithium Corp,Brazil,10-K,2021-03-31,2020-12-31,2020,0001520138-21-000181,bmix-20201231_10k.htm
1540684,Atlas Lithium Corp,Brazil,10-K,2022-03-25,2021-12-31,2021,0001493152-22-007760,form10-k.htm
1540684,Atlas Lithium Corp,Brazil,10-K,2023-03-30,2022-12-31,2022,0001493152-23-009846,form10-k.htm
1540684,Atlas Lithium Corp,Brazil,10-K,2024-03-27,2023-12-31,2023,0001493152-24-011539,form10-k.htm
1540684,Atlas Lithium Corp,Brazil,10-K,2025-03-14,2024-12-31,2024,0001493152-25-010384,form10-k.htm
1540684,Atlas Lithium Corp,Brazil,10-K,2026-03-04,2025-12-31,2025,0001493152-26-008854,form10-k.htm
1557860,Globant S.A.,Argentina,20-F,2018-04-13,2017-12-31,2017,0001144204-18-020505,tv490757_20f.htm
1557860,Globant S.A.,Argentina,20-F,2019-03-29,2018-12-31,2018,0001144204-19-016991,tv516975_20f.htm
1557860,Globant S.A.,Argentina,20-F,2020-02-28,2019-12-31,2019,0001104659-20-027221,tm209501-1_20f.htm
1557860,Globant S.A.,Argentina,20-F,2021-02-26,2020-12-31,2020,0001104659-21-029294,glob-20201231.htm
1557860,Globant S.A.,Argentina,20-F,2022-02-28,2021-12-31,2021,0001628280-22-004280,glob-20211231.htm
1557860,Globant S.A.,Argentina,20-F,2023-02-28,2022-12-31,2022,0001628280-23-005607,glob-20221231.htm
1557860,Globant S.A.,Argentina,20-F,2024-02-29,2023-12-31,2023,0001628280-24-008037,glob-20231231.htm
1557860,Globant S.A.,Argentina,20-F,2025-02-28,2024-12-31,2024,0001628280-25-009110,glob-20241231.htm
1557860,Globant S.A.,Argentina,20-F,2026-02-27,2025-12-31,2025,0001628280-26-012910,glob-20251231.htm
1562767,Netshoes (Cayman) Ltd.,Brazil,20-F,2018-03-29,2017-12-31,2017,0001193125-18-100098,d534694d20f.htm
1562767,Netshoes (Cayman) Ltd.,Brazil,20-F,2019-04-30,2018-12-31,2018,0001292814-19-001626,netsform20f_2018.htm
1565025,AMBEV S.A.,Brazil,20-F,2018-03-19,2017-12-31,2017,0001292814-18-000752,ambevsaform_20f.htm
1565025,AMBEV S.A.,Brazil,20-F,2019-03-22,2018-12-31,2018,0001292814-19-000845,ambevsaform20f_2018.htm
1565025,AMBEV S.A.,Brazil,20-F,2020-03-24,2019-12-31,2019,0001292814-20-000888,ambevsaform20f_2019.htm
1565025,AMBEV S.A.,Brazil,20-F,2021-03-22,2020-12-31,2020,0001292814-21-001039,ambevsaform20f_2020.htm
1565025,AMBEV S.A.,Brazil,20-F,2022-03-18,2021-12-31,2021,0001171843-22-001985,abev20211231_20f.htm
1565025,AMBEV S.A.,Brazil,20-F,2023-03-17,2022-12-31,2022,0001292814-23-000992,abevform20f_2022.htm
1565025,AMBEV S.A.,Brazil,20-F,2024-03-11,2023-12-31,2023,0001292814-24-000771,abevform20f_2023.htm
1565025,AMBEV S.A.,Brazil,20-F,2025-03-12,2024-12-31,2024,0001292814-25-000831,abevform20f_2024.htm
1565025,AMBEV S.A.,Brazil,20-F,2026-03-03,2025-12-31,2025,0001292814-26-000640,abevform20f_2025.htm
1572621,AENZA S.A.A.,Peru,20-F,2018-07-02,2017-12-31,2017,0001193125-18-211621,d709209d20f.htm
1572621,AENZA S.A.A.,Peru,20-F,2019-05-01,2018-12-31,2018,0001193125-19-130450,d655899d20f.htm
1572621,AENZA S.A.A.,Peru,20-F,2020-06-15,2019-12-31,2019,0001193125-20-168063,d862224d20f.htm
1572621,AENZA S.A.A.,Peru,20-F,2021-05-17,2020-12-31,2020,0001193125-21-162643,d106587d20f.htm
1572621,AENZA S.A.A.,Peru,20-F,2022-05-16,2021-12-31,2021,0001213900-22-027149,f20f2021_aenzasaa.htm
1572621,AENZA S.A.A.,Peru,20-F,2023-05-16,2022-12-31,2022,0001213900-23-040113,f20f2022_aenzasaa.htm
1572621,AENZA S.A.A.,Peru,20-F,2024-05-13,2023-12-31,2023,0001213900-24-042432,ea0202013-20f_aenzasaa.htm
1575969,Avianca Holdings S.A.,Colombia,20-F,2018-05-01,2017-12-31,2017,0001193125-18-145256,d564348d20f.htm
1575969,Avianca Holdings S.A.,Colombia,20-F,2019-04-29,2018-12-31,2018,0001193125-19-123060,d655738d20f.htm
1575969,Avianca Holdings S.A.,Colombia,20-F,2020-06-11,2019-12-31,2019,0001193125-20-165956,d878127d20f.htm
1575969,Avianca Holdings S.A.,Colombia,20-F,2021-05-03,2020-12-31,2020,0001193125-21-146226,d95350d20f.htm
1615903,Intercorp Financial Services Inc.,Peru,20-F,2020-04-22,2019-12-31,2019,0001193125-20-115077,d629116d20f.htm
1615903,Intercorp Financial Services Inc.,Peru,20-F,2021-04-26,2020-12-31,2020,0001193125-21-131800,d88490d20f.htm
1615903,Intercorp Financial Services Inc.,Peru,20-F,2022-04-25,2021-12-31,2021,0001193125-22-117525,d412754d20f.htm
1615903,Intercorp Financial Services Inc.,Peru,20-F,2023-04-25,2022-12-31,2022,0001193125-23-113536,d479784d20f.htm
1615903,Intercorp Financial Services Inc.,Peru,20-F,2024-04-26,2023-12-31,2023,0001193125-24-117750,d775178d20f.htm
1615903,Intercorp Financial Services Inc.,Peru,20-F,2025-04-25,2024-12-31,2024,0000950170-25-058715,ifs-20241231.htm
1615903,Intercorp Financial Services Inc.,Peru,20-F,2026-04-24,2025-12-31,2025,0001193125-26-177617,ifs-20251231.htm
1659939,Enel Chile S.A.,Chile,20-F,2018-04-27,2017-12-31,2017,0001564590-18-009415,enic-20f_20171231.htm
1659939,Enel Chile S.A.,Chile,20-F,2019-04-30,2018-12-31,2018,0001104659-19-025167,a19-8583_120f.htm
1659939,Enel Chile S.A.,Chile,20-F,2020-04-29,2019-12-31,2019,0001558370-20-004669,enic-20191231x20f.htm
1659939,Enel Chile S.A.,Chile,20-F,2021-04-29,2020-12-31,2020,0001558370-21-005231,enic-20201231x20f.htm
1659939,Enel Chile S.A.,Chile,20-F,2022-04-28,2021-12-31,2021,0001558370-22-006151,enic-20211231x20f.htm
1659939,Enel Chile S.A.,Chile,20-F,2023-04-26,2022-12-31,2022,0001558370-23-006813,enic-20221231x20f.htm
1659939,Enel Chile S.A.,Chile,20-F,2024-04-30,2023-12-31,2023,0001558370-24-006219,enic-20231231x20f.htm
1659939,Enel Chile S.A.,Chile,20-F,2025-04-29,2024-12-31,2024,0001558370-25-005756,enic-20241231x20f.htm
1659939,Enel Chile S.A.,Chile,20-F,2026-04-28,2025-12-31,2025,0001104659-26-050251,enic-20251231x20f.htm
1691493,Nu Holdings Ltd.,Brazil,20-F,2022-04-21,2021-12-31,2021,0001292814-22-001705,nuform20f_2021.htm
1691493,Nu Holdings Ltd.,Brazil,20-F,2023-04-20,2022-12-31,2022,0001292814-23-001671,nuform20f_2022.htm
1691493,Nu Holdings Ltd.,Brazil,20-F,2024-04-19,2023-12-31,2023,0001292814-24-001464,nuform20f_2023.htm
1691493,Nu Holdings Ltd.,Brazil,20-F,2025-04-16,2024-12-31,2024,0001292814-25-001517,nuform20f_2024.htm
1691493,Nu Holdings Ltd.,Brazil,20-F,2026-04-08,2025-12-31,2025,0001292814-26-002166,nuform20f_2025.htm
1698287,"Banco Santander Mexico S.A., Institucion de Banca Multiple, Grupo Financiero Santander Mexico",Mexico,20-F,2018-03-28,2017-12-31,2017,0001047469-18-002211,a2235055z20-f.htm
1698287,"Banco Santander Mexico S.A., Institucion de Banca Multiple, Grupo Financiero Santander Mexico",Mexico,20-F,2019-04-30,2018-12-31,2018,0001558370-19-003523,bsmx-20181231x20f.htm
1698287,"Banco Santander Mexico S.A., Institucion de Banca Multiple, Grupo Financiero Santander Mexico",Mexico,20-F,2020-03-23,2019-12-31,2019,0001558370-20-003016,bsmx-20191231x20f.htm
1698287,"Banco Santander Mexico S.A., Institucion de Banca Multiple, Grupo Financiero Santander Mexico",Mexico,20-F,2021-03-05,2020-12-31,2020,0001558370-21-002398,bsmx-20201231x20f.htm
1698287,"Banco Santander Mexico S.A., Institucion de Banca Multiple, Grupo Financiero Santander Mexico",Mexico,20-F,2022-03-03,2021-12-31,2021,0001558370-22-002789,bsmx-20211231x20f.htm
1698287,"Banco Santander Mexico S.A., Institucion de Banca Multiple, Grupo Financiero Santander Mexico",Mexico,20-F,2023-02-28,2022-12-31,2022,0001558370-23-002342,bsmx-20221231x20f.htm
1703141,"Despegar.com, Corp.",Argentina,20-F,2018-04-24,2017-12-31,2017,0001193125-18-128984,d534838d20f.htm
1703141,"Despegar.com, Corp.",Argentina,20-F,2019-04-26,2018-12-31,2018,0001193125-19-122677,d710852d20f.htm
1703141,"Despegar.com, Corp.",Argentina,20-F,2020-04-10,2019-12-31,2019,0001193125-20-103936,d908027d20f.htm
1703141,"Despegar.com, Corp.",Argentina,20-F,2021-04-30,2020-12-31,2020,0001193125-21-145077,d117016d20f.htm
1703141,"Despegar.com, Corp.",Argentina,20-F,2022-04-29,2021-12-31,2021,0001193125-22-129989,d281651d20f.htm
1703141,"Despegar.com, Corp.",Argentina,20-F,2023-04-27,2022-12-31,2022,0001628280-23-013635,desp-20221231.htm
1703141,"Despegar.com, Corp.",Argentina,20-F,2024-04-26,2023-12-31,2023,0001628280-24-018687,desp-20231231.htm
1703141,"Despegar.com, Corp.",Argentina,20-F,2025-04-30,2024-12-31,2024,0001628280-25-020808,desp-20241231.htm
1711375,Loma Negra Compania Industrial Argentina Sociedad Anonima,Argentina,20-F,2018-04-27,2017-12-31,2017,0001193125-18-139208,d537923d20f.htm
1711375,Loma Negra Compania Industrial Argentina Sociedad Anonima,Argentina,20-F,2019-04-30,2018-12-31,2018,0001193125-19-129126,d704227d20f.htm
1711375,Loma Negra Compania Industrial Argentina Sociedad Anonima,Argentina,20-F,2020-04-30,2019-12-31,2019,0001193125-20-128113,d871185d20f.htm
1711375,Loma Negra Compania Industrial Argentina Sociedad Anonima,Argentina,20-F,2021-04-30,2020-12-31,2020,0001193125-21-143966,d126100d20f.htm
1711375,Loma Negra Compania Industrial Argentina Sociedad Anonima,Argentina,20-F,2022-04-29,2021-12-31,2021,0001193125-22-133658,d295913d20f.htm
1711375,Loma Negra Compania Industrial Argentina Sociedad Anonima,Argentina,20-F,2023-04-27,2022-12-31,2022,0001711375-23-000005,loma-20221231.htm
1711375,Loma Negra Compania Industrial Argentina Sociedad Anonima,Argentina,20-F,2024-04-29,2023-12-31,2023,0001711375-24-000031,loma-20231231.htm
1711375,Loma Negra Compania Industrial Argentina Sociedad Anonima,Argentina,20-F,2025-04-29,2024-12-31,2024,0001711375-25-000032,loma-20241231.htm
1711375,Loma Negra Compania Industrial Argentina Sociedad Anonima,Argentina,20-F,2026-04-28,2025-12-31,2025,0001711375-26-000030,loma-20251231.htm
1712807,PagSeguro Digital Ltd.,Brazil,20-F,2018-04-06,2017-12-31,2017,0001193125-18-110001,d450340d20f.htm
1712807,PagSeguro Digital Ltd.,Brazil,20-F,2019-04-16,2018-12-31,2018,0001193125-19-106992,d715041d20f.htm
1712807,PagSeguro Digital Ltd.,Brazil,20-F,2020-04-22,2019-12-31,2019,0001193125-20-115076,d853065d20f.htm
1712807,PagSeguro Digital Ltd.,Brazil,20-F,2021-04-27,2020-12-31,2020,0001628280-21-007622,pagseguro20f-20201231.htm
1712807,PagSeguro Digital Ltd.,Brazil,20-F,2022-05-02,2021-12-31,2021,0001628280-22-011586,pagseguro20f-20211231.htm
1712807,PagSeguro Digital Ltd.,Brazil,20-F,2023-04-28,2022-12-31,2022,0001628280-23-014131,pags-20221231.htm
1712807,PagSeguro Digital Ltd.,Brazil,20-F,2024-04-29,2023-12-31,2023,0001628280-24-018744,pags-20231231.htm
1712807,PagSeguro Digital Ltd.,Brazil,20-F,2025-04-29,2024-12-31,2024,0001628280-25-020406,pags-20241231.htm
1712807,PagSeguro Digital Ltd.,Brazil,20-F,2026-04-29,2025-12-31,2025,0001554855-26-000826,pags-20251231.htm
1713930,Nexa Resources S.A.,Peru,20-F,2018-04-30,2017-12-31,2017,0001104659-18-028667,a18-9928_120f.htm
1713930,Nexa Resources S.A.,Peru,20-F,2019-04-03,2018-12-31,2018,0001104659-19-019711,a19-6890_120f.htm
1713930,Nexa Resources S.A.,Peru,20-F,2020-03-20,2019-12-31,2019,0001104659-20-036842,tm203441d1_20f.htm
1713930,Nexa Resources S.A.,Peru,20-F,2021-03-23,2020-12-31,2020,0001104659-21-039820,tm214609d1_20f.htm
1713930,Nexa Resources S.A.,Peru,20-F,2022-03-17,2021-12-31,2021,0001292814-22-001004,nexaform20f_2021.htm
1713930,Nexa Resources S.A.,Peru,20-F,2023-03-20,2022-12-31,2022,0001292814-23-001018,nexaform20f_2022.htm
1713930,Nexa Resources S.A.,Peru,20-F,2024-03-27,2023-12-31,2023,0001292814-24-001026,nexaform20f_2023.htm
1713930,Nexa Resources S.A.,Peru,20-F,2025-03-27,2024-12-31,2024,0001292814-25-001097,nexaform20f_2024.htm
1713930,Nexa Resources S.A.,Peru,20-F,2026-03-26,2025-12-31,2025,0001292814-26-001787,nexaform20f_2025.htm
1716586,"ESTRE AMBIENTAL, INC.",Brazil,20-F,2018-06-20,2017-12-31,2017,0001140361-18-029225,form20f.htm
1716586,"ESTRE AMBIENTAL, INC.",Brazil,20-F,2019-05-15,2018-12-31,2018,0001193125-19-148068,d719732d20f.htm
1717161,CENTRAL PUERTO S.A.,Argentina,20-F,2018-04-27,2017-12-31,2017,0001654954-18-004419,cepu_20f.htm
1717161,CENTRAL PUERTO S.A.,Argentina,20-F,2019-04-30,2018-12-31,2018,0001654954-19-004986,cepu_20f.htm
1717161,CENTRAL PUERTO S.A.,Argentina,20-F,2020-04-28,2019-12-31,2019,0001654954-20-004492,cepu_20f.htm
1717161,CENTRAL PUERTO S.A.,Argentina,20-F,2021-04-26,2020-12-31,2020,0001654954-21-004609,cepu_20f.htm
1717161,CENTRAL PUERTO S.A.,Argentina,20-F,2022-04-28,2021-12-31,2021,0001654954-22-005521,cepu_20f.htm
1717161,CENTRAL PUERTO S.A.,Argentina,20-F,2023-04-26,2022-12-31,2022,0001654954-23-005229,cepu_20f.htm
1717161,CENTRAL PUERTO S.A.,Argentina,20-F,2024-04-29,2023-12-31,2023,0001654954-24-005154,cepu_20f.htm
1717161,CENTRAL PUERTO S.A.,Argentina,20-F,2025-04-25,2024-12-31,2024,0001292814-25-001645,cepuform20f_2024.htm
1717161,CENTRAL PUERTO S.A.,Argentina,20-F,2026-04-22,2025-12-31,2025,0001292814-26-002446,cepuform20f_2025.htm
1717393,CORPORACION AMERICA AIRPORTS S.A.,Argentina,20-F,2018-04-27,2017-12-31,2017,0001144204-18-023178,tv491045_20f.htm
1717393,CORPORACION AMERICA AIRPORTS S.A.,Argentina,20-F,2019-04-24,2018-12-31,2018,0001144204-19-020967,tv517979_20f.htm
1717393,CORPORACION AMERICA AIRPORTS S.A.,Argentina,20-F,2020-04-08,2019-12-31,2019,0001104659-20-044659,tm206795d1_20f.htm
1717393,CORPORACION AMERICA AIRPORTS S.A.,Argentina,20-F,2021-04-09,2020-12-31,2020,0001104659-21-048754,tm214044d1_20f.htm
1717393,CORPORACION AMERICA AIRPORTS S.A.,Argentina,20-F,2022-04-06,2021-12-31,2021,0001410578-22-000831,caap-20211231x20f.htm
1717393,CORPORACION AMERICA AIRPORTS S.A.,Argentina,20-F,2023-03-31,2022-12-31,2022,0001410578-23-000591,caap-20221231x20f.htm
1717393,CORPORACION AMERICA AIRPORTS S.A.,Argentina,20-F,2024-03-28,2023-12-31,2023,0001410578-24-000331,caap-20231231x20f.htm
1717393,CORPORACION AMERICA AIRPORTS S.A.,Argentina,20-F,2025-03-27,2024-12-31,2024,0001410578-25-000513,caap-20241231x20f.htm
1717393,CORPORACION AMERICA AIRPORTS S.A.,Argentina,20-F,2026-03-17,2025-12-31,2025,0001104659-26-029442,caap-20251231x20f.htm
1740594,Arco Platform Ltd.,Brazil,20-F,2019-04-17,2018-12-31,2018,0000950103-19-004880,dp104896_20f.htm
1740594,Arco Platform Ltd.,Brazil,20-F,2020-03-31,2019-12-31,2019,0001104659-20-041137,tm207560d1_20f.htm
1740594,Arco Platform Ltd.,Brazil,20-F,2021-04-01,2020-12-31,2020,0001104659-21-045018,tm212080d1_20f.htm
1740594,Arco Platform Ltd.,Brazil,20-F,2022-03-31,2021-12-31,2021,0001104659-22-041061,arce-20211231x20f.htm
1740594,Arco Platform Ltd.,Brazil,20-F,2023-03-31,2022-12-31,2022,0001104659-23-039315,arce-20221231x20f.htm
1745431,StoneCo Ltd.,Brazil,20-F,2019-04-29,2018-12-31,2018,0000950103-19-005360,dp105381_20f.htm
1745431,StoneCo Ltd.,Brazil,20-F,2020-04-29,2019-12-31,2019,0000950103-20-008435,dp126347_20f.htm
1745431,StoneCo Ltd.,Brazil,20-F,2021-04-07,2020-12-31,2020,0001628280-21-006647,stne-20201231.htm
1745431,StoneCo Ltd.,Brazil,20-F,2022-04-29,2021-12-31,2021,0001628280-22-011534,stne-20211231.htm
1745431,StoneCo Ltd.,Brazil,20-F,2023-05-01,2022-12-31,2022,0001628280-23-014323,stne-20221231.htm
1745431,StoneCo Ltd.,Brazil,20-F,2024-04-24,2023-12-31,2023,0001628280-24-017682,stne-20231231.htm
1745431,StoneCo Ltd.,Brazil,20-F,2025-04-24,2024-12-31,2024,0001628280-25-019653,stne-20241231.htm
1745431,StoneCo Ltd.,Brazil,20-F,2026-04-23,2025-12-31,2025,0002070979-26-000170,stne-20251231.htm
1762506,"Vista Energy, S.A.B. de C.V.",Mexico,20-F,2020-04-30,2019-12-31,2019,0001193125-20-127083,d855841d20f.htm
1762506,"Vista Energy, S.A.B. de C.V.",Mexico,20-F,2021-04-28,2020-12-31,2020,0001193125-21-135312,d71656d20f.htm
1762506,"Vista Energy, S.A.B. de C.V.",Mexico,20-F,2022-04-26,2021-12-31,2021,0001193125-22-120379,d320893d20f.htm
1762506,"Vista Energy, S.A.B. de C.V.",Mexico,20-F,2023-04-24,2022-12-31,2022,0001193125-23-112976,d456759d20f.htm
1762506,"Vista Energy, S.A.B. de C.V.",Mexico,20-F,2024-04-23,2023-12-31,2023,0001193125-24-107031,d800792d20f.htm
1762506,"Vista Energy, S.A.B. de C.V.",Mexico,20-F,2025-04-09,2024-12-31,2024,0001193125-25-076856,d899226d20f.htm
1762506,"Vista Energy, S.A.B. de C.V.",Mexico,20-F,2026-04-28,2025-12-31,2025,0001193125-26-187099,d936340d20f.htm
1769484,Bioceres Crop Solutions Corp.,Argentina,20-F,2019-10-24,2019-06-30,2019,0001104659-19-056111,a19-18578_120f.htm
1769484,Bioceres Crop Solutions Corp.,Argentina,20-F,2020-10-21,2020-06-30,2020,0001104659-20-116812,tm2029786-1_20f.htm
1769484,Bioceres Crop Solutions Corp.,Argentina,20-F,2021-10-29,2021-06-30,2021,0001104659-21-131663,biox-20210630x20f.htm
1769484,Bioceres Crop Solutions Corp.,Argentina,20-F,2022-10-28,2022-06-30,2022,0001104659-22-112548,biox-20220630x20f.htm
1769484,Bioceres Crop Solutions Corp.,Argentina,20-F,2023-11-14,2023-06-30,2023,0001104659-23-117743,biox-20230630x20f.htm
1769484,Bioceres Crop Solutions Corp.,Argentina,20-F,2024-10-30,2024-06-30,2024,0001104659-24-112589,biox-20230630x20f.htm
1769484,Bioceres Crop Solutions Corp.,Argentina,20-F,2025-11-10,2025-06-30,2025,0001104659-25-108999,biox-20250630x20f.htm
1771007,Afya Ltd,Brazil,20-F,2020-04-20,2019-12-31,2019,0001292814-20-001352,afyaform20f_2019.htm
1771007,Afya Ltd,Brazil,20-F,2021-04-30,2020-12-31,2020,0001292814-21-001953,afyaform20f_2020.htm
1771007,Afya Ltd,Brazil,20-F,2022-04-29,2021-12-31,2021,0001292814-22-001951,afyaform20f_2021.htm
1771007,Afya Ltd,Brazil,20-F,2023-04-28,2022-12-31,2022,0001292814-23-001938,afyaform20f_2022.htm
1771007,Afya Ltd,Brazil,20-F,2024-04-26,2023-12-31,2023,0001292814-24-001607,afyaform20f_2023.htm
1771007,Afya Ltd,Brazil,20-F,2025-04-29,2024-12-31,2024,0001292814-25-001707,afyaform20f_2024.htm
1771007,Afya Ltd,Brazil,20-F,2026-03-31,2025-12-31,2025,0001292814-26-002013,afyaform20f_2025.htm
1776967,Natura &Co Holding S.A.,Brazil,20-F,2020-05-06,2019-12-31,2019,0000950103-20-009157,dp125816_20f.htm
1776967,Natura &Co Holding S.A.,Brazil,20-F,2021-04-19,2020-12-31,2020,0000950103-21-005720,dp149451_20f.htm
1776967,Natura &Co Holding S.A.,Brazil,20-F,2022-04-11,2021-12-31,2021,0001554855-22-000205,ntco-20211231.htm
1776967,Natura &Co Holding S.A.,Brazil,20-F,2023-05-01,2022-12-31,2022,0001554855-23-000326,ntco-20221231.htm
1776967,Natura &Co Holding S.A.,Brazil,20-F,2024-05-14,2023-12-31,2023,0001554855-24-000366,ntco-20231231.htm
1787425,XP Inc.,Brazil,20-F,2020-04-29,2019-12-31,2019,0000950103-20-008430,dp126764_20f.htm
1787425,XP Inc.,Brazil,20-F,2021-04-29,2020-12-31,2020,0001628280-21-008199,xp-20201231.htm
1787425,XP Inc.,Brazil,20-F,2022-04-13,2021-12-31,2021,0001628280-22-009080,xp-20211231.htm
1787425,XP Inc.,Brazil,20-F,2023-04-27,2022-12-31,2022,0001628280-23-013297,xp-20221231.htm
1787425,XP Inc.,Brazil,20-F,2024-04-26,2023-12-31,2023,0001628280-24-018424,xp-20231231.htm
1787425,XP Inc.,Brazil,20-F,2025-04-24,2024-12-31,2024,0001628280-25-019508,xp-20241231.htm
1787425,XP Inc.,Brazil,20-F,2026-04-29,2025-12-31,2025,0002070979-26-000182,xp-20251231.htm
1788257,"BETTERWARE DE MEXICO, S.A.P.I. DE C.V",Mexico,20-F,2020-05-04,2019-12-31,2019,0001213900-20-010896,f20f2019_betterware.htm
1788257,"BETTERWARE DE MEXICO, S.A.P.I. DE C.V",Mexico,20-F,2022-04-29,2021-12-31,2021,0001558370-22-006349,bwmx-20211231x20f.htm
1788257,"BETTERWARE DE MEXICO, S.A.P.I. DE C.V",Mexico,20-F,2023-05-15,2022-12-31,2022,0001213900-23-040005,f20f2022_betterware.htm
1788257,"BETTERWARE DE MEXICO, S.A.P.I. DE C.V",Mexico,20-F,2024-04-30,2023-12-31,2023,0001213900-24-037698,ea0204415-20f_better.htm
1788257,"BETTERWARE DE MEXICO, S.A.P.I. DE C.V",Mexico,20-F,2025-04-29,2024-12-31,2024,0001213900-25-036710,ea0238900-20f_betterware.htm
1788257,"BETTERWARE DE MEXICO, S.A.P.I. DE C.V",Mexico,20-F,2026-04-30,2025-12-31,2025,0001213900-26-050248,ea0287740-20f_betterware.htm
1792829,Vasta Platform Ltd,Brazil,20-F,2021-04-30,2020-12-31,2020,0000950103-21-006470,dp150093_20f.htm
1792829,Vasta Platform Ltd,Brazil,20-F,2022-04-29,2021-12-31,2021,0001554855-22-000267,vsta-20211231.htm
1792829,Vasta Platform Ltd,Brazil,20-F,2023-04-26,2022-12-31,2022,0001554855-23-000303,vsta-20221231.htm
1792829,Vasta Platform Ltd,Brazil,20-F,2024-04-19,2023-12-31,2023,0001554855-24-000282,vsta-20231231.htm
1792829,Vasta Platform Ltd,Brazil,20-F,2025-04-17,2024-12-31,2024,0001554855-25-000369,vsta-20241231.htm
1793663,VTEX,Brazil,20-F,2022-02-24,2021-12-31,2021,0001193125-22-052165,d320815d20f.htm
1793663,VTEX,Brazil,20-F,2023-03-02,2022-12-31,2022,0001193125-23-058101,d408507d20f.htm
1793663,VTEX,Brazil,20-F,2024-02-27,2023-12-31,2023,0001193125-24-047908,d605776d20f.htm
1793663,VTEX,Brazil,20-F,2025-02-25,2024-12-31,2024,0000950170-25-026601,ck0001793663-20241231.htm
1793663,VTEX,Brazil,20-F,2026-02-26,2025-12-31,2025,0001193125-26-076504,ck0001793663-20251231.htm
1799207,AUNA S.A.,Peru,20-F,2025-04-10,2024-12-31,2024,0001193125-25-078014,d921415d20f.htm
1799207,AUNA S.A.,Peru,20-F,2026-04-22,2025-12-31,2025,0001193125-26-168210,d108315d20f.htm
1805012,Vitru Ltd,Brazil,20-F,2021-04-29,2020-12-31,2020,0000950103-21-006284,dp149797_20f.htm
1805012,Vitru Ltd,Brazil,20-F,2022-03-30,2021-12-31,2021,0001558370-22-004748,tmb-20211231x20f.htm
1805012,Vitru Ltd,Brazil,20-F,2023-04-28,2022-12-31,2022,0001558370-23-007298,tmb-20221231x20f.htm
1805012,Vitru Ltd,Brazil,20-F,2024-04-30,2023-12-31,2023,0001558370-24-006263,vtru-20231231x20f.htm
1819615,Clever Leaves Holdings Inc.,Colombia,10-K,2021-03-30,2020-12-31,2020,0001819615-21-000025,clvr-20201231.htm
1819615,Clever Leaves Holdings Inc.,Colombia,10-K,2022-03-24,2021-12-31,2021,0001819615-22-000056,clvr-20211231.htm
1819615,Clever Leaves Holdings Inc.,Colombia,10-K,2023-03-30,2022-12-31,2022,0001819615-23-000030,clvr-20221231.htm
1819615,Clever Leaves Holdings Inc.,Colombia,10-K,2024-04-01,2023-12-31,2023,0001819615-24-000031,clvr-20231231.htm
1825570,Patria Investments Ltd,Brazil,20-F,2021-04-28,2020-12-31,2020,0000950103-21-006262,dp149967_20f.htm
1825570,Patria Investments Ltd,Brazil,20-F,2022-04-28,2021-12-31,2021,0001193125-22-124171,d664344d20f.htm
1825570,Patria Investments Ltd,Brazil,20-F,2023-04-28,2022-12-31,2022,0001628280-23-014243,pax-20221231.htm
1825570,Patria Investments Ltd,Brazil,20-F,2024-04-29,2023-12-31,2023,0001628280-24-018749,pax-20231231.htm
1825570,Patria Investments Ltd,Brazil,20-F,2025-05-15,2024-12-31,2024,0001628280-25-025640,pax-20241231.htm
1825570,Patria Investments Ltd,Brazil,20-F,2026-04-30,2025-12-31,2025,0002070979-26-000201,pax-20251231.htm
1826168,TIM S.A.,Brazil,20-F,2021-04-30,2020-12-31,2020,0001292814-21-001957,timbform20f_2020.htm
1826168,TIM S.A.,Brazil,20-F,2022-04-15,2021-12-31,2021,0001292814-22-001631,timform20f_2021.htm
1826168,TIM S.A.,Brazil,20-F,2023-04-28,2022-12-31,2022,0001292814-23-001944,timbform20f_2022.htm
1826168,TIM S.A.,Brazil,20-F,2024-04-30,2023-12-31,2023,0001292814-24-001701,timbform20f_2023.htm
1826168,TIM S.A.,Brazil,20-F,2025-04-01,2024-12-31,2024,0001292814-25-001263,timbform20f_2024.htm
1826168,TIM S.A.,Brazil,20-F,2026-03-30,2025-12-31,2025,0001292814-26-001915,timbform20f_2025.htm
1826286,Vinci Compass Investments Ltd.,Brazil,20-F,2021-04-27,2020-12-31,2020,0000950103-21-006141,dp149824_20f.htm
1826286,Vinci Compass Investments Ltd.,Brazil,20-F,2022-04-20,2021-12-31,2021,0001193125-22-111100,d333658d20f.htm
1826286,Vinci Compass Investments Ltd.,Brazil,20-F,2023-04-18,2022-12-31,2022,0001193125-23-104979,d485986d20f.htm
1826286,Vinci Compass Investments Ltd.,Brazil,20-F,2024-04-18,2023-12-31,2023,0001193125-24-100785,d806661d20f.htm
1826286,Vinci Compass Investments Ltd.,Brazil,20-F,2025-04-29,2024-12-31,2024,0001193125-25-103765,d921943d20f.htm
1826286,Vinci Compass Investments Ltd.,Brazil,20-F,2026-04-20,2025-12-31,2025,0001193125-26-164057,d79123d20f.htm
1834048,Sendas Distributor S.A.,Brazil,20-F,2021-04-29,2020-12-31,2020,0001292814-21-001900,asaiform20f_2020.htm
1834048,Sendas Distributor S.A.,Brazil,20-F,2022-05-02,2021-12-31,2021,0001292814-22-002011,asaiform20f_2021.htm
1834048,Sendas Distributor S.A.,Brazil,20-F,2023-03-14,2022-12-31,2022,0001213900-23-019704,f20f2022_sendasdis.htm
1834048,Sendas Distributor S.A.,Brazil,20-F,2024-04-23,2023-12-31,2023,0001213900-24-035414,ea0201476-20f_sendasdis.htm
1834048,Sendas Distributor S.A.,Brazil,20-F,2025-04-01,2024-12-31,2024,0001213900-25-026526,ea0234548-20f_sendasdis.htm
1836934,Zenvia Inc.,Brazil,20-F,2022-03-31,2021-12-31,2021,0001554855-22-000176,zenv-20211231.htm
1836934,Zenvia Inc.,Brazil,20-F,2023-04-28,2022-12-31,2022,0001554855-23-000324,zenv-20221231.htm
1836934,Zenvia Inc.,Brazil,20-F,2024-05-15,2023-12-31,2023,0001554855-24-000381,zenv-20231231.htm
1836934,Zenvia Inc.,Brazil,20-F,2025-05-16,2024-12-31,2024,0001554855-25-000506,zenv-20241231.htm
1846832,dLocal Ltd,Uruguay,20-F,2022-05-02,2021-12-31,2021,0000950170-22-006790,dlo-20211231.htm
1846832,dLocal Ltd,Uruguay,20-F,2023-04-05,2022-12-31,2022,0000950170-23-011942,dlo-20221231.htm
1846832,dLocal Ltd,Uruguay,20-F,2024-03-19,2023-12-31,2023,0000950170-24-033510,dlo-20231231.htm
1846832,dLocal Ltd,Uruguay,20-F,2025-04-24,2024-12-31,2024,0000950170-25-058197,dlo-20241231.htm
1846832,dLocal Ltd,Uruguay,20-F,2026-03-18,2025-12-31,2025,0002070979-26-000113,dlo-20251231.htm
1863362,Sofgen Pharma S.A.,Colombia,20-F,2022-05-02,2021-12-31,2021,0001213900-22-022855,f20f2021_procapsgroup.htm
1863362,Sofgen Pharma S.A.,Colombia,20-F,2023-05-12,2022-12-31,2022,0001213900-23-039111,f20f2022_procapsgroup.htm
1863362,Sofgen Pharma S.A.,Colombia,20-F,2025-09-03,2023-12-31,2023,0001628280-25-041512,pgsa-20231231.htm
1863362,Sofgen Pharma S.A.,Colombia,20-F,2026-03-16,2024-12-31,2024,0001213900-26-028293,ea0281317-20f_sofgen.htm
1864163,"Inter & Co, Inc.",Brazil,20-F,2022-05-02,2021-12-31,2021,0001104659-22-054656,b3-20211231x20f.htm
1864163,"Inter & Co, Inc.",Brazil,20-F,2023-04-28,2022-12-31,2022,0001628280-23-014055,intr-20221231.htm
1864163,"Inter & Co, Inc.",Brazil,20-F,2024-04-30,2023-12-31,2023,0001628280-24-019386,intr-20231231.htm
1864163,"Inter & Co, Inc.",Brazil,20-F,2025-04-30,2024-12-31,2024,0001628280-25-020965,intr-20241231.htm
1864163,"Inter & Co, Inc.",Brazil,20-F,2026-04-30,2025-12-31,2025,0002070979-26-000185,intr-20251231.htm
1867325,Getnet Adquirencia E Servicos Para Meios De Pagamento S.A. - Instituicao De Pagamento,Brazil,20-F,2022-03-10,2021-12-31,2021,0001554855-22-000133,get-20211231.htm
1868995,CI&T Inc,Brazil,20-F,2022-04-22,2021-12-31,2021,0001554855-22-000227,cint-20211231.htm
1868995,CI&T Inc,Brazil,20-F,2023-03-29,2022-12-31,2022,0001554855-23-000195,cint-20221231.htm
1868995,CI&T Inc,Brazil,20-F,2024-03-28,2023-12-31,2023,0001554855-24-000213,cint-20231231.htm
1868995,CI&T Inc,Brazil,20-F,2025-03-28,2024-12-31,2024,0001554855-25-000232,cint-20241231.htm
1868995,CI&T Inc,Brazil,20-F,2026-03-11,2025-12-31,2025,0001554855-26-000248,cint-20251231.htm
1896049,"Semantix, Inc.",Brazil,20-F,2023-04-28,2022-12-31,2022,0001628280-23-014282,stix-20221231.htm
1937441,Ambipar Emergency Response,Brazil,20-F,2023-05-15,2022-12-31,2022,0001410578-23-001138,tmb-20221231x20f.htm
1937441,Ambipar Emergency Response,Brazil,20-F,2024-05-13,2023-12-31,2023,0001628280-24-022738,ambi-20231231.htm
1937441,Ambipar Emergency Response,Brazil,20-F,2025-06-24,2024-12-31,2024,0001628280-25-032686,ambi-20241231.htm
1945711,Lavoro Ltd,Brazil,20-F,2023-11-01,2023-06-30,2023,0001945711-23-000004,lvro-20230630.htm
1945711,Lavoro Ltd,Brazil,20-F,2024-10-31,2024-06-30,2024,0001945711-24-000044,lvro-20240630.htm
1945711,Lavoro Ltd,Brazil,20-F,2025-12-30,2025-06-30,2025,0001554855-25-002351,lvro-20250630.htm
1965143,Nvni Group Ltd,Brazil,20-F,2024-12-26,2023-12-31,2023,0001213900-24-112405,ea0225513-20f_nvnigroup.htm
1965143,Nvni Group Ltd,Brazil,20-F,2025-04-30,2024-12-31,2024,0001213900-25-037599,ea0239663-20f_nvnigroup.htm
1965143,Nvni Group Ltd,Brazil,20-F,2026-04-30,2025-12-31,2025,0001213900-26-050294,ea0287091-20f_nvnigroup.htm
1969373,"Vesta Real Estate Corporation, S.A.B. de C.V.",Mexico,20-F,2024-04-19,2023-12-31,2023,0001969373-24-000005,vtmx-20231231.htm
1969373,"Vesta Real Estate Corporation, S.A.B. de C.V.",Mexico,20-F,2025-04-21,2024-12-31,2024,0001969373-25-000010,vtmx-20241231.htm
1969373,"Vesta Real Estate Corporation, S.A.B. de C.V.",Mexico,20-F,2026-03-17,2025-12-31,2025,0001969373-26-000010,vtmx-20251231.htm
1978954,BBB FOODS INC,Mexico,20-F,2024-04-30,2023-12-31,2023,0000950170-24-050527,tbbb-20231231.htm
1978954,BBB FOODS INC,Mexico,20-F,2025-04-29,2024-12-31,2024,0000950170-25-060187,tbbb-20241231.htm
1978954,BBB FOODS INC,Mexico,20-F,2026-04-02,2025-12-31,2025,0001193125-26-140232,tbbb-20251231.htm
