cik,name,ticker,exchange,country_operating,addr_country,form_type,sic,sic_desc,n_annual_2018plus,first_annual,last_annual,status,via
1499505,Adecoagro S.A.,AGRO,NYSE,Argentina,Luxembourg,20-F,0100,Agricultural Production-Crops,9,2018-04-27,2026-04-29,active,curation:ADECOAGRO
1508478,Arcos Dorados Holdings Inc.,ARCO,NYSE,Argentina,Uruguay,20-F,5812,Retail-Eating  Places,9,2018-04-27,2026-04-30,active,address:20-F;curation:ARCOS DORADOS
913059,Banco BBVA Argentina S.A.,BBAR,NYSE,Argentina,,20-F,6029,"Commercial Banks, NEC",10,2018-05-02,2026-04-09,active,curation:BBVA ARGENTINA
1769484,Bioceres Crop Solutions Corp.,BIOX,Nasdaq,Argentina,Cayman Islands,20-F,2870,Agricultural Chemicals,7,2019-10-24,2025-11-10,active,curation:BIOCERES
1717161,CENTRAL PUERTO S.A.,CEPU,NYSE,Argentina,,20-F,4911,Electric Services,12,2018-04-27,2026-04-22,active,curation:CENTRAL PUERTO
1717393,CORPORACION AMERICA AIRPORTS S.A.,CAAP,NYSE,Argentina,,20-F,4581,"Airports, Flying Fields & Airport Terminal Services",10,2018-04-27,2026-03-17,active,curation:CORPORACION AMERICA
1034957,CRESUD INC,CRESY,Nasdaq,Argentina,Argentina,20-F,6500,Real Estate,13,2018-10-31,2026-06-30,active,address:20-F;curation:CRESUD
1703141,"Despegar.com, Corp.",,,Argentina,,20-F,4700,Transportation Services,9,2018-04-24,2025-04-30,delisted_in_window,curation:manual:Despegar
1395213,EDENOR,EDN,NYSE,Argentina,,20-F,4911,Electric Services,10,2018-04-27,2026-04-15,active,curation:EDENOR
931427,GAS TRANSPORTER OF THE SOUTH INC,TGS,NYSE,Argentina,Argentina,20-F,4922,Natural Gas Transmission,9,2018-04-16,2026-04-22,active,address:20-F
1114700,GRUPO FINANCIERO GALICIA SA,GGAL,Nasdaq,Argentina,Argentina,20-F,6029,"Commercial Banks, NEC",11,2018-04-19,2026-04-16,active,address:20-F;curation:GRUPO FINANCIERO GALICIA
1557860,Globant S.A.,GLOB,NYSE,Argentina,Luxembourg,20-F,7374,Services-Computer Processing & Data Preparation,9,2018-04-13,2026-02-27,active,curation:GLOBANT
1517399,Grupo Supervielle S.A.,SUPV,NYSE,Argentina,Argentina,20-F,6029,"Commercial Banks, NEC",11,2018-04-27,2026-04-08,active,address:20-F;curation:GRUPO SUPERVIELLE
933267,IRSA INVESTMENTS & REPRESENTATIONS INC,IRS,NYSE,Argentina,Argentina,20-F,6552,Land Subdividers & Developers (No Cemeteries),15,2018-10-31,2026-06-30,active,address:20-F;curation:IRSA
1128173,IRSA PROPIEDADES COMERCIALES S.A.,,,Argentina,Argentina,20-F,6512,Opeators of  Nonresidential Buildings,8,2018-10-23,2021-10-20,delisted_in_window,address:20-F
1711375,Loma Negra Compania Industrial Argentina Sociedad Anonima,LOMA,NYSE,Argentina,Argentina,20-F,3241,"Cement, Hydraulic",12,2018-04-27,2026-04-28,active,address:20-F;curation:LOMA NEGRA
1099590,MERCADOLIBRE INC,MELI,Nasdaq,Argentina,Uruguay,10-K,7389,"Services-Business Services, NEC",10,2018-02-23,2026-02-25,active,address:20-F;curation:MERCADOLIBRE
1469395,Pampa Energy Inc.,PAM;PPENF,NYSE;OTC,Argentina,Argentina,20-F,4911,Electric Services,10,2018-04-30,2026-04-09,active,address:20-F
1449877,Petrobras Argentina S.A.,,,Argentina,Argentina,20-F,1311,Crude Petroleum & Natural Gas,1,2018-04-30,2018-04-30,delisted_in_window,address:20-F
932470,TELECOM ARGENTINA SA,TEO;TCMFF,NYSE;OTC,Argentina,,20-F,4813,Telephone Communications (No Radiotelephone),9,2018-04-20,2026-03-11,active,curation:TELECOM ARGENTINA
1190723,TENARIS SA,TS;TNRSF,NYSE;OTC,Argentina,Luxembourg,20-F,3312,"Steel Works, Blast Furnaces & Rolling Mills (Coke Ovens)",9,2018-04-30,2026-03-31,active,curation:TENARIS
904851,YPF SOCIEDAD ANONIMA,YPF,NYSE,Argentina,,20-F,2911,Petroleum Refining,9,2018-04-24,2026-03-26,active,curation:YPF
1565025,AMBEV S.A.,ABEV,NYSE,Brazil,,20-F,2080,Beverages,9,2018-03-19,2026-03-03,active,curation:AMBEV
1439124,AXIA Energia S.A.,AXIA;AXIA-PC,NYSE;NYSE,Brazil,,20-F,4911,Electric Services,5,2022-10-03,2026-04-24,active,curation:manual:Eletrobras
1432364,AZUL SA,AZUL;AZUXY,NYSE;OTC,Brazil,Brazil,20-F,4512,"Air Transportation, Scheduled",12,2018-04-27,2026-04-03,active,address:20-F;curation:AZUL
1771007,Afya Ltd,AFYA,Nasdaq,Brazil,,20-F,8200,Services-Educational Services,7,2020-04-20,2026-03-31,active,curation:AFYA
1937441,Ambipar Emergency Response,AMBIQ,OTC,Brazil,Brazil,20-F,4955,Hazardous Waste Management,4,2023-03-07,2025-06-24,active,address:20-F;curation:AMBIPAR
1740594,Arco Platform Ltd.,,,Brazil,Brazil,20-F,8200,Services-Educational Services,6,2019-04-17,2023-03-31,delisted_in_window,address:20-F
1540684,Atlas Lithium Corp,ATLX,Nasdaq,Brazil,FL,10-K,1400,Mining & Quarrying of  Nonmetallic Minerals (No Fuels),12,2018-04-17,2026-03-04,active,curation:ATLAS LITHIUM
1160330,BANK BRADESCO,BBD;BBDO,NYSE;NYSE,Brazil,,20-F,6022,State Commercial Banks,9,2018-04-30,2026-03-25,active,curation:BRADESCO
1071438,BRASKEM SA,BAK,NYSE,Brazil,,20-F,2860,Industrial Organic Chemicals,7,2020-06-15,2026-04-20,active,curation:BRASKEM
1038572,BRAZILIAN DISTRIBUTION CO COMPANHIA BRASILEIRA DE DISTR CBD,,,Brazil,Brazil,20-F,5411,Retail-Grocery Stores,9,2018-04-30,2024-06-28,delisted_in_window,address:20-F
1122491,BRF S.A.,,,Brazil,,20-F,2011,Meat Packing Plants,9,2018-04-30,2025-04-30,delisted_in_window,curation:manual:BRF
1471055,Banco Santander (Brasil) S.A.,BSBR,NYSE,Brazil,Brazil,20-F,6029,"Commercial Banks, NEC",10,2018-04-09,2026-02-27,active,address:20-F
1499849,BrasilAgro - Brazilian Agricultural Real Estate Co,LND,NYSE,Brazil,,20-F,0100,Agricultural Production-Crops,9,2018-10-30,2025-10-30,active,curation:BRASILAGRO
1868995,CI&T Inc,CINT,NYSE,Brazil,Cayman Islands,20-F,7371,Services-Computer Programming Services,5,2022-04-22,2026-03-11,active,curation:manual:CI&T
1170858,COMPANHIA DE SANEAMENTO BASICO DO ESTADO DE SAO PAULO-SABESP,SBS,NYSE,Brazil,,20-F,4941,Water Supply,12,2018-04-27,2026-04-29,active,curation:SABESP
1300482,CPFL Energy INC,,,Brazil,Brazil,20-F,4911,Electric Services,4,2018-04-24,2020-04-24,delisted_in_window,address:20-F
1402902,Cosan Ltd.,,,Brazil,Brazil,20-F,2060,Sugar & Confectionery Products,6,2018-04-27,2020-06-22,delisted_in_window,address:20-F
1430162,Cosan S.A.,CSAN,NYSE,Brazil,Brazil,20-F,5500,Retail-Auto Dealers & Gasoline Stations,10,2021-04-30,2026-04-10,active,address:20-F;curation:COSAN
1355444,EMBRAER S.A.,EMBJ,NYSE,Brazil,Brazil,20-F,3721,Aircraft,9,2018-03-23,2026-03-30,active,address:20-F;curation:EMBRAER
1157557,ENERGY CO OF MINAS GERAIS,CIG;CIG-C,NYSE;NYSE,Brazil,,20-F,4911,Electric Services,13,2018-05-09,2026-04-17,active,curation:manual:Cemig
1041792,ENERGY CO OF PARANA,ELPC,NYSE,Brazil,,20-F,4911,Electric Services,10,2020-04-27,2026-04-16,active,curation:manual:Copel
1716586,"ESTRE AMBIENTAL, INC.",,,Brazil,Brazil,20-F,4953,Refuse Systems,4,2018-06-20,2019-06-07,delisted_in_window,address:20-F
1110649,Fibria Celulose S.A.,,,Brazil,Brazil,20-F,2621,Paper Mills,1,2018-02-27,2018-02-27,delisted_in_window,address:20-F
1073404,GERDAU S.A.,GGB,NYSE,Brazil,,20-F,3310,"Steel Works, Blast Furnaces & Rolling & Finishing Mills",9,2018-04-03,2026-03-13,active,curation:GERDAU
1389207,Gafisa S.A.,GFASY;GFSAY,OTC;OTC,Brazil,Brazil,20-F,1520,General Bldg Contractors - Residential Bldgs,6,2018-04-30,2022-08-01,delisted_in_window,address:20-F
1867325,Getnet Adquirencia E Servicos Para Meios De Pagamento S.A. - Instituicao De Pagamento,,,Brazil,Brazil,20-F,7389,"Services-Business Services, NEC",1,2022-03-10,2022-03-10,delisted_in_window,address:20-F
1291733,Gol Intelligent Airlines Inc.,,,Brazil,Brazil,20-F,4512,"Air Transportation, Scheduled",9,2018-04-30,2024-05-15,delisted_in_window,address:20-F
1864163,"Inter & Co, Inc.",INTR,Nasdaq,Brazil,Brazil,20-F,6029,"Commercial Banks, NEC",5,2022-05-02,2026-04-30,active,address:20-F;curation:INTER & CO
1132597,Itau Unibanco Holding S.A.,ITUB,NYSE,Brazil,Brazil,20-F,6022,State Commercial Banks,7,2020-04-27,2026-04-30,active,address:20-F;curation:ITAU
1450123,JBS S.A.,,,Brazil,Brazil,20-F,2011,Meat Packing Plants,4,2024-03-27,2025-03-26,delisted_in_window,address:20-F
1945711,Lavoro Ltd,LVROF;LVRWF,OTC;OTC,Brazil,,20-F,5900,Retail-Miscellaneous Retail,4,2023-03-06,2025-12-30,active,curation:manual:Lavoro
1049659,NATIONAL STEEL CO,SID,NYSE,Brazil,,20-F,3310,"Steel Works, Blast Furnaces & Rolling & Finishing Mills",13,2018-05-01,2026-04-30,active,curation:manual:CSN
1776967,Natura &Co Holding S.A.,,,Brazil,Brazil,20-F,2844,"Perfumes, Cosmetics & Other Toilet Preparations",7,2020-05-06,2024-05-14,delisted_in_window,address:20-F
1562767,Netshoes (Cayman) Ltd.,,,Brazil,Brazil,20-F,5961,Retail-Catalog & Mail-Order Houses,2,2018-03-29,2019-04-30,delisted_in_window,address:20-F
1691493,Nu Holdings Ltd.,NU,NYSE,Brazil,Brazil,20-F,6199,Finance Services,5,2022-04-21,2026-04-08,active,address:20-F;curation:NU HOLDINGS
1965143,Nvni Group Ltd,NVNI;NVNIW,Nasdaq;Nasdaq,Brazil,Cayman Islands,20-F,7372,Services-Prepackaged Software,5,2023-09-29,2026-04-30,active,curation:manual:Nuvini
1160846,OI S.A. - In Judicial Reorganization,,,Brazil,Brazil,20-F,4813,Telephone Communications (No Radiotelephone),4,2018-05-16,2021-05-12,delisted_in_window,address:20-F
1119639,PETROBRAS - PETROLEO BRASILEIRO SA,PBR;PBR-A,NYSE;NYSE,Brazil,,20-F,1311,Crude Petroleum & Natural Gas,4,2023-03-29,2026-04-09,active,curation:PETROBRAS
1712807,PagSeguro Digital Ltd.,PAGS,NYSE,Brazil,,20-F,7374,Services-Computer Processing & Data Preparation,12,2018-04-06,2026-06-04,active,curation:PAGSEGURO
1825570,Patria Investments Ltd,PAX,Nasdaq,Brazil,Cayman Islands,20-F,6282,Investment Advice,8,2021-04-28,2026-04-30,active,curation:PATRIA INVEST
1896049,"Semantix, Inc.",,,Brazil,Brazil,20-F,7371,Services-Computer Programming Services,2,2022-08-09,2023-04-28,delisted_in_window,address:20-F
1834048,Sendas Distributor S.A.,ASAIY,OTC,Brazil,Brazil,20-F,5411,Retail-Grocery Stores,5,2021-04-29,2025-04-01,delisted_in_window,address:20-F
1745431,StoneCo Ltd.,STNE,Nasdaq,Brazil,Cayman Islands,20-F,7374,Services-Computer Processing & Data Preparation,9,2019-04-29,2026-04-23,active,curation:STONECO
909327,Suzano S.A.,SUZ,NYSE,Brazil,Brazil,20-F,2621,Paper Mills,8,2019-04-30,2026-03-24,active,address:20-F;curation:SUZANO
1066119,TELEFONICA BRASIL S.A.,VIV,NYSE,Brazil,Brazil,20-F,4813,Telephone Communications (No Radiotelephone),10,2018-02-21,2026-02-24,active,address:20-F;curation:TELEFONICA BRASIL
1066116,TIM PARTICIPACOES SA,,,Brazil,Brazil,20-F,4813,Telephone Communications (No Radiotelephone),5,2018-04-06,2020-05-01,delisted_in_window,address:20-F
1826168,TIM S.A.,TIMB,NYSE,Brazil,Brazil,20-F,4813,Telephone Communications (No Radiotelephone),7,2021-04-30,2026-03-30,active,address:20-F;curation:TIM S.A
1094972,ULTRAPAR HOLDINGS INC,UGP,NYSE,Brazil,Brazil,20-F,4924,Natural Gas Distribution,11,2018-04-09,2026-05-19,active,address:20-F;curation:ULTRAPAR
1793663,VTEX,VTEX,NYSE,Brazil,Cayman Islands,20-F,7372,Services-Prepackaged Software,5,2022-02-24,2026-02-26,active,curation:VTEX
917851,Vale S.A.,VALE,NYSE,Brazil,,20-F,1000,Metal Mining,5,2022-04-14,2026-03-27,active,curation:VALE S
1792829,Vasta Platform Ltd,,,Brazil,Brazil,20-F,8200,Services-Educational Services,6,2021-04-30,2025-04-17,delisted_in_window,address:20-F
1826286,Vinci Compass Investments Ltd.,VINP,Nasdaq,Brazil,,20-F,6282,Investment Advice,7,2021-04-27,2026-04-20,active,curation:VINCI COMPASS
1805012,Vitru Ltd,,,Brazil,Brazil,20-F,8200,Services-Educational Services,5,2021-04-29,2024-04-30,delisted_in_window,address:20-F
1787425,XP Inc.,XP,Nasdaq,Brazil,Cayman Islands,20-F,6211,"Security Brokers, Dealers & Flotation Companies",8,2020-04-29,2026-04-29,active,curation:XP INC
1836934,Zenvia Inc.,ZENVF,OTC,Brazil,Brazil,20-F,7372,Services-Prepackaged Software,4,2022-03-31,2025-05-16,delisted_in_window,address:20-F
925261,ANDINA BOTTLING CO INC,AKO.B;AKO-B;AKO-A,NYSE;NYSE,Chile,Chile,20-F,2086,Bottled & Canned Soft Drinks & Carbonated Waters,9,2018-04-27,2026-04-01,active,address:20-F
1276671,BANCO ITAU CHILE,,,Chile,Chile,20-F,6029,"Commercial Banks, NEC",7,2018-04-11,2023-04-27,delisted_in_window,address:20-F
1027552,BANCO SANTANDER CHILE,BSAC,NYSE,Chile,,20-F,6029,"Commercial Banks, NEC",9,2018-03-28,2026-02-27,active,curation:manual:Banco Santander-Chile
1161125,BANK OF CHILE,BCH,NYSE,Chile,Chile,20-F,6029,"Commercial Banks, NEC",9,2018-04-27,2026-04-30,active,address:20-F
909037,CHEMICAL & MINING CO OF CHILE INC,SQM,NYSE,Chile,Chile,20-F,1400,Mining & Quarrying of  Nonmetallic Minerals (No Fuels),10,2018-04-19,2026-04-22,active,address:20-F
930543,CONCHA Y TORO WINERY INC,,,Chile,Chile,20-F,5180,"Wholesale-Beer, Wine & Distilled Alcoholic Beverages",3,2018-04-27,2019-05-15,delisted_in_window,address:20-F
912505,ENEL AMERICAS S.A.,,,Chile,Chile,20-F,4911,Electric Services,6,2018-04-30,2022-04-29,delisted_in_window,address:20-F
926864,ENEL GENERACION CHILE S.A.,,,Chile,Chile,20-F,4911,Electric Services,4,2018-04-27,2020-04-29,delisted_in_window,address:20-F
1659939,Enel Chile S.A.,ENIC,NYSE,Chile,Chile,20-F,4911,Electric Services,10,2018-04-27,2026-04-28,active,address:20-F;curation:ENEL CHILE
1047716,LATAM AIRLINES GROUP S.A.,LTM,NYSE,Chile,,20-F,4512,"Air Transportation, Scheduled",9,2018-04-05,2026-03-05,active,curation:LATAM AIRLINES
888746,UNITED BREWERIES CO INC,CCU,NYSE,Chile,Chile,20-F,2082,Malt Beverages,10,2018-04-27,2026-04-29,active,address:20-F
1575969,Avianca Holdings S.A.,,,Colombia,Colombia,20-F,4512,"Air Transportation, Scheduled",5,2018-05-01,2021-05-03,delisted_in_window,address:20-F
1071371,BANCOLOMBIA SA,,,Colombia,Colombia,20-F,6029,"Commercial Banks, NEC",8,2018-04-30,2025-03-28,delisted_in_window,address:20-F
1819615,Clever Leaves Holdings Inc.,,,Colombia,Colombia,10-K,2834,Pharmaceutical Preparations,5,2021-03-30,2024-04-01,delisted_in_window,address:20-F
1444406,ECOPETROL S.A.,EC,NYSE,Colombia,,20-F,1311,Crude Petroleum & Natural Gas,10,2018-04-19,2026-04-30,active,curation:ECOPETROL
1273441,GRAN TIERRA ENERGY INC.,GTE,NYSE,Colombia,"Alberta, Canada",10-K,1311,Crude Petroleum & Natural Gas,6,2021-02-25,2026-03-04,active,curation:GRAN TIERRA
1464591,GeoPark Ltd,GPRK,NYSE,Colombia,Colombia,20-F,1311,Crude Petroleum & Natural Gas,9,2018-04-12,2026-03-31,active,address:20-F;curation:GEOPARK
1504764,Grupo Aval Acciones Y Valores S.A.,AVAL,NYSE,Colombia,Colombia,20-F,6029,"Commercial Banks, NEC",9,2018-04-27,2026-04-17,active,address:20-F;curation:GRUPO AVAL
1863362,Sofgen Pharma S.A.,PROCF;PRCWF,OTC;OTC,Colombia,,20-F,2834,Pharmaceutical Preparations,6,2021-09-30,2026-03-16,active,curation:manual:Procaps
1534675,Tecnoglass Inc.,TGLS,NYSE,Colombia,FL,10-K,3211,Flat Glass,9,2018-03-14,2026-03-02,active,curation:TECNOGLASS
1129137,AMERICA MOVIL SAB DE CV/,AMX;AMXOF,NYSE;OTC,Mexico,,20-F,4813,Telephone Communications (No Radiotelephone),11,2018-04-26,2026-04-28,active,curation:AMERICA MOVIL
1978954,BBB FOODS INC,TBBB,NYSE,Mexico,Mexico,20-F,5411,Retail-Grocery Stores,4,2024-04-30,2026-05-22,active,address:20-F
1788257,"BETTERWARE DE MEXICO, S.A.P.I. DE C.V",BWMX,NYSE,Mexico,,20-F,5961,Retail-Catalog & Mail-Order Houses,8,2020-05-04,2026-04-30,active,curation:BETTERWARE
1698287,"Banco Santander Mexico S.A., Institucion de Banca Multiple, Grupo Financiero Santander Mexico",,,Mexico,Mexico,20-F,6029,"Commercial Banks, NEC",8,2018-03-28,2023-02-28,delisted_in_window,address:20-F
1076378,CEMEX SAB DE CV,CX;CXMSF,NYSE;OTC,Mexico,Mexico,20-F,3241,"Cement, Hydraulic",9,2018-04-30,2026-04-24,active,address:20-F;curation:CEMEX
910631,COCA COLA FEMSA SAB DE CV,KOF;COCSF,NYSE;OTC,Mexico,Mexico,20-F,2086,Bottled & Canned Soft Drinks & Carbonated Waters,9,2018-04-18,2026-04-16,active,address:20-F
1378239,Central North Airport Group,OMAB;GAERF,Nasdaq;OTC,Mexico,NY,20-F,4581,"Airports, Flying Fields & Airport Terminal Services",9,2018-04-30,2026-04-30,active,curation:manual:OMA
1520504,"Controladora Vuela Compania de Aviacion, S.A.B. de C.V.",VLRS;CTTRF,NYSE;OTC,Mexico,,20-F,4512,"Air Transportation, Scheduled",9,2018-04-26,2026-04-28,active,curation:manual:Volaris
887153,"GRUPO SIMEC, S.A.B. de C.V.",SIM,NYSE,Mexico,NY,20-F,3312,"Steel Works, Blast Furnaces & Rolling Mills (Coke Ovens)",12,2018-05-16,2025-10-02,active,curation:manual:Simec
912892,"GRUPO TELEVISA, S.A.B.",TV;GRPFF,NYSE;OTC,Mexico,,20-F,4833,Television Broadcasting Stations,10,2018-02-15,2026-04-30,active,curation:GRUPO TELEVISA
1044896,Industrias Bachoco S.A.B. de C.V.,,,Mexico,NY,20-F,2015,Poultry Slaughtering and Processing,5,2018-04-27,2022-04-29,delisted_in_window,curation:manual:Bachoco
1061736,MEXICAN ECONOMIC DEVELOPMENT INC,FMX,NYSE,Mexico,,20-F,2086,Bottled & Canned Soft Drinks & Carbonated Waters,9,2018-04-24,2026-04-24,active,curation:manual:FEMSA
932782,MEXICAN PETROLEUM,,,Mexico,Mexico,20-F,1311,Crude Petroleum & Natural Gas,9,2018-04-30,2026-04-30,debt_registrant,address:20-F
1347557,Pacific Airport Group,PAC;GPAEF,NYSE;OTC,Mexico,,20-F,4581,"Airports, Flying Fields & Airport Terminal Services",9,2018-04-20,2026-04-17,active,curation:manual:GAP
1123452,SOUTHEAST AIRPORT GROUP,ASR;ASRMF,NYSE;OTC,Mexico,,20-F,4581,"Airports, Flying Fields & Airport Terminal Services",10,2018-04-26,2026-04-16,active,curation:manual:ASUR
1342874,Ternium S.A.,TX,NYSE,Mexico,Luxembourg,20-F,3312,"Steel Works, Blast Furnaces & Rolling Mills (Coke Ovens)",9,2018-04-24,2026-03-31,active,curation:TERNIUM
1969373,"Vesta Real Estate Corporation, S.A.B. de C.V.",VTMX,NYSE,Mexico,Mexico,20-F,6500,Real Estate,3,2024-04-19,2026-03-17,active,address:20-F
1762506,"Vista Energy, S.A.B. de C.V.",VIST;VSOGF,NYSE;OTC,Mexico,,20-F,1311,Crude Petroleum & Natural Gas,7,2020-04-30,2026-04-28,active,curation:VISTA ENERGY
1345105,"Copa Holdings, S.A.",CPA,NYSE,Panama,Panama,20-F,4512,"Air Transportation, Scheduled",10,2018-04-18,2026-02-26,active,address:20-F
1572621,AENZA S.A.A.,,,Peru,Peru,20-F,1600,Heavy Construction Other Than Bldg Const - Contractors,10,2018-05-16,2024-05-13,delisted_in_window,curation:manual:AENZA
1799207,AUNA S.A.,AUNA,NYSE,Peru,,20-F,8011,Services-Offices & Clinics of  Doctors of  Medicine,3,2025-04-10,2026-04-22,active,curation:AUNA
1013131,BUENAVENTURA MINING CO INC,BVN,NYSE,Peru,Peru,20-F,1000,Metal Mining,10,2018-04-30,2026-04-30,active,curation:BUENAVENTURA
1001290,CREDICORP LTD,BAP,NYSE,Peru,,20-F,6029,"Commercial Banks, NEC",11,2018-04-26,2026-04-27,active,curation:CREDICORP
1615903,Intercorp Financial Services Inc.,IFS,NYSE,Peru,Peru,20-F,6029,"Commercial Banks, NEC",7,2020-04-22,2026-04-24,active,curation:manual:Intercorp/IFS
1713930,Nexa Resources S.A.,NEXA,NYSE,Peru,,20-F,1000,Metal Mining,13,2018-04-30,2026-03-26,active,curation:NEXA RESOURCES
1001838,SOUTHERN COPPER CORP/,SCCO,NYSE,Peru,AZ,10-K,1000,Metal Mining,13,2018-03-01,2026-02-27,active,curation:SOUTHERN COPPER
1846832,dLocal Ltd,DLO,Nasdaq,Uruguay,Uruguay,20-F,7389,"Services-Business Services, NEC",5,2022-05-02,2026-03-18,active,address:20-F;curation:DLOCAL
