cik,name,country,fy,form,total_words,ai_core,ai_applied,ai_total,ai_bare_diag,risk_section_found,ai_in_risk,ai_nonrisk,exposure_nonrisk_per10k,exposure_total_per10k
887153,"GRUPO SIMEC, S.A.B. de C.V.",Mexico,2017,20-F,113566,0,0,0,0,1,0,0,0.0,0.0
887153,"GRUPO SIMEC, S.A.B. de C.V.",Mexico,2018,20-F,118638,0,0,0,0,1,0,0,0.0,0.0
887153,"GRUPO SIMEC, S.A.B. de C.V.",Mexico,2019,20-F,102317,0,0,0,0,1,0,0,0.0,0.0
887153,"GRUPO SIMEC, S.A.B. de C.V.",Mexico,2020,20-F,103328,0,0,0,0,1,0,0,0.0,0.0
887153,"GRUPO SIMEC, S.A.B. de C.V.",Mexico,2021,20-F,102431,0,0,0,0,1,0,0,0.0,0.0
887153,"GRUPO SIMEC, S.A.B. de C.V.",Mexico,2022,20-F,98949,0,0,0,0,1,0,0,0.0,0.0
887153,"GRUPO SIMEC, S.A.B. de C.V.",Mexico,2023,20-F,94818,0,0,0,0,1,0,0,0.0,0.0
887153,"GRUPO SIMEC, S.A.B. de C.V.",Mexico,2024,20-F,96331,3,0,3,0,0,0,3,0.3114,0.3114
888746,UNITED BREWERIES CO INC,Chile,2017,20-F,141601,0,0,0,0,1,0,0,0.0,0.0
888746,UNITED BREWERIES CO INC,Chile,2018,20-F,156384,0,0,0,0,1,0,0,0.0,0.0
888746,UNITED BREWERIES CO INC,Chile,2019,20-F,151880,1,0,1,0,1,0,1,0.0658,0.0658
888746,UNITED BREWERIES CO INC,Chile,2020,20-F,161061,1,0,1,0,1,0,1,0.0621,0.0621
888746,UNITED BREWERIES CO INC,Chile,2021,20-F,201267,1,0,1,0,1,0,1,0.0497,0.0497
888746,UNITED BREWERIES CO INC,Chile,2022,20-F,207482,1,0,1,0,1,1,0,0.0,0.0482
888746,UNITED BREWERIES CO INC,Chile,2023,20-F,211860,2,0,2,1,1,1,1,0.0472,0.0944
888746,UNITED BREWERIES CO INC,Chile,2024,20-F,212474,2,0,2,1,1,1,1,0.0471,0.0941
888746,UNITED BREWERIES CO INC,Chile,2025,20-F,213918,5,4,9,7,1,3,6,0.2805,0.4207
904851,YPF SOCIEDAD ANONIMA,Argentina,2017,20-F,238210,0,0,0,0,1,0,0,0.0,0.0
904851,YPF SOCIEDAD ANONIMA,Argentina,2018,20-F,264705,0,0,0,0,1,0,0,0.0,0.0
904851,YPF SOCIEDAD ANONIMA,Argentina,2019,20-F,283112,0,0,0,1,1,0,0,0.0,0.0
904851,YPF SOCIEDAD ANONIMA,Argentina,2020,20-F,301674,0,0,0,0,1,0,0,0.0,0.0
904851,YPF SOCIEDAD ANONIMA,Argentina,2021,20-F,221802,0,0,0,0,1,0,0,0.0,0.0
904851,YPF SOCIEDAD ANONIMA,Argentina,2022,20-F,215889,0,0,0,0,1,0,0,0.0,0.0
904851,YPF SOCIEDAD ANONIMA,Argentina,2023,20-F,212138,1,0,1,0,1,0,1,0.0471,0.0471
904851,YPF SOCIEDAD ANONIMA,Argentina,2024,20-F,217959,2,2,4,6,1,0,4,0.1835,0.1835
904851,YPF SOCIEDAD ANONIMA,Argentina,2025,20-F,221716,1,3,4,11,0,0,4,0.1804,0.1804
909037,CHEMICAL & MINING CO OF CHILE INC,Chile,2017,20-F,151631,0,0,0,0,1,0,0,0.0,0.0
909037,CHEMICAL & MINING CO OF CHILE INC,Chile,2018,20-F,155831,0,0,0,0,1,0,0,0.0,0.0
909037,CHEMICAL & MINING CO OF CHILE INC,Chile,2019,20-F,147943,0,0,0,0,1,0,0,0.0,0.0
909037,CHEMICAL & MINING CO OF CHILE INC,Chile,2020,20-F,144057,0,0,0,0,1,0,0,0.0,0.0
909037,CHEMICAL & MINING CO OF CHILE INC,Chile,2021,20-F,198488,0,0,0,0,1,0,0,0.0,0.0
909037,CHEMICAL & MINING CO OF CHILE INC,Chile,2022,20-F,204827,0,0,0,0,1,0,0,0.0,0.0
909037,CHEMICAL & MINING CO OF CHILE INC,Chile,2023,20-F,202573,0,0,0,0,1,0,0,0.0,0.0
909037,CHEMICAL & MINING CO OF CHILE INC,Chile,2024,20-F,208531,0,0,0,0,1,0,0,0.0,0.0
909037,CHEMICAL & MINING CO OF CHILE INC,Chile,2025,20-F,217248,0,0,0,0,1,0,0,0.0,0.0
909327,Suzano S.A.,Brazil,2018,20-F,114757,1,0,1,1,1,0,1,0.0871,0.0871
909327,Suzano S.A.,Brazil,2019,20-F,114709,1,0,1,1,1,0,1,0.0872,0.0872
909327,Suzano S.A.,Brazil,2020,20-F,121966,3,0,3,1,0,0,3,0.246,0.246
909327,Suzano S.A.,Brazil,2021,20-F,147693,2,0,2,1,0,0,2,0.1354,0.1354
909327,Suzano S.A.,Brazil,2022,20-F,147322,1,0,1,1,0,0,1,0.0679,0.0679
909327,Suzano S.A.,Brazil,2023,20-F,139868,1,0,1,0,0,0,1,0.0715,0.0715
909327,Suzano S.A.,Brazil,2024,20-F,135891,4,0,4,1,0,0,4,0.2944,0.2944
909327,Suzano S.A.,Brazil,2025,20-F,137147,5,0,5,1,0,0,5,0.3646,0.3646
910631,COCA COLA FEMSA SAB DE CV,Mexico,2017,20-F,124164,0,0,0,0,1,0,0,0.0,0.0
910631,COCA COLA FEMSA SAB DE CV,Mexico,2018,20-F,123391,0,0,0,0,1,0,0,0.0,0.0
910631,COCA COLA FEMSA SAB DE CV,Mexico,2019,20-F,125007,0,0,0,0,1,0,0,0.0,0.0
910631,COCA COLA FEMSA SAB DE CV,Mexico,2020,20-F,141631,0,1,1,0,0,0,1,0.0706,0.0706
910631,COCA COLA FEMSA SAB DE CV,Mexico,2021,20-F,131364,0,2,2,0,0,0,2,0.1522,0.1522
910631,COCA COLA FEMSA SAB DE CV,Mexico,2022,20-F,128281,0,2,2,0,0,0,2,0.1559,0.1559
910631,COCA COLA FEMSA SAB DE CV,Mexico,2023,20-F,128466,1,0,1,0,0,0,1,0.0778,0.0778
910631,COCA COLA FEMSA SAB DE CV,Mexico,2024,20-F,132010,1,0,1,3,0,0,1,0.0758,0.0758
910631,COCA COLA FEMSA SAB DE CV,Mexico,2025,20-F,133796,3,1,4,5,0,0,4,0.299,0.299
912505,ENEL AMERICAS S.A.,Chile,2017,20-F,274853,0,0,0,0,0,0,0,0.0,0.0
912505,ENEL AMERICAS S.A.,Chile,2018,20-F,256720,0,0,0,0,0,0,0,0.0,0.0
912505,ENEL AMERICAS S.A.,Chile,2019,20-F,267348,0,0,0,0,0,0,0,0.0,0.0
912505,ENEL AMERICAS S.A.,Chile,2020,20-F,287867,0,0,0,0,0,0,0,0.0,0.0
912505,ENEL AMERICAS S.A.,Chile,2021,20-F,363326,0,0,0,0,0,0,0,0.0,0.0
912892,"GRUPO TELEVISA, S.A.B.",Mexico,2017,20-F,161411,0,0,0,0,1,0,0,0.0,0.0
912892,"GRUPO TELEVISA, S.A.B.",Mexico,2018,20-F,163074,0,0,0,0,1,0,0,0.0,0.0
912892,"GRUPO TELEVISA, S.A.B.",Mexico,2019,20-F,166623,0,0,0,0,1,0,0,0.0,0.0
912892,"GRUPO TELEVISA, S.A.B.",Mexico,2020,20-F,169994,0,0,0,0,1,0,0,0.0,0.0
912892,"GRUPO TELEVISA, S.A.B.",Mexico,2021,20-F,187053,0,0,0,0,0,0,0,0.0,0.0
912892,"GRUPO TELEVISA, S.A.B.",Mexico,2022,20-F,186730,0,0,0,0,0,0,0,0.0,0.0
912892,"GRUPO TELEVISA, S.A.B.",Mexico,2023,20-F,181250,0,0,0,0,1,0,0,0.0,0.0
912892,"GRUPO TELEVISA, S.A.B.",Mexico,2024,20-F,176423,6,12,18,18,1,0,18,1.0203,1.0203
912892,"GRUPO TELEVISA, S.A.B.",Mexico,2025,20-F,174877,8,14,22,29,0,0,22,1.258,1.258
913059,Banco BBVA Argentina S.A.,Argentina,2017,20-F,179286,0,0,0,0,1,0,0,0.0,0.0
913059,Banco BBVA Argentina S.A.,Argentina,2018,20-F,164269,2,0,2,3,0,0,2,0.1218,0.1218
913059,Banco BBVA Argentina S.A.,Argentina,2019,20-F,171538,2,0,2,2,0,0,2,0.1166,0.1166
913059,Banco BBVA Argentina S.A.,Argentina,2020,20-F,176348,2,0,2,3,1,2,0,0.0,0.1134
913059,Banco BBVA Argentina S.A.,Argentina,2021,20-F,185870,3,0,3,3,0,0,3,0.1614,0.1614
913059,Banco BBVA Argentina S.A.,Argentina,2022,20-F,184962,1,1,2,0,0,0,2,0.1081,0.1081
913059,Banco BBVA Argentina S.A.,Argentina,2023,20-F,192722,6,0,6,0,0,0,6,0.3113,0.3113
913059,Banco BBVA Argentina S.A.,Argentina,2024,20-F,190338,1,0,1,3,0,0,1,0.0525,0.0525
913059,Banco BBVA Argentina S.A.,Argentina,2025,20-F,201728,3,1,4,3,0,0,4,0.1983,0.1983
917851,Vale S.A.,Brazil,2021,20-F,193921,0,0,0,0,0,0,0,0.0,0.0
917851,Vale S.A.,Brazil,2022,20-F,181248,0,0,0,0,1,0,0,0.0,0.0
917851,Vale S.A.,Brazil,2023,20-F,187163,1,0,1,0,1,1,0,0.0,0.0534
917851,Vale S.A.,Brazil,2024,20-F,177366,2,0,2,1,1,2,0,0.0,0.1128
917851,Vale S.A.,Brazil,2025,20-F,170598,5,2,7,2,1,7,0,0.0,0.4103
925261,ANDINA BOTTLING CO INC,Chile,2017,20-F,114227,0,0,0,0,0,0,0,0.0,0.0
925261,ANDINA BOTTLING CO INC,Chile,2018,20-F,117999,0,0,0,0,0,0,0,0.0,0.0
925261,ANDINA BOTTLING CO INC,Chile,2019,20-F,111627,1,0,1,0,0,0,1,0.0896,0.0896
925261,ANDINA BOTTLING CO INC,Chile,2020,20-F,111146,1,0,1,0,0,0,1,0.09,0.09
925261,ANDINA BOTTLING CO INC,Chile,2021,20-F,139058,2,0,2,0,0,0,2,0.1438,0.1438
925261,ANDINA BOTTLING CO INC,Chile,2022,20-F,133239,2,0,2,0,0,0,2,0.1501,0.1501
925261,ANDINA BOTTLING CO INC,Chile,2023,20-F,138037,2,0,2,0,0,0,2,0.1449,0.1449
925261,ANDINA BOTTLING CO INC,Chile,2024,20-F,139576,5,0,5,0,0,0,5,0.3582,0.3582
925261,ANDINA BOTTLING CO INC,Chile,2025,20-F,146631,5,0,5,1,0,0,5,0.341,0.341
926864,ENEL GENERACION CHILE S.A.,Chile,2017,20-F,135670,0,0,0,0,0,0,0,0.0,0.0
926864,ENEL GENERACION CHILE S.A.,Chile,2018,20-F,127719,0,0,0,0,0,0,0,0.0,0.0
926864,ENEL GENERACION CHILE S.A.,Chile,2019,20-F,126109,0,0,0,0,0,0,0,0.0,0.0
930543,CONCHA Y TORO WINERY INC,Chile,2017,20-F,134133,0,0,0,0,0,0,0,0.0,0.0
930543,CONCHA Y TORO WINERY INC,Chile,2018,20-F,136047,1,0,1,0,1,1,0,0.0,0.0735
931427,GAS TRANSPORTER OF THE SOUTH INC,Argentina,2017,20-F,133332,0,0,0,0,1,0,0,0.0,0.0
931427,GAS TRANSPORTER OF THE SOUTH INC,Argentina,2018,20-F,144732,0,0,0,0,1,0,0,0.0,0.0
931427,GAS TRANSPORTER OF THE SOUTH INC,Argentina,2019,20-F,153608,0,0,0,0,0,0,0,0.0,0.0
931427,GAS TRANSPORTER OF THE SOUTH INC,Argentina,2020,20-F,164618,0,0,0,0,0,0,0,0.0,0.0
931427,GAS TRANSPORTER OF THE SOUTH INC,Argentina,2021,20-F,178263,0,0,0,0,1,0,0,0.0,0.0
931427,GAS TRANSPORTER OF THE SOUTH INC,Argentina,2022,20-F,173873,0,0,0,0,0,0,0,0.0,0.0
931427,GAS TRANSPORTER OF THE SOUTH INC,Argentina,2023,20-F,172871,0,0,0,0,0,0,0,0.0,0.0
931427,GAS TRANSPORTER OF THE SOUTH INC,Argentina,2024,20-F,173289,0,0,0,0,1,0,0,0.0,0.0
931427,GAS TRANSPORTER OF THE SOUTH INC,Argentina,2025,20-F,169290,2,0,2,0,0,0,2,0.1181,0.1181
932470,TELECOM ARGENTINA SA,Argentina,2017,20-F,209130,0,1,1,0,1,0,1,0.0478,0.0478
932470,TELECOM ARGENTINA SA,Argentina,2018,20-F,206769,0,0,0,0,1,0,0,0.0,0.0
932470,TELECOM ARGENTINA SA,Argentina,2019,20-F,151135,0,0,0,0,1,0,0,0.0,0.0
932470,TELECOM ARGENTINA SA,Argentina,2020,20-F,163837,0,0,0,0,1,0,0,0.0,0.0
932470,TELECOM ARGENTINA SA,Argentina,2021,20-F,182301,0,0,0,0,0,0,0,0.0,0.0
932470,TELECOM ARGENTINA SA,Argentina,2022,20-F,167647,1,0,1,0,0,0,1,0.0596,0.0596
932470,TELECOM ARGENTINA SA,Argentina,2023,20-F,166546,6,0,6,0,0,0,6,0.3603,0.3603
932470,TELECOM ARGENTINA SA,Argentina,2024,20-F,171521,5,2,7,18,0,0,7,0.4081,0.4081
932470,TELECOM ARGENTINA SA,Argentina,2025,20-F,184952,10,6,16,29,0,0,16,0.8651,0.8651
932782,MEXICAN PETROLEUM,Mexico,2017,20-F,211155,0,0,0,0,1,0,0,0.0,0.0
932782,MEXICAN PETROLEUM,Mexico,2018,20-F,205104,0,0,0,0,1,0,0,0.0,0.0
932782,MEXICAN PETROLEUM,Mexico,2019,20-F,211913,0,0,0,0,1,0,0,0.0,0.0
932782,MEXICAN PETROLEUM,Mexico,2020,20-F,195120,0,0,0,0,0,0,0,0.0,0.0
932782,MEXICAN PETROLEUM,Mexico,2021,20-F,214985,0,0,0,0,0,0,0,0.0,0.0
932782,MEXICAN PETROLEUM,Mexico,2022,20-F,214183,0,0,0,0,0,0,0,0.0,0.0
932782,MEXICAN PETROLEUM,Mexico,2023,20-F,220453,1,0,1,0,0,0,1,0.0454,0.0454
932782,MEXICAN PETROLEUM,Mexico,2024,20-F,229808,1,0,1,0,0,0,1,0.0435,0.0435
932782,MEXICAN PETROLEUM,Mexico,2025,20-F,225257,1,0,1,0,0,0,1,0.0444,0.0444
933267,IRSA INVESTMENTS & REPRESENTATIONS INC,Argentina,2017,20-F,296705,0,0,0,0,0,0,0,0.0,0.0
933267,IRSA INVESTMENTS & REPRESENTATIONS INC,Argentina,2018,20-F,291173,0,0,0,0,0,0,0,0.0,0.0
933267,IRSA INVESTMENTS & REPRESENTATIONS INC,Argentina,2019,20-F,311427,0,0,0,0,0,0,0,0.0,0.0
933267,IRSA INVESTMENTS & REPRESENTATIONS INC,Argentina,2020,20-F,275803,0,0,0,0,0,0,0,0.0,0.0
933267,IRSA INVESTMENTS & REPRESENTATIONS INC,Argentina,2021,20-F,190499,1,2,3,0,0,0,3,0.1575,0.1575
933267,IRSA INVESTMENTS & REPRESENTATIONS INC,Argentina,2022,20-F,193300,2,1,3,0,0,0,3,0.1552,0.1552
933267,IRSA INVESTMENTS & REPRESENTATIONS INC,Argentina,2023,20-F,204670,2,1,3,0,0,0,3,0.1466,0.1466
933267,IRSA INVESTMENTS & REPRESENTATIONS INC,Argentina,2024,20-F,202873,3,1,4,0,0,0,4,0.1972,0.1972
933267,IRSA INVESTMENTS & REPRESENTATIONS INC,Argentina,2025,20-F,197128,4,1,5,0,0,0,5,0.2536,0.2536
1001290,CREDICORP LTD,Peru,2017,20-F,173488,0,0,0,0,1,0,0,0.0,0.0
1001290,CREDICORP LTD,Peru,2018,20-F,192873,0,1,1,0,1,0,1,0.0518,0.0518
1001290,CREDICORP LTD,Peru,2019,20-F,211671,0,3,3,0,1,0,3,0.1417,0.1417
1001290,CREDICORP LTD,Peru,2020,20-F,242478,0,0,0,0,0,0,0,0.0,0.0
1001290,CREDICORP LTD,Peru,2021,20-F,284065,2,0,2,1,1,0,2,0.0704,0.0704
1001290,CREDICORP LTD,Peru,2022,20-F,285582,5,1,6,2,1,0,6,0.2101,0.2101
1001290,CREDICORP LTD,Peru,2023,20-F,280539,8,1,9,3,1,0,9,0.3208,0.3208
1001290,CREDICORP LTD,Peru,2024,20-F,280901,22,9,31,29,1,0,31,1.1036,1.1036
1001290,CREDICORP LTD,Peru,2025,20-F,283275,39,15,54,47,0,0,54,1.9063,1.9063
1001838,SOUTHERN COPPER CORP/,Peru,2017,10-K,91472,0,0,0,0,1,0,0,0.0,0.0
1001838,SOUTHERN COPPER CORP/,Peru,2018,10-K,93035,0,0,0,0,1,0,0,0.0,0.0
1001838,SOUTHERN COPPER CORP/,Peru,2019,10-K,107196,0,0,0,0,1,0,0,0.0,0.0
1001838,SOUTHERN COPPER CORP/,Peru,2020,10-K,108245,0,0,0,0,1,0,0,0.0,0.0
1001838,SOUTHERN COPPER CORP/,Peru,2021,10-K,119213,0,0,0,0,1,0,0,0.0,0.0
1001838,SOUTHERN COPPER CORP/,Peru,2022,10-K,122837,0,0,0,0,1,0,0,0.0,0.0
1001838,SOUTHERN COPPER CORP/,Peru,2023,10-K,126957,1,0,1,6,1,0,1,0.0788,0.0788
1001838,SOUTHERN COPPER CORP/,Peru,2024,10-K,130776,2,0,2,6,1,0,2,0.1529,0.1529
1001838,SOUTHERN COPPER CORP/,Peru,2025,10-K,136631,1,0,1,6,1,0,1,0.0732,0.0732
1013131,BUENAVENTURA MINING CO INC,Peru,2017,20-F,164841,0,0,0,0,0,0,0,0.0,0.0
1013131,BUENAVENTURA MINING CO INC,Peru,2018,20-F,172800,0,0,0,0,0,0,0,0.0,0.0
1013131,BUENAVENTURA MINING CO INC,Peru,2019,20-F,177365,0,0,0,0,1,0,0,0.0,0.0
1013131,BUENAVENTURA MINING CO INC,Peru,2020,20-F,194934,0,0,0,0,1,0,0,0.0,0.0
1013131,BUENAVENTURA MINING CO INC,Peru,2021,20-F,273450,0,0,0,0,0,0,0,0.0,0.0
1013131,BUENAVENTURA MINING CO INC,Peru,2022,20-F,240241,0,0,0,0,0,0,0,0.0,0.0
1013131,BUENAVENTURA MINING CO INC,Peru,2023,20-F,244051,0,0,0,0,0,0,0,0.0,0.0
1013131,BUENAVENTURA MINING CO INC,Peru,2024,20-F,233230,0,0,0,0,0,0,0,0.0,0.0
1013131,BUENAVENTURA MINING CO INC,Peru,2025,20-F,236378,0,0,0,0,0,0,0,0.0,0.0
1027552,BANCO SANTANDER CHILE,Chile,2017,20-F,184141,0,0,0,0,0,0,0,0.0,0.0
1027552,BANCO SANTANDER CHILE,Chile,2018,20-F,198655,1,0,1,0,1,0,1,0.0503,0.0503
1027552,BANCO SANTANDER CHILE,Chile,2019,20-F,200428,0,0,0,0,0,0,0,0.0,0.0
1027552,BANCO SANTANDER CHILE,Chile,2020,20-F,206550,1,0,1,0,0,0,1,0.0484,0.0484
1027552,BANCO SANTANDER CHILE,Chile,2021,20-F,222127,0,0,0,0,1,0,0,0.0,0.0
1027552,BANCO SANTANDER CHILE,Chile,2022,20-F,230784,0,0,0,0,1,0,0,0.0,0.0
1027552,BANCO SANTANDER CHILE,Chile,2023,20-F,231854,3,5,8,16,0,0,8,0.345,0.345
1027552,BANCO SANTANDER CHILE,Chile,2024,20-F,240962,5,6,11,19,0,0,11,0.4565,0.4565
1027552,BANCO SANTANDER CHILE,Chile,2025,20-F,249649,2,10,12,25,0,0,12,0.4807,0.4807
1034957,CRESUD INC,Argentina,2017,20-F,410382,0,0,0,0,1,0,0,0.0,0.0
1034957,CRESUD INC,Argentina,2018,20-F,442984,0,0,0,0,1,0,0,0.0,0.0
1034957,CRESUD INC,Argentina,2019,20-F,377976,0,0,0,0,1,0,0,0.0,0.0
1034957,CRESUD INC,Argentina,2020,20-F,363783,0,0,0,0,0,0,0,0.0,0.0
1034957,CRESUD INC,Argentina,2021,20-F,260031,1,2,3,0,0,0,3,0.1154,0.1154
1034957,CRESUD INC,Argentina,2022,20-F,242655,2,1,3,0,0,0,3,0.1236,0.1236
1034957,CRESUD INC,Argentina,2023,20-F,257311,2,1,3,0,0,0,3,0.1166,0.1166
1034957,CRESUD INC,Argentina,2024,20-F,253363,4,1,5,0,0,0,5,0.1973,0.1973
1034957,CRESUD INC,Argentina,2025,20-F,252433,6,1,7,0,0,0,7,0.2773,0.2773
1038572,BRAZILIAN DISTRIBUTION CO COMPANHIA BRASILEIRA DE DISTR CBD,Brazil,2017,20-F,117726,0,0,0,0,1,0,0,0.0,0.0
1038572,BRAZILIAN DISTRIBUTION CO COMPANHIA BRASILEIRA DE DISTR CBD,Brazil,2018,20-F,115337,0,0,0,0,1,0,0,0.0,0.0
1038572,BRAZILIAN DISTRIBUTION CO COMPANHIA BRASILEIRA DE DISTR CBD,Brazil,2019,20-F,136320,0,0,0,0,1,0,0,0.0,0.0
1038572,BRAZILIAN DISTRIBUTION CO COMPANHIA BRASILEIRA DE DISTR CBD,Brazil,2020,20-F,135546,0,0,0,0,1,0,0,0.0,0.0
1038572,BRAZILIAN DISTRIBUTION CO COMPANHIA BRASILEIRA DE DISTR CBD,Brazil,2021,20-F,149808,0,0,0,0,1,0,0,0.0,0.0
1038572,BRAZILIAN DISTRIBUTION CO COMPANHIA BRASILEIRA DE DISTR CBD,Brazil,2022,20-F,180348,0,0,0,0,1,0,0,0.0,0.0
1038572,BRAZILIAN DISTRIBUTION CO COMPANHIA BRASILEIRA DE DISTR CBD,Brazil,2023,20-F,137125,2,0,2,0,1,0,2,0.1459,0.1459
1041792,ENERGY CO OF PARANA,Brazil,2019,20-F,161592,0,0,0,0,1,0,0,0.0,0.0
1041792,ENERGY CO OF PARANA,Brazil,2020,20-F,168098,0,0,0,0,1,0,0,0.0,0.0
1041792,ENERGY CO OF PARANA,Brazil,2021,20-F,187630,0,0,0,0,1,0,0,0.0,0.0
1041792,ENERGY CO OF PARANA,Brazil,2022,20-F,191207,0,0,0,0,1,0,0,0.0,0.0
1041792,ENERGY CO OF PARANA,Brazil,2023,20-F,193935,2,0,2,1,1,0,2,0.1031,0.1031
1041792,ENERGY CO OF PARANA,Brazil,2024,20-F,181677,3,0,3,1,0,0,3,0.1651,0.1651
1041792,ENERGY CO OF PARANA,Brazil,2025,20-F,173215,5,0,5,1,0,0,5,0.2887,0.2887
1044896,Industrias Bachoco S.A.B. de C.V.,Mexico,2017,20-F,79041,0,0,0,0,1,0,0,0.0,0.0
1044896,Industrias Bachoco S.A.B. de C.V.,Mexico,2018,20-F,78590,0,0,0,0,1,0,0,0.0,0.0
1044896,Industrias Bachoco S.A.B. de C.V.,Mexico,2019,20-F,78900,0,0,0,0,1,0,0,0.0,0.0
1044896,Industrias Bachoco S.A.B. de C.V.,Mexico,2020,20-F,82190,0,0,0,0,1,0,0,0.0,0.0
1044896,Industrias Bachoco S.A.B. de C.V.,Mexico,2021,20-F,99222,0,0,0,0,0,0,0,0.0,0.0
1047716,LATAM AIRLINES GROUP S.A.,Chile,2017,20-F,145166,0,0,0,0,0,0,0,0.0,0.0
1047716,LATAM AIRLINES GROUP S.A.,Chile,2018,20-F,149800,0,0,0,0,0,0,0,0.0,0.0
1047716,LATAM AIRLINES GROUP S.A.,Chile,2019,20-F,154345,1,0,1,0,0,0,1,0.0648,0.0648
1047716,LATAM AIRLINES GROUP S.A.,Chile,2020,20-F,166821,2,0,2,2,1,0,2,0.1199,0.1199
1047716,LATAM AIRLINES GROUP S.A.,Chile,2021,20-F,185910,1,0,1,1,1,0,1,0.0538,0.0538
1047716,LATAM AIRLINES GROUP S.A.,Chile,2022,20-F,185627,1,0,1,1,1,0,1,0.0539,0.0539
1047716,LATAM AIRLINES GROUP S.A.,Chile,2023,20-F,185094,6,0,6,4,0,0,6,0.3242,0.3242
1047716,LATAM AIRLINES GROUP S.A.,Chile,2024,20-F,197030,6,0,6,6,0,0,6,0.3045,0.3045
1047716,LATAM AIRLINES GROUP S.A.,Chile,2025,20-F,196369,5,2,7,9,0,0,7,0.3565,0.3565
1049659,NATIONAL STEEL CO,Brazil,2017,20-F,173345,0,0,0,0,1,0,0,0.0,0.0
1049659,NATIONAL STEEL CO,Brazil,2018,20-F,128411,0,0,0,0,1,0,0,0.0,0.0
1049659,NATIONAL STEEL CO,Brazil,2019,20-F,131530,0,0,0,0,1,0,0,0.0,0.0
1049659,NATIONAL STEEL CO,Brazil,2020,20-F,131672,0,0,0,0,0,0,0,0.0,0.0
1049659,NATIONAL STEEL CO,Brazil,2021,20-F,151968,0,0,0,0,1,0,0,0.0,0.0
1049659,NATIONAL STEEL CO,Brazil,2022,20-F,152740,0,0,0,0,0,0,0,0.0,0.0
1049659,NATIONAL STEEL CO,Brazil,2023,20-F,148668,0,0,0,0,1,0,0,0.0,0.0
1049659,NATIONAL STEEL CO,Brazil,2024,20-F,146706,0,0,0,0,1,0,0,0.0,0.0
1049659,NATIONAL STEEL CO,Brazil,2025,20-F,164052,3,6,9,22,0,0,9,0.5486,0.5486
1061736,MEXICAN ECONOMIC DEVELOPMENT INC,Mexico,2017,20-F,192293,0,0,0,0,1,0,0,0.0,0.0
1061736,MEXICAN ECONOMIC DEVELOPMENT INC,Mexico,2018,20-F,191645,0,0,0,0,1,0,0,0.0,0.0
1061736,MEXICAN ECONOMIC DEVELOPMENT INC,Mexico,2019,20-F,182869,0,0,0,0,0,0,0,0.0,0.0
1061736,MEXICAN ECONOMIC DEVELOPMENT INC,Mexico,2020,20-F,205577,0,1,1,0,0,0,1,0.0486,0.0486
1061736,MEXICAN ECONOMIC DEVELOPMENT INC,Mexico,2021,20-F,227884,0,2,2,0,0,0,2,0.0878,0.0878
1061736,MEXICAN ECONOMIC DEVELOPMENT INC,Mexico,2022,20-F,206317,0,2,2,0,0,0,2,0.0969,0.0969
1061736,MEXICAN ECONOMIC DEVELOPMENT INC,Mexico,2023,20-F,177772,0,0,0,0,0,0,0,0.0,0.0
1061736,MEXICAN ECONOMIC DEVELOPMENT INC,Mexico,2024,20-F,182381,0,0,0,0,0,0,0,0.0,0.0
1061736,MEXICAN ECONOMIC DEVELOPMENT INC,Mexico,2025,20-F,182130,0,1,1,1,0,0,1,0.0549,0.0549
1066116,TIM PARTICIPACOES SA,Brazil,2017,20-F,123505,1,1,2,0,0,0,2,0.1619,0.1619
1066116,TIM PARTICIPACOES SA,Brazil,2018,20-F,127503,3,1,4,1,0,0,4,0.3137,0.3137
1066116,TIM PARTICIPACOES SA,Brazil,2019,20-F,132766,2,1,3,1,0,0,3,0.226,0.226
1066119,TELEFONICA BRASIL S.A.,Brazil,2017,20-F,148348,1,0,1,0,0,0,1,0.0674,0.0674
1066119,TELEFONICA BRASIL S.A.,Brazil,2018,20-F,148019,5,0,5,0,0,0,5,0.3378,0.3378
1066119,TELEFONICA BRASIL S.A.,Brazil,2019,20-F,142027,7,2,9,0,0,0,9,0.6337,0.6337
1066119,TELEFONICA BRASIL S.A.,Brazil,2020,20-F,158604,7,1,8,0,1,0,8,0.5044,0.5044
1066119,TELEFONICA BRASIL S.A.,Brazil,2021,20-F,175764,7,2,9,1,0,0,9,0.5121,0.5121
1066119,TELEFONICA BRASIL S.A.,Brazil,2022,20-F,187253,4,1,5,0,0,0,5,0.267,0.267
1066119,TELEFONICA BRASIL S.A.,Brazil,2023,20-F,186918,9,1,10,2,0,0,10,0.535,0.535
1066119,TELEFONICA BRASIL S.A.,Brazil,2024,20-F,185159,10,1,11,3,0,0,11,0.5941,0.5941
1066119,TELEFONICA BRASIL S.A.,Brazil,2025,20-F,189560,12,2,14,3,0,0,14,0.7386,0.7386
1071371,BANCOLOMBIA SA,Colombia,2017,20-F,169666,0,0,0,0,1,0,0,0.0,0.0
1071371,BANCOLOMBIA SA,Colombia,2018,20-F,191016,0,0,0,0,1,0,0,0.0,0.0
1071371,BANCOLOMBIA SA,Colombia,2019,20-F,196517,0,0,0,0,1,0,0,0.0,0.0
1071371,BANCOLOMBIA SA,Colombia,2020,20-F,225964,0,1,1,0,1,0,1,0.0443,0.0443
1071371,BANCOLOMBIA SA,Colombia,2021,20-F,268277,0,0,0,0,1,0,0,0.0,0.0
1071371,BANCOLOMBIA SA,Colombia,2022,20-F,266202,1,0,1,1,1,1,0,0.0,0.0376
1071371,BANCOLOMBIA SA,Colombia,2023,20-F,271749,4,0,4,3,1,1,3,0.1104,0.1472
1071371,BANCOLOMBIA SA,Colombia,2024,20-F,239628,10,1,11,13,1,1,10,0.4173,0.459
1071438,BRASKEM SA,Brazil,2019,20-F,188540,0,0,0,0,1,0,0,0.0,0.0
1071438,BRASKEM SA,Brazil,2020,20-F,201945,0,0,0,0,1,0,0,0.0,0.0
1071438,BRASKEM SA,Brazil,2021,20-F,216388,0,0,0,0,0,0,0,0.0,0.0
1071438,BRASKEM SA,Brazil,2022,20-F,210929,0,0,0,0,1,0,0,0.0,0.0
1071438,BRASKEM SA,Brazil,2023,20-F,200805,0,0,0,0,1,0,0,0.0,0.0
1071438,BRASKEM SA,Brazil,2024,20-F,195219,0,0,0,0,1,0,0,0.0,0.0
1071438,BRASKEM SA,Brazil,2025,20-F,207546,0,0,0,2,1,0,0,0.0,0.0
1073404,GERDAU S.A.,Brazil,2017,20-F,126827,0,0,0,0,0,0,0,0.0,0.0
1073404,GERDAU S.A.,Brazil,2018,20-F,122117,0,0,0,0,0,0,0,0.0,0.0
1073404,GERDAU S.A.,Brazil,2019,20-F,119743,0,0,0,0,0,0,0,0.0,0.0
1073404,GERDAU S.A.,Brazil,2020,20-F,120759,0,0,0,0,0,0,0,0.0,0.0
1073404,GERDAU S.A.,Brazil,2021,20-F,128186,0,0,0,0,0,0,0,0.0,0.0
1073404,GERDAU S.A.,Brazil,2022,20-F,130960,1,0,1,0,0,0,1,0.0764,0.0764
1073404,GERDAU S.A.,Brazil,2023,20-F,135134,0,0,0,0,0,0,0,0.0,0.0
1073404,GERDAU S.A.,Brazil,2024,20-F,139495,0,0,0,0,0,0,0,0.0,0.0
1073404,GERDAU S.A.,Brazil,2025,20-F,141433,0,0,0,2,0,0,0,0.0,0.0
1076378,CEMEX SAB DE CV,Mexico,2017,20-F,228560,0,0,0,0,1,0,0,0.0,0.0
1076378,CEMEX SAB DE CV,Mexico,2018,20-F,233947,0,0,0,0,1,0,0,0.0,0.0
1076378,CEMEX SAB DE CV,Mexico,2019,20-F,243515,0,0,0,0,1,0,0,0.0,0.0
1076378,CEMEX SAB DE CV,Mexico,2020,20-F,243209,1,0,1,0,1,1,0,0.0,0.0411
1076378,CEMEX SAB DE CV,Mexico,2021,20-F,250747,2,1,3,0,0,0,3,0.1196,0.1196
1076378,CEMEX SAB DE CV,Mexico,2022,20-F,250568,5,1,6,0,0,0,6,0.2395,0.2395
1076378,CEMEX SAB DE CV,Mexico,2023,20-F,259824,17,2,19,27,0,0,19,0.7313,0.7313
1076378,CEMEX SAB DE CV,Mexico,2024,20-F,265233,16,8,24,43,0,0,24,0.9049,0.9049
1076378,CEMEX SAB DE CV,Mexico,2025,20-F,227646,18,11,29,53,0,0,29,1.2739,1.2739
1094972,ULTRAPAR HOLDINGS INC,Brazil,2017,20-F,166435,0,0,0,0,0,0,0,0.0,0.0
1094972,ULTRAPAR HOLDINGS INC,Brazil,2018,20-F,176611,0,0,0,0,0,0,0,0.0,0.0
1094972,ULTRAPAR HOLDINGS INC,Brazil,2019,20-F,180848,0,0,0,0,1,0,0,0.0,0.0
1094972,ULTRAPAR HOLDINGS INC,Brazil,2020,20-F,183069,1,0,1,0,0,0,1,0.0546,0.0546
1094972,ULTRAPAR HOLDINGS INC,Brazil,2021,20-F,187768,1,0,1,0,0,0,1,0.0533,0.0533
1094972,ULTRAPAR HOLDINGS INC,Brazil,2022,20-F,167750,2,0,2,0,0,0,2,0.1192,0.1192
1094972,ULTRAPAR HOLDINGS INC,Brazil,2023,20-F,168965,2,0,2,0,0,0,2,0.1184,0.1184
1094972,ULTRAPAR HOLDINGS INC,Brazil,2024,20-F,153993,3,0,3,3,0,0,3,0.1948,0.1948
1094972,ULTRAPAR HOLDINGS INC,Brazil,2025,20-F,161690,3,1,4,4,0,0,4,0.2474,0.2474
1099590,MERCADOLIBRE INC,Argentina,2017,10-K,89295,0,0,0,0,1,0,0,0.0,0.0
1099590,MERCADOLIBRE INC,Argentina,2018,10-K,82356,3,0,3,0,1,0,3,0.3643,0.3643
1099590,MERCADOLIBRE INC,Argentina,2019,10-K,76064,4,0,4,0,1,0,4,0.5259,0.5259
1099590,MERCADOLIBRE INC,Argentina,2020,10-K,82950,6,0,6,0,1,0,6,0.7233,0.7233
1099590,MERCADOLIBRE INC,Argentina,2021,10-K,87037,10,0,10,1,1,0,10,1.1489,1.1489
1099590,MERCADOLIBRE INC,Argentina,2022,10-K,98253,7,0,7,0,1,0,7,0.7124,0.7124
1099590,MERCADOLIBRE INC,Argentina,2023,10-K,99246,8,4,12,6,1,0,12,1.2091,1.2091
1099590,MERCADOLIBRE INC,Argentina,2024,10-K,105126,7,13,20,40,1,0,20,1.9025,1.9025
1099590,MERCADOLIBRE INC,Argentina,2025,10-K,100576,6,17,23,76,1,0,23,2.2868,2.2868
1110649,Fibria Celulose S.A.,Brazil,2017,20-F,128608,0,0,0,0,0,0,0,0.0,0.0
1114700,GRUPO FINANCIERO GALICIA SA,Argentina,2017,20-F,188113,0,0,0,0,1,0,0,0.0,0.0
1114700,GRUPO FINANCIERO GALICIA SA,Argentina,2018,20-F,169178,0,0,0,2,1,0,0,0.0,0.0
1114700,GRUPO FINANCIERO GALICIA SA,Argentina,2019,20-F,180440,0,0,0,1,0,0,0,0.0,0.0
1114700,GRUPO FINANCIERO GALICIA SA,Argentina,2020,20-F,185491,0,0,0,1,0,0,0,0.0,0.0
1114700,GRUPO FINANCIERO GALICIA SA,Argentina,2021,20-F,205430,0,0,0,1,0,0,0,0.0,0.0
1114700,GRUPO FINANCIERO GALICIA SA,Argentina,2022,20-F,215453,0,0,0,1,0,0,0,0.0,0.0
1114700,GRUPO FINANCIERO GALICIA SA,Argentina,2023,20-F,227972,1,1,2,1,0,0,2,0.0877,0.0877
1114700,GRUPO FINANCIERO GALICIA SA,Argentina,2024,20-F,259735,0,2,2,1,0,0,2,0.077,0.077
1114700,GRUPO FINANCIERO GALICIA SA,Argentina,2025,20-F,266775,11,4,15,5,0,0,15,0.5623,0.5623
1119639,PETROBRAS - PETROLEO BRASILEIRO SA,Brazil,2022,20-F,222563,7,1,8,1,1,8,0,0.0,0.3594
1119639,PETROBRAS - PETROLEO BRASILEIRO SA,Brazil,2023,20-F,214253,3,0,3,0,1,3,0,0.0,0.14
1119639,PETROBRAS - PETROLEO BRASILEIRO SA,Brazil,2024,20-F,211918,2,0,2,6,1,0,2,0.0944,0.0944
1119639,PETROBRAS - PETROLEO BRASILEIRO SA,Brazil,2025,20-F,202373,4,0,4,8,1,4,0,0.0,0.1977
1122491,BRF S.A.,Brazil,2017,20-F,155592,0,0,0,0,0,0,0,0.0,0.0
1122491,BRF S.A.,Brazil,2018,20-F,151532,0,0,0,0,0,0,0,0.0,0.0
1122491,BRF S.A.,Brazil,2019,20-F,151484,0,0,0,0,0,0,0,0.0,0.0
1122491,BRF S.A.,Brazil,2020,20-F,159536,0,0,0,0,0,0,0,0.0,0.0
1122491,BRF S.A.,Brazil,2021,20-F,193739,1,0,1,0,0,0,1,0.0516,0.0516
1122491,BRF S.A.,Brazil,2022,20-F,185498,0,0,0,0,0,0,0,0.0,0.0
1122491,BRF S.A.,Brazil,2023,20-F,175909,0,1,1,2,0,0,1,0.0568,0.0568
1122491,BRF S.A.,Brazil,2024,20-F,176899,0,2,2,0,0,0,2,0.1131,0.1131
1123452,SOUTHEAST AIRPORT GROUP,Mexico,2017,20-F,144059,0,0,0,0,1,0,0,0.0,0.0
1123452,SOUTHEAST AIRPORT GROUP,Mexico,2018,20-F,145608,0,0,0,0,1,0,0,0.0,0.0
1123452,SOUTHEAST AIRPORT GROUP,Mexico,2019,20-F,147281,0,0,0,0,1,0,0,0.0,0.0
1123452,SOUTHEAST AIRPORT GROUP,Mexico,2020,20-F,154824,0,0,0,0,1,0,0,0.0,0.0
1123452,SOUTHEAST AIRPORT GROUP,Mexico,2021,20-F,163801,0,0,0,0,0,0,0,0.0,0.0
1123452,SOUTHEAST AIRPORT GROUP,Mexico,2022,20-F,165950,0,0,0,0,0,0,0,0.0,0.0
1123452,SOUTHEAST AIRPORT GROUP,Mexico,2023,20-F,169264,0,0,0,0,0,0,0,0.0,0.0
1123452,SOUTHEAST AIRPORT GROUP,Mexico,2024,20-F,170030,0,0,0,0,0,0,0,0.0,0.0
1123452,SOUTHEAST AIRPORT GROUP,Mexico,2025,20-F,188238,0,0,0,0,0,0,0,0.0,0.0
1128173,IRSA PROPIEDADES COMERCIALES S.A.,Argentina,2017,20-F,217868,0,0,0,0,0,0,0,0.0,0.0
1128173,IRSA PROPIEDADES COMERCIALES S.A.,Argentina,2018,20-F,207947,0,0,0,0,0,0,0,0.0,0.0
1128173,IRSA PROPIEDADES COMERCIALES S.A.,Argentina,2019,20-F,205687,0,0,0,0,0,0,0,0.0,0.0
1128173,IRSA PROPIEDADES COMERCIALES S.A.,Argentina,2020,20-F,203975,0,0,0,0,0,0,0,0.0,0.0
1128173,IRSA PROPIEDADES COMERCIALES S.A.,Argentina,2021,20-F,170338,1,2,3,0,0,0,3,0.1761,0.1761
1129137,AMERICA MOVIL SAB DE CV/,Mexico,2017,20-F,104722,0,0,0,0,1,0,0,0.0,0.0
1129137,AMERICA MOVIL SAB DE CV/,Mexico,2018,20-F,99694,0,0,0,2,1,0,0,0.0,0.0
1129137,AMERICA MOVIL SAB DE CV/,Mexico,2019,20-F,95028,0,0,0,3,1,0,0,0.0,0.0
1129137,AMERICA MOVIL SAB DE CV/,Mexico,2020,20-F,86493,0,0,0,1,1,0,0,0.0,0.0
1129137,AMERICA MOVIL SAB DE CV/,Mexico,2021,20-F,102395,0,0,0,0,1,0,0,0.0,0.0
1129137,AMERICA MOVIL SAB DE CV/,Mexico,2022,20-F,108925,0,0,0,0,1,0,0,0.0,0.0
1129137,AMERICA MOVIL SAB DE CV/,Mexico,2023,20-F,114445,1,0,1,0,1,0,1,0.0874,0.0874
1129137,AMERICA MOVIL SAB DE CV/,Mexico,2024,20-F,123247,2,2,4,10,1,4,0,0.0,0.3246
1129137,AMERICA MOVIL SAB DE CV/,Mexico,2025,20-F,121299,2,2,4,11,1,3,1,0.0824,0.3298
1132597,Itau Unibanco Holding S.A.,Brazil,2019,20-F,204851,0,0,0,0,1,0,0,0.0,0.0
1132597,Itau Unibanco Holding S.A.,Brazil,2020,20-F,208678,0,0,0,0,1,0,0,0.0,0.0
1132597,Itau Unibanco Holding S.A.,Brazil,2021,20-F,245742,0,2,2,0,1,0,2,0.0814,0.0814
1132597,Itau Unibanco Holding S.A.,Brazil,2022,20-F,235870,8,3,11,0,1,0,11,0.4664,0.4664
1132597,Itau Unibanco Holding S.A.,Brazil,2023,20-F,230611,6,0,6,6,1,0,6,0.2602,0.2602
1132597,Itau Unibanco Holding S.A.,Brazil,2024,20-F,230033,8,1,9,17,1,0,9,0.3912,0.3912
1132597,Itau Unibanco Holding S.A.,Brazil,2025,20-F,220262,9,2,11,24,1,5,6,0.2724,0.4994
1157557,ENERGY CO OF MINAS GERAIS,Brazil,2017,20-F,201770,0,0,0,0,0,0,0,0.0,0.0
1157557,ENERGY CO OF MINAS GERAIS,Brazil,2018,20-F,210128,0,0,0,0,0,0,0,0.0,0.0
1157557,ENERGY CO OF MINAS GERAIS,Brazil,2019,20-F,201542,0,0,0,0,1,0,0,0.0,0.0
1157557,ENERGY CO OF MINAS GERAIS,Brazil,2020,20-F,209120,0,0,0,0,1,0,0,0.0,0.0
1157557,ENERGY CO OF MINAS GERAIS,Brazil,2021,20-F,225509,1,0,1,0,1,0,1,0.0443,0.0443
1157557,ENERGY CO OF MINAS GERAIS,Brazil,2022,20-F,202678,2,2,4,0,0,0,4,0.1974,0.1974
1157557,ENERGY CO OF MINAS GERAIS,Brazil,2023,20-F,196556,1,1,2,0,0,0,2,0.1018,0.1018
1157557,ENERGY CO OF MINAS GERAIS,Brazil,2024,20-F,204858,1,2,3,1,0,0,3,0.1464,0.1464
1157557,ENERGY CO OF MINAS GERAIS,Brazil,2025,20-F,198170,8,4,12,7,0,0,12,0.6055,0.6055
1160330,BANK BRADESCO,Brazil,2017,20-F,198228,5,0,5,0,1,0,5,0.2522,0.2522
1160330,BANK BRADESCO,Brazil,2018,20-F,205757,4,0,4,0,1,0,4,0.1944,0.1944
1160330,BANK BRADESCO,Brazil,2019,20-F,209033,4,0,4,0,1,0,4,0.1914,0.1914
1160330,BANK BRADESCO,Brazil,2020,20-F,223632,4,0,4,0,1,0,4,0.1789,0.1789
1160330,BANK BRADESCO,Brazil,2021,20-F,228745,5,0,5,0,1,0,5,0.2186,0.2186
1160330,BANK BRADESCO,Brazil,2022,20-F,220836,14,0,14,0,1,0,14,0.634,0.634
1160330,BANK BRADESCO,Brazil,2023,20-F,220448,20,0,20,0,1,2,18,0.8165,0.9072
1160330,BANK BRADESCO,Brazil,2024,20-F,221393,19,0,19,3,1,2,17,0.7679,0.8582
1160330,BANK BRADESCO,Brazil,2025,20-F,200109,22,2,24,10,1,24,0,0.0,1.1993
1160846,OI S.A. - In Judicial Reorganization,Brazil,2017,20-F,233879,0,0,0,0,0,0,0,0.0,0.0
1160846,OI S.A. - In Judicial Reorganization,Brazil,2018,20-F,184565,0,0,0,0,1,0,0,0.0,0.0
1160846,OI S.A. - In Judicial Reorganization,Brazil,2019,20-F,180921,0,0,0,0,1,0,0,0.0,0.0
1160846,OI S.A. - In Judicial Reorganization,Brazil,2020,20-F,186624,0,2,2,0,1,0,2,0.1072,0.1072
1161125,BANK OF CHILE,Chile,2017,20-F,201601,0,0,0,0,1,0,0,0.0,0.0
1161125,BANK OF CHILE,Chile,2018,20-F,218453,0,0,0,0,1,0,0,0.0,0.0
1161125,BANK OF CHILE,Chile,2019,20-F,226989,0,0,0,0,0,0,0,0.0,0.0
1161125,BANK OF CHILE,Chile,2020,20-F,236800,0,0,0,0,0,0,0,0.0,0.0
1161125,BANK OF CHILE,Chile,2021,20-F,294651,0,2,2,0,1,0,2,0.0679,0.0679
1161125,BANK OF CHILE,Chile,2022,20-F,339066,0,2,2,0,1,0,2,0.059,0.059
1161125,BANK OF CHILE,Chile,2023,20-F,318753,6,2,8,0,0,0,8,0.251,0.251
1161125,BANK OF CHILE,Chile,2024,20-F,316327,8,3,11,6,1,0,11,0.3477,0.3477
1161125,BANK OF CHILE,Chile,2025,20-F,305577,10,16,26,42,1,0,26,0.8508,0.8508
1170858,COMPANHIA DE SANEAMENTO BASICO DO ESTADO DE SAO PAULO-SABESP,Brazil,2017,20-F,162291,3,0,3,0,1,0,3,0.1849,0.1849
1170858,COMPANHIA DE SANEAMENTO BASICO DO ESTADO DE SAO PAULO-SABESP,Brazil,2018,20-F,162130,3,0,3,0,1,0,3,0.185,0.185
1170858,COMPANHIA DE SANEAMENTO BASICO DO ESTADO DE SAO PAULO-SABESP,Brazil,2019,20-F,157315,3,0,3,0,1,0,3,0.1907,0.1907
1170858,COMPANHIA DE SANEAMENTO BASICO DO ESTADO DE SAO PAULO-SABESP,Brazil,2020,20-F,164979,2,0,2,0,1,0,2,0.1212,0.1212
1170858,COMPANHIA DE SANEAMENTO BASICO DO ESTADO DE SAO PAULO-SABESP,Brazil,2021,20-F,171894,3,0,3,0,1,0,3,0.1745,0.1745
1170858,COMPANHIA DE SANEAMENTO BASICO DO ESTADO DE SAO PAULO-SABESP,Brazil,2022,20-F,167312,3,0,3,0,1,0,3,0.1793,0.1793
1170858,COMPANHIA DE SANEAMENTO BASICO DO ESTADO DE SAO PAULO-SABESP,Brazil,2023,20-F,201366,3,0,3,0,1,0,3,0.149,0.149
1170858,COMPANHIA DE SANEAMENTO BASICO DO ESTADO DE SAO PAULO-SABESP,Brazil,2024,20-F,151069,1,0,1,0,1,0,1,0.0662,0.0662
1170858,COMPANHIA DE SANEAMENTO BASICO DO ESTADO DE SAO PAULO-SABESP,Brazil,2025,20-F,153894,2,1,3,0,1,0,3,0.1949,0.1949
1190723,TENARIS SA,Argentina,2017,20-F,100446,0,0,0,0,0,0,0,0.0,0.0
1190723,TENARIS SA,Argentina,2018,20-F,101298,0,0,0,0,0,0,0,0.0,0.0
1190723,TENARIS SA,Argentina,2019,20-F,111965,0,0,0,0,0,0,0,0.0,0.0
1190723,TENARIS SA,Argentina,2020,20-F,115790,0,0,0,0,0,0,0,0.0,0.0
1190723,TENARIS SA,Argentina,2021,20-F,126538,0,0,0,0,0,0,0,0.0,0.0
1190723,TENARIS SA,Argentina,2022,20-F,128318,0,0,0,0,0,0,0,0.0,0.0
1190723,TENARIS SA,Argentina,2023,20-F,137741,3,0,3,3,1,0,3,0.2178,0.2178
1190723,TENARIS SA,Argentina,2024,20-F,168993,8,3,11,10,1,0,11,0.6509,0.6509
1190723,TENARIS SA,Argentina,2025,20-F,164905,10,7,17,12,1,0,17,1.0309,1.0309
1273441,GRAN TIERRA ENERGY INC.,Colombia,2020,10-K,54429,0,0,0,0,1,0,0,0.0,0.0
1273441,GRAN TIERRA ENERGY INC.,Colombia,2021,10-K,55087,0,0,0,0,1,0,0,0.0,0.0
1273441,GRAN TIERRA ENERGY INC.,Colombia,2022,10-K,53562,0,0,0,0,1,0,0,0.0,0.0
1273441,GRAN TIERRA ENERGY INC.,Colombia,2023,10-K,54616,0,0,0,0,1,0,0,0.0,0.0
1273441,GRAN TIERRA ENERGY INC.,Colombia,2024,10-K,67774,0,0,0,0,1,0,0,0.0,0.0
1273441,GRAN TIERRA ENERGY INC.,Colombia,2025,10-K,73586,0,0,0,0,1,0,0,0.0,0.0
1276671,BANCO ITAU CHILE,Chile,2017,20-F,226717,0,0,0,2,1,0,0,0.0,0.0
1276671,BANCO ITAU CHILE,Chile,2018,20-F,242999,1,0,1,1,1,0,1,0.0412,0.0412
1276671,BANCO ITAU CHILE,Chile,2019,20-F,281359,1,0,1,1,1,0,1,0.0355,0.0355
1276671,BANCO ITAU CHILE,Chile,2020,20-F,286882,1,2,3,1,1,0,3,0.1046,0.1046
1276671,BANCO ITAU CHILE,Chile,2021,20-F,325453,1,0,1,1,1,0,1,0.0307,0.0307
1276671,BANCO ITAU CHILE,Chile,2022,20-F,316205,1,0,1,0,1,0,1,0.0316,0.0316
1291733,Gol Intelligent Airlines Inc.,Brazil,2017,20-F,110741,0,1,1,0,1,0,1,0.0903,0.0903
1291733,Gol Intelligent Airlines Inc.,Brazil,2018,20-F,114442,0,1,1,0,1,0,1,0.0874,0.0874
1291733,Gol Intelligent Airlines Inc.,Brazil,2019,20-F,114490,0,1,1,0,1,0,1,0.0873,0.0873
1291733,Gol Intelligent Airlines Inc.,Brazil,2020,20-F,116316,0,0,0,0,0,0,0,0.0,0.0
1291733,Gol Intelligent Airlines Inc.,Brazil,2021,20-F,108065,0,0,0,0,0,0,0,0.0,0.0
1291733,Gol Intelligent Airlines Inc.,Brazil,2022,20-F,111818,0,0,0,0,0,0,0,0.0,0.0
1291733,Gol Intelligent Airlines Inc.,Brazil,2023,20-F,111708,0,0,0,0,0,0,0,0.0,0.0
1300482,CPFL Energy INC,Brazil,2017,20-F,164395,0,0,0,0,1,0,0,0.0,0.0
1300482,CPFL Energy INC,Brazil,2018,20-F,160618,0,0,0,0,1,0,0,0.0,0.0
1300482,CPFL Energy INC,Brazil,2019,20-F,168831,0,1,1,0,1,0,1,0.0592,0.0592
1342874,Ternium S.A.,Mexico,2017,20-F,126209,0,0,0,0,0,0,0,0.0,0.0
1342874,Ternium S.A.,Mexico,2018,20-F,128134,0,0,0,0,0,0,0,0.0,0.0
1342874,Ternium S.A.,Mexico,2019,20-F,128516,0,0,0,0,0,0,0,0.0,0.0
1342874,Ternium S.A.,Mexico,2020,20-F,141401,0,0,0,0,0,0,0,0.0,0.0
1342874,Ternium S.A.,Mexico,2021,20-F,139008,0,0,0,0,0,0,0,0.0,0.0
1342874,Ternium S.A.,Mexico,2022,20-F,139952,0,0,0,0,0,0,0,0.0,0.0
1342874,Ternium S.A.,Mexico,2023,20-F,157202,3,0,3,2,0,0,3,0.1908,0.1908
1342874,Ternium S.A.,Mexico,2024,20-F,158987,2,0,2,2,0,0,2,0.1258,0.1258
1342874,Ternium S.A.,Mexico,2025,20-F,156324,4,0,4,0,0,0,4,0.2559,0.2559
1345105,"Copa Holdings, S.A.",Panama,2017,20-F,93127,0,0,0,0,0,0,0,0.0,0.0
1345105,"Copa Holdings, S.A.",Panama,2018,20-F,93665,0,0,0,0,0,0,0,0.0,0.0
1345105,"Copa Holdings, S.A.",Panama,2019,20-F,91647,0,0,0,0,0,0,0,0.0,0.0
1345105,"Copa Holdings, S.A.",Panama,2020,20-F,89667,0,0,0,0,1,0,0,0.0,0.0
1345105,"Copa Holdings, S.A.",Panama,2021,20-F,94853,0,0,0,0,0,0,0,0.0,0.0
1345105,"Copa Holdings, S.A.",Panama,2022,20-F,93688,0,0,0,0,0,0,0,0.0,0.0
1345105,"Copa Holdings, S.A.",Panama,2023,20-F,93283,0,0,0,0,0,0,0,0.0,0.0
1345105,"Copa Holdings, S.A.",Panama,2024,20-F,93031,0,0,0,0,0,0,0,0.0,0.0
1345105,"Copa Holdings, S.A.",Panama,2025,20-F,92142,2,0,2,0,0,0,2,0.2171,0.2171
1347557,Pacific Airport Group,Mexico,2017,20-F,173408,0,0,0,0,1,0,0,0.0,0.0
1347557,Pacific Airport Group,Mexico,2018,20-F,174061,0,0,0,0,1,0,0,0.0,0.0
1347557,Pacific Airport Group,Mexico,2019,20-F,173907,0,0,0,0,1,0,0,0.0,0.0
1347557,Pacific Airport Group,Mexico,2020,20-F,177681,0,0,0,0,1,0,0,0.0,0.0
1347557,Pacific Airport Group,Mexico,2021,20-F,186233,0,0,0,0,1,0,0,0.0,0.0
1347557,Pacific Airport Group,Mexico,2022,20-F,186861,0,0,0,0,1,0,0,0.0,0.0
1347557,Pacific Airport Group,Mexico,2023,20-F,183186,1,0,1,1,1,0,1,0.0546,0.0546
1347557,Pacific Airport Group,Mexico,2024,20-F,183147,9,0,9,2,1,0,9,0.4914,0.4914
1347557,Pacific Airport Group,Mexico,2025,20-F,189649,9,0,9,2,1,0,9,0.4746,0.4746
1355444,EMBRAER S.A.,Brazil,2017,20-F,129724,0,0,0,0,1,0,0,0.0,0.0
1355444,EMBRAER S.A.,Brazil,2018,20-F,141719,1,0,1,1,1,0,1,0.0706,0.0706
1355444,EMBRAER S.A.,Brazil,2019,20-F,158459,1,0,1,1,1,0,1,0.0631,0.0631
1355444,EMBRAER S.A.,Brazil,2020,20-F,152216,5,0,5,0,1,0,5,0.3285,0.3285
1355444,EMBRAER S.A.,Brazil,2021,20-F,161176,7,0,7,0,1,0,7,0.4343,0.4343
1355444,EMBRAER S.A.,Brazil,2022,20-F,157842,6,0,6,0,1,0,6,0.3801,0.3801
1355444,EMBRAER S.A.,Brazil,2023,20-F,146900,7,0,7,1,1,1,6,0.4084,0.4765
1355444,EMBRAER S.A.,Brazil,2024,20-F,149739,8,1,9,15,1,4,5,0.3339,0.601
1355444,EMBRAER S.A.,Brazil,2025,20-F,154509,11,9,20,34,0,0,20,1.2944,1.2944
1378239,Central North Airport Group,Mexico,2017,20-F,146100,0,0,0,0,1,0,0,0.0,0.0
1378239,Central North Airport Group,Mexico,2018,20-F,141249,0,0,0,0,1,0,0,0.0,0.0
1378239,Central North Airport Group,Mexico,2019,20-F,140260,0,0,0,0,1,0,0,0.0,0.0
1378239,Central North Airport Group,Mexico,2020,20-F,153475,0,0,0,0,0,0,0,0.0,0.0
1378239,Central North Airport Group,Mexico,2021,20-F,164630,0,0,0,0,0,0,0,0.0,0.0
1378239,Central North Airport Group,Mexico,2022,20-F,166654,0,0,0,0,0,0,0,0.0,0.0
1378239,Central North Airport Group,Mexico,2023,20-F,170016,0,0,0,0,0,0,0,0.0,0.0
1378239,Central North Airport Group,Mexico,2024,20-F,170044,0,0,0,0,0,0,0,0.0,0.0
1378239,Central North Airport Group,Mexico,2025,20-F,174049,0,0,0,0,0,0,0,0.0,0.0
1389207,Gafisa S.A.,Brazil,2017,20-F,142063,0,0,0,0,0,0,0,0.0,0.0
1389207,Gafisa S.A.,Brazil,2018,20-F,149211,0,0,0,0,0,0,0,0.0,0.0
1389207,Gafisa S.A.,Brazil,2019,20-F,134866,0,0,0,0,0,0,0,0.0,0.0
1389207,Gafisa S.A.,Brazil,2020,20-F,138359,0,0,0,0,1,0,0,0.0,0.0
1389207,Gafisa S.A.,Brazil,2021,20-F,138170,0,0,0,0,1,0,0,0.0,0.0
1395213,EDENOR,Argentina,2017,20-F,155978,0,0,0,0,1,0,0,0.0,0.0
1395213,EDENOR,Argentina,2018,20-F,148954,2,1,3,0,1,0,3,0.2014,0.2014
1395213,EDENOR,Argentina,2019,20-F,158024,2,0,2,0,1,0,2,0.1266,0.1266
1395213,EDENOR,Argentina,2020,20-F,149208,2,0,2,0,1,0,2,0.134,0.134
1395213,EDENOR,Argentina,2021,20-F,162577,1,1,2,0,1,0,2,0.123,0.123
1395213,EDENOR,Argentina,2022,20-F,158561,1,1,2,0,1,0,2,0.1261,0.1261
1395213,EDENOR,Argentina,2023,20-F,153979,6,1,7,0,1,0,7,0.4546,0.4546
1395213,EDENOR,Argentina,2024,20-F,156690,10,0,10,4,1,0,10,0.6382,0.6382
1395213,EDENOR,Argentina,2025,20-F,157341,6,0,6,0,1,0,6,0.3813,0.3813
1402902,Cosan Ltd.,Brazil,2017,20-F,161026,0,0,0,0,1,0,0,0.0,0.0
1402902,Cosan Ltd.,Brazil,2018,20-F,164909,0,0,0,0,1,0,0,0.0,0.0
1402902,Cosan Ltd.,Brazil,2019,20-F,185878,0,0,0,0,0,0,0,0.0,0.0
1430162,Cosan S.A.,Brazil,2020,20-F,205087,1,0,1,1,0,0,1,0.0488,0.0488
1430162,Cosan S.A.,Brazil,2021,20-F,245574,1,0,1,1,0,0,1,0.0407,0.0407
1430162,Cosan S.A.,Brazil,2022,20-F,264810,1,0,1,1,0,0,1,0.0378,0.0378
1430162,Cosan S.A.,Brazil,2023,20-F,265356,2,0,2,1,0,0,2,0.0754,0.0754
1430162,Cosan S.A.,Brazil,2024,20-F,254591,9,2,11,12,0,0,11,0.4321,0.4321
1430162,Cosan S.A.,Brazil,2025,20-F,228388,8,1,9,8,0,0,9,0.3941,0.3941
1432364,AZUL SA,Brazil,2017,20-F,157528,1,0,1,0,1,0,1,0.0635,0.0635
1432364,AZUL SA,Brazil,2018,20-F,158180,1,0,1,0,1,0,1,0.0632,0.0632
1432364,AZUL SA,Brazil,2019,20-F,167537,1,0,1,0,1,0,1,0.0597,0.0597
1432364,AZUL SA,Brazil,2020,20-F,164297,0,0,0,0,1,0,0,0.0,0.0
1432364,AZUL SA,Brazil,2021,20-F,162648,0,0,0,0,1,0,0,0.0,0.0
1432364,AZUL SA,Brazil,2022,20-F,166980,0,0,0,0,1,0,0,0.0,0.0
1432364,AZUL SA,Brazil,2023,20-F,175437,1,0,1,0,1,0,1,0.057,0.057
1432364,AZUL SA,Brazil,2024,20-F,180958,0,0,0,0,1,0,0,0.0,0.0
1432364,AZUL SA,Brazil,2025,20-F,182520,0,0,0,0,1,0,0,0.0,0.0
1439124,AXIA Energia S.A.,Brazil,2022,20-F,226848,0,0,0,0,1,0,0,0.0,0.0
1439124,AXIA Energia S.A.,Brazil,2023,20-F,200965,2,0,2,0,1,0,2,0.0995,0.0995
1439124,AXIA Energia S.A.,Brazil,2024,20-F,166517,0,0,0,0,0,0,0,0.0,0.0
1439124,AXIA Energia S.A.,Brazil,2025,20-F,146029,7,0,7,10,0,0,7,0.4794,0.4794
1444406,ECOPETROL S.A.,Colombia,2017,20-F,146243,0,0,0,0,1,0,0,0.0,0.0
1444406,ECOPETROL S.A.,Colombia,2018,20-F,154736,0,0,0,0,1,0,0,0.0,0.0
1444406,ECOPETROL S.A.,Colombia,2019,20-F,168755,1,0,1,0,1,1,0,0.0,0.0593
1444406,ECOPETROL S.A.,Colombia,2020,20-F,185113,1,0,1,0,1,1,0,0.0,0.054
1444406,ECOPETROL S.A.,Colombia,2021,20-F,249496,1,0,1,0,0,0,1,0.0401,0.0401
1444406,ECOPETROL S.A.,Colombia,2022,20-F,260604,3,0,3,1,0,0,3,0.1151,0.1151
1444406,ECOPETROL S.A.,Colombia,2023,20-F,266679,3,0,3,1,0,0,3,0.1125,0.1125
1444406,ECOPETROL S.A.,Colombia,2024,20-F,282632,1,0,1,1,0,0,1,0.0354,0.0354
1444406,ECOPETROL S.A.,Colombia,2025,20-F,301490,12,5,17,16,0,0,17,0.5639,0.5639
1449877,Petrobras Argentina S.A.,Argentina,2017,20-F,241320,0,0,0,0,1,0,0,0.0,0.0
1450123,JBS S.A.,Brazil,2023,20-F,197573,0,0,0,0,1,0,0,0.0,0.0
1450123,JBS S.A.,Brazil,2024,20-F,218185,0,0,0,0,1,0,0,0.0,0.0
1464591,GeoPark Ltd,Colombia,2017,20-F,130667,0,0,0,0,1,0,0,0.0,0.0
1464591,GeoPark Ltd,Colombia,2018,20-F,130237,0,0,0,0,1,0,0,0.0,0.0
1464591,GeoPark Ltd,Colombia,2019,20-F,140257,0,0,0,0,1,0,0,0.0,0.0
1464591,GeoPark Ltd,Colombia,2020,20-F,148213,0,0,0,0,0,0,0,0.0,0.0
1464591,GeoPark Ltd,Colombia,2021,20-F,159780,5,0,5,0,0,0,5,0.3129,0.3129
1464591,GeoPark Ltd,Colombia,2022,20-F,160811,7,0,7,0,0,0,7,0.4353,0.4353
1464591,GeoPark Ltd,Colombia,2023,20-F,152361,5,0,5,0,0,0,5,0.3282,0.3282
1464591,GeoPark Ltd,Colombia,2024,20-F,155413,4,0,4,0,0,0,4,0.2574,0.2574
1464591,GeoPark Ltd,Colombia,2025,20-F,150759,7,1,8,11,0,0,8,0.5306,0.5306
1469395,Pampa Energy Inc.,Argentina,2017,20-F,239203,0,0,0,0,1,0,0,0.0,0.0
1469395,Pampa Energy Inc.,Argentina,2018,20-F,267625,0,0,0,0,1,0,0,0.0,0.0
1469395,Pampa Energy Inc.,Argentina,2019,20-F,269855,0,0,0,0,1,0,0,0.0,0.0
1469395,Pampa Energy Inc.,Argentina,2020,20-F,207033,0,0,0,0,1,0,0,0.0,0.0
1469395,Pampa Energy Inc.,Argentina,2021,20-F,207887,0,0,0,0,1,0,0,0.0,0.0
1469395,Pampa Energy Inc.,Argentina,2022,20-F,209313,3,0,3,0,1,0,3,0.1433,0.1433
1469395,Pampa Energy Inc.,Argentina,2023,20-F,202614,1,0,1,1,1,0,1,0.0494,0.0494
1469395,Pampa Energy Inc.,Argentina,2024,20-F,179600,2,0,2,1,1,0,2,0.1114,0.1114
1469395,Pampa Energy Inc.,Argentina,2025,20-F,181143,2,0,2,2,1,0,2,0.1104,0.1104
1471055,Banco Santander (Brasil) S.A.,Brazil,2017,20-F,245986,2,0,2,0,0,0,2,0.0813,0.0813
1471055,Banco Santander (Brasil) S.A.,Brazil,2018,20-F,262457,6,2,8,6,0,0,8,0.3048,0.3048
1471055,Banco Santander (Brasil) S.A.,Brazil,2019,20-F,196827,5,4,9,0,1,0,9,0.4573,0.4573
1471055,Banco Santander (Brasil) S.A.,Brazil,2020,20-F,259410,5,2,7,0,0,0,7,0.2698,0.2698
1471055,Banco Santander (Brasil) S.A.,Brazil,2021,20-F,290902,8,1,9,1,0,0,9,0.3094,0.3094
1471055,Banco Santander (Brasil) S.A.,Brazil,2022,20-F,282198,6,3,9,5,0,0,9,0.3189,0.3189
1471055,Banco Santander (Brasil) S.A.,Brazil,2023,20-F,275795,8,3,11,20,0,0,11,0.3988,0.3988
1471055,Banco Santander (Brasil) S.A.,Brazil,2024,20-F,265829,14,13,27,37,0,0,27,1.0157,1.0157
1471055,Banco Santander (Brasil) S.A.,Brazil,2025,20-F,271586,14,19,33,48,0,0,33,1.2151,1.2151
1499505,Adecoagro S.A.,Argentina,2017,20-F,147480,0,0,0,0,0,0,0,0.0,0.0
1499505,Adecoagro S.A.,Argentina,2018,20-F,160130,0,0,0,0,0,0,0,0.0,0.0
1499505,Adecoagro S.A.,Argentina,2019,20-F,171774,0,0,0,0,0,0,0,0.0,0.0
1499505,Adecoagro S.A.,Argentina,2020,20-F,185651,1,0,1,0,0,0,1,0.0539,0.0539
1499505,Adecoagro S.A.,Argentina,2021,20-F,169325,1,0,1,0,0,0,1,0.0591,0.0591
1499505,Adecoagro S.A.,Argentina,2022,20-F,172260,1,0,1,0,0,0,1,0.0581,0.0581
1499505,Adecoagro S.A.,Argentina,2023,20-F,171730,1,0,1,0,0,0,1,0.0582,0.0582
1499505,Adecoagro S.A.,Argentina,2024,20-F,174068,1,0,1,3,0,0,1,0.0574,0.0574
1499505,Adecoagro S.A.,Argentina,2025,20-F,181238,3,2,5,12,0,0,5,0.2759,0.2759
1499849,BrasilAgro - Brazilian Agricultural Real Estate Co,Brazil,2017,20-F,115001,0,0,0,0,0,0,0,0.0,0.0
1499849,BrasilAgro - Brazilian Agricultural Real Estate Co,Brazil,2018,20-F,123275,0,0,0,0,0,0,0,0.0,0.0
1499849,BrasilAgro - Brazilian Agricultural Real Estate Co,Brazil,2019,20-F,124172,0,0,0,0,0,0,0,0.0,0.0
1499849,BrasilAgro - Brazilian Agricultural Real Estate Co,Brazil,2020,20-F,138255,0,0,0,0,0,0,0,0.0,0.0
1499849,BrasilAgro - Brazilian Agricultural Real Estate Co,Brazil,2021,20-F,154251,0,0,0,0,0,0,0,0.0,0.0
1499849,BrasilAgro - Brazilian Agricultural Real Estate Co,Brazil,2022,20-F,162652,0,0,0,0,0,0,0,0.0,0.0
1499849,BrasilAgro - Brazilian Agricultural Real Estate Co,Brazil,2023,20-F,148023,0,0,0,0,0,0,0,0.0,0.0
1499849,BrasilAgro - Brazilian Agricultural Real Estate Co,Brazil,2024,20-F,144064,0,0,0,0,1,0,0,0.0,0.0
1499849,BrasilAgro - Brazilian Agricultural Real Estate Co,Brazil,2025,20-F,146087,0,0,0,0,1,0,0,0.0,0.0
1504764,Grupo Aval Acciones Y Valores S.A.,Colombia,2017,20-F,299252,0,0,0,0,1,0,0,0.0,0.0
1504764,Grupo Aval Acciones Y Valores S.A.,Colombia,2018,20-F,310081,0,0,0,0,1,0,0,0.0,0.0
1504764,Grupo Aval Acciones Y Valores S.A.,Colombia,2019,20-F,316758,0,0,0,0,1,0,0,0.0,0.0
1504764,Grupo Aval Acciones Y Valores S.A.,Colombia,2020,20-F,318514,0,1,1,0,0,0,1,0.0314,0.0314
1504764,Grupo Aval Acciones Y Valores S.A.,Colombia,2021,20-F,389888,2,0,2,0,0,0,2,0.0513,0.0513
1504764,Grupo Aval Acciones Y Valores S.A.,Colombia,2022,20-F,385318,2,1,3,2,0,0,3,0.0779,0.0779
1504764,Grupo Aval Acciones Y Valores S.A.,Colombia,2023,20-F,363529,2,0,2,2,0,0,2,0.055,0.055
1504764,Grupo Aval Acciones Y Valores S.A.,Colombia,2024,20-F,107149,3,2,5,2,0,0,5,0.4666,0.4666
1504764,Grupo Aval Acciones Y Valores S.A.,Colombia,2025,20-F,381144,12,6,18,16,0,0,18,0.4723,0.4723
1508478,Arcos Dorados Holdings Inc.,Argentina,2017,20-F,116764,0,0,0,0,0,0,0,0.0,0.0
1508478,Arcos Dorados Holdings Inc.,Argentina,2018,20-F,112426,0,0,0,0,0,0,0,0.0,0.0
1508478,Arcos Dorados Holdings Inc.,Argentina,2019,20-F,121441,0,0,0,0,0,0,0,0.0,0.0
1508478,Arcos Dorados Holdings Inc.,Argentina,2020,20-F,124073,0,0,0,0,0,0,0,0.0,0.0
1508478,Arcos Dorados Holdings Inc.,Argentina,2021,20-F,133702,0,0,0,0,0,0,0,0.0,0.0
1508478,Arcos Dorados Holdings Inc.,Argentina,2022,20-F,133653,0,0,0,0,0,0,0,0.0,0.0
1508478,Arcos Dorados Holdings Inc.,Argentina,2023,20-F,129801,0,0,0,0,0,0,0,0.0,0.0
1508478,Arcos Dorados Holdings Inc.,Argentina,2024,20-F,127544,1,1,2,2,0,0,2,0.1568,0.1568
1508478,Arcos Dorados Holdings Inc.,Argentina,2025,20-F,120542,1,1,2,2,0,0,2,0.1659,0.1659
1517399,Grupo Supervielle S.A.,Argentina,2017,20-F,224927,0,1,1,0,1,1,0,0.0,0.0445
1517399,Grupo Supervielle S.A.,Argentina,2018,20-F,224383,0,0,0,0,1,0,0,0.0,0.0
1517399,Grupo Supervielle S.A.,Argentina,2019,20-F,222910,0,3,3,0,1,3,0,0.0,0.1346
1517399,Grupo Supervielle S.A.,Argentina,2020,20-F,221281,0,0,0,0,1,0,0,0.0,0.0
1517399,Grupo Supervielle S.A.,Argentina,2021,20-F,228626,2,1,3,0,1,3,0,0.0,0.1312
1517399,Grupo Supervielle S.A.,Argentina,2022,20-F,235204,2,0,2,0,1,2,0,0.0,0.085
1517399,Grupo Supervielle S.A.,Argentina,2023,20-F,236820,6,0,6,0,1,4,2,0.0845,0.2534
1517399,Grupo Supervielle S.A.,Argentina,2024,20-F,256274,16,0,16,0,1,12,4,0.1561,0.6243
1517399,Grupo Supervielle S.A.,Argentina,2025,20-F,263958,19,0,19,10,1,16,3,0.1137,0.7198
1520504,"Controladora Vuela Compania de Aviacion, S.A.B. de C.V.",Mexico,2017,20-F,132285,0,0,0,0,1,0,0,0.0,0.0
1520504,"Controladora Vuela Compania de Aviacion, S.A.B. de C.V.",Mexico,2018,20-F,140087,0,0,0,0,1,0,0,0.0,0.0
1520504,"Controladora Vuela Compania de Aviacion, S.A.B. de C.V.",Mexico,2019,20-F,147563,0,0,0,0,1,0,0,0.0,0.0
1520504,"Controladora Vuela Compania de Aviacion, S.A.B. de C.V.",Mexico,2020,20-F,149188,0,0,0,0,0,0,0,0.0,0.0
1520504,"Controladora Vuela Compania de Aviacion, S.A.B. de C.V.",Mexico,2021,20-F,168249,0,0,0,0,0,0,0,0.0,0.0
1520504,"Controladora Vuela Compania de Aviacion, S.A.B. de C.V.",Mexico,2022,20-F,168272,0,0,0,0,1,0,0,0.0,0.0
1520504,"Controladora Vuela Compania de Aviacion, S.A.B. de C.V.",Mexico,2023,20-F,165128,2,0,2,0,1,2,0,0.0,0.1211
1520504,"Controladora Vuela Compania de Aviacion, S.A.B. de C.V.",Mexico,2024,20-F,157848,4,12,16,12,0,0,16,1.0136,1.0136
1520504,"Controladora Vuela Compania de Aviacion, S.A.B. de C.V.",Mexico,2025,20-F,165327,12,17,29,19,1,28,1,0.0605,1.7541
1534675,Tecnoglass Inc.,Colombia,2017,10-K,48929,0,0,0,0,0,0,0,0.0,0.0
1534675,Tecnoglass Inc.,Colombia,2018,10-K,55117,0,0,0,0,0,0,0,0.0,0.0
1534675,Tecnoglass Inc.,Colombia,2019,10-K,48930,0,0,0,0,1,0,0,0.0,0.0
1534675,Tecnoglass Inc.,Colombia,2020,10-K,50763,0,0,0,0,1,0,0,0.0,0.0
1534675,Tecnoglass Inc.,Colombia,2021,10-K,54266,0,0,0,0,0,0,0,0.0,0.0
1534675,Tecnoglass Inc.,Colombia,2022,10-K,57854,0,0,0,0,1,0,0,0.0,0.0
1534675,Tecnoglass Inc.,Colombia,2023,10-K,58698,0,0,0,0,1,0,0,0.0,0.0
1534675,Tecnoglass Inc.,Colombia,2024,10-K,55886,0,0,0,1,1,0,0,0.0,0.0
1534675,Tecnoglass Inc.,Colombia,2025,10-K,58775,0,0,0,3,1,0,0,0.0,0.0
1540684,Atlas Lithium Corp,Brazil,2017,10-K,22179,0,0,0,0,1,0,0,0.0,0.0
1540684,Atlas Lithium Corp,Brazil,2018,10-K,23500,0,0,0,0,1,0,0,0.0,0.0
1540684,Atlas Lithium Corp,Brazil,2019,10-K,21313,0,0,0,0,1,0,0,0.0,0.0
1540684,Atlas Lithium Corp,Brazil,2020,10-K,27877,0,0,0,0,1,0,0,0.0,0.0
1540684,Atlas Lithium Corp,Brazil,2021,10-K,37506,0,0,0,0,1,0,0,0.0,0.0
1540684,Atlas Lithium Corp,Brazil,2022,10-K,46977,0,0,0,0,1,0,0,0.0,0.0
1540684,Atlas Lithium Corp,Brazil,2023,10-K,50457,0,0,0,0,1,0,0,0.0,0.0
1540684,Atlas Lithium Corp,Brazil,2024,10-K,52203,1,0,1,0,1,0,1,0.1916,0.1916
1540684,Atlas Lithium Corp,Brazil,2025,10-K,44036,0,1,1,4,1,0,1,0.2271,0.2271
1557860,Globant S.A.,Argentina,2017,20-F,148638,18,1,19,20,0,0,19,1.2783,1.2783
1557860,Globant S.A.,Argentina,2018,20-F,160131,11,1,12,17,1,0,12,0.7494,0.7494
1557860,Globant S.A.,Argentina,2019,20-F,162699,21,3,24,12,1,0,24,1.4751,1.4751
1557860,Globant S.A.,Argentina,2020,20-F,165561,21,5,26,28,0,0,26,1.5704,1.5704
1557860,Globant S.A.,Argentina,2021,20-F,164059,17,6,23,35,0,0,23,1.4019,1.4019
1557860,Globant S.A.,Argentina,2022,20-F,142670,29,10,39,45,0,0,39,2.7336,2.7336
1557860,Globant S.A.,Argentina,2023,20-F,140342,11,21,32,80,0,0,32,2.2801,2.2801
1557860,Globant S.A.,Argentina,2024,20-F,135747,8,21,29,109,0,0,29,2.1363,2.1363
1557860,Globant S.A.,Argentina,2025,20-F,134265,5,40,45,171,0,0,45,3.3516,3.3516
1562767,Netshoes (Cayman) Ltd.,Brazil,2017,20-F,106189,0,0,0,0,1,0,0,0.0,0.0
1562767,Netshoes (Cayman) Ltd.,Brazil,2018,20-F,112084,0,0,0,0,1,0,0,0.0,0.0
1565025,AMBEV S.A.,Brazil,2017,20-F,124529,0,0,0,0,1,0,0,0.0,0.0
1565025,AMBEV S.A.,Brazil,2018,20-F,126982,0,0,0,0,1,0,0,0.0,0.0
1565025,AMBEV S.A.,Brazil,2019,20-F,133053,0,0,0,0,1,0,0,0.0,0.0
1565025,AMBEV S.A.,Brazil,2020,20-F,139308,0,0,0,0,1,0,0,0.0,0.0
1565025,AMBEV S.A.,Brazil,2021,20-F,174979,0,0,0,0,1,0,0,0.0,0.0
1565025,AMBEV S.A.,Brazil,2022,20-F,153686,0,0,0,0,1,0,0,0.0,0.0
1565025,AMBEV S.A.,Brazil,2023,20-F,152288,0,0,0,0,0,0,0,0.0,0.0
1565025,AMBEV S.A.,Brazil,2024,20-F,156680,1,0,1,1,1,1,0,0.0,0.0638
1565025,AMBEV S.A.,Brazil,2025,20-F,157125,1,0,1,1,0,0,1,0.0636,0.0636
1572621,AENZA S.A.A.,Peru,2017,20-F,182151,0,0,0,1,0,0,0,0.0,0.0
1572621,AENZA S.A.A.,Peru,2018,20-F,175137,0,0,0,0,1,0,0,0.0,0.0
1572621,AENZA S.A.A.,Peru,2019,20-F,169159,0,0,0,0,1,0,0,0.0,0.0
1572621,AENZA S.A.A.,Peru,2020,20-F,174595,0,0,0,0,1,0,0,0.0,0.0
1572621,AENZA S.A.A.,Peru,2021,20-F,180431,0,0,0,0,1,0,0,0.0,0.0
1572621,AENZA S.A.A.,Peru,2022,20-F,198679,0,0,0,0,1,0,0,0.0,0.0
1572621,AENZA S.A.A.,Peru,2023,20-F,197504,0,0,0,0,1,0,0,0.0,0.0
1575969,Avianca Holdings S.A.,Colombia,2017,20-F,160053,0,0,0,0,0,0,0,0.0,0.0
1575969,Avianca Holdings S.A.,Colombia,2018,20-F,199363,0,0,0,0,1,0,0,0.0,0.0
1575969,Avianca Holdings S.A.,Colombia,2019,20-F,151287,0,0,0,0,1,0,0,0.0,0.0
1575969,Avianca Holdings S.A.,Colombia,2020,20-F,141073,0,0,0,1,1,0,0,0.0,0.0
1615903,Intercorp Financial Services Inc.,Peru,2019,20-F,228005,8,4,12,0,1,0,12,0.5263,0.5263
1615903,Intercorp Financial Services Inc.,Peru,2020,20-F,234179,9,5,14,0,1,0,14,0.5978,0.5978
1615903,Intercorp Financial Services Inc.,Peru,2021,20-F,262206,9,4,13,1,0,0,13,0.4958,0.4958
1615903,Intercorp Financial Services Inc.,Peru,2022,20-F,269743,18,3,21,0,0,0,21,0.7785,0.7785
1615903,Intercorp Financial Services Inc.,Peru,2023,20-F,287466,16,8,24,7,0,0,24,0.8349,0.8349
1615903,Intercorp Financial Services Inc.,Peru,2024,20-F,272718,17,6,23,8,0,0,23,0.8434,0.8434
1615903,Intercorp Financial Services Inc.,Peru,2025,20-F,269396,14,10,24,18,0,0,24,0.8909,0.8909
1659939,Enel Chile S.A.,Chile,2017,20-F,152121,0,0,0,0,0,0,0,0.0,0.0
1659939,Enel Chile S.A.,Chile,2018,20-F,152945,0,0,0,0,0,0,0,0.0,0.0
1659939,Enel Chile S.A.,Chile,2019,20-F,162083,0,0,0,0,0,0,0,0.0,0.0
1659939,Enel Chile S.A.,Chile,2020,20-F,179854,0,0,0,0,0,0,0,0.0,0.0
1659939,Enel Chile S.A.,Chile,2021,20-F,200281,0,0,0,0,0,0,0,0.0,0.0
1659939,Enel Chile S.A.,Chile,2022,20-F,218683,0,0,0,0,0,0,0,0.0,0.0
1659939,Enel Chile S.A.,Chile,2023,20-F,223305,0,0,0,0,0,0,0,0.0,0.0
1659939,Enel Chile S.A.,Chile,2024,20-F,220905,2,1,3,6,0,0,3,0.1358,0.1358
1659939,Enel Chile S.A.,Chile,2025,20-F,245404,5,12,17,30,0,0,17,0.6927,0.6927
1691493,Nu Holdings Ltd.,Brazil,2021,20-F,220317,25,1,26,13,1,0,26,1.1801,1.1801
1691493,Nu Holdings Ltd.,Brazil,2022,20-F,227664,29,0,29,13,0,0,29,1.2738,1.2738
1691493,Nu Holdings Ltd.,Brazil,2023,20-F,218137,30,1,31,7,1,0,31,1.4211,1.4211
1691493,Nu Holdings Ltd.,Brazil,2024,20-F,222373,37,9,46,36,1,0,46,2.0686,2.0686
1691493,Nu Holdings Ltd.,Brazil,2025,20-F,195026,36,9,45,37,0,0,45,2.3074,2.3074
1698287,"Banco Santander Mexico S.A., Institucion de Banca Multiple, Grupo Financiero Santander Mexico",Mexico,2017,20-F,312572,0,0,0,0,0,0,0,0.0,0.0
1698287,"Banco Santander Mexico S.A., Institucion de Banca Multiple, Grupo Financiero Santander Mexico",Mexico,2018,20-F,282809,0,2,2,0,0,0,2,0.0707,0.0707
1698287,"Banco Santander Mexico S.A., Institucion de Banca Multiple, Grupo Financiero Santander Mexico",Mexico,2019,20-F,271278,0,2,2,0,0,0,2,0.0737,0.0737
1698287,"Banco Santander Mexico S.A., Institucion de Banca Multiple, Grupo Financiero Santander Mexico",Mexico,2020,20-F,347042,0,4,4,0,1,0,4,0.1153,0.1153
1698287,"Banco Santander Mexico S.A., Institucion de Banca Multiple, Grupo Financiero Santander Mexico",Mexico,2021,20-F,355559,1,2,3,0,1,0,3,0.0844,0.0844
1698287,"Banco Santander Mexico S.A., Institucion de Banca Multiple, Grupo Financiero Santander Mexico",Mexico,2022,20-F,364891,1,1,2,0,0,0,2,0.0548,0.0548
1703141,"Despegar.com, Corp.",Argentina,2017,20-F,97155,3,0,3,0,1,0,3,0.3088,0.3088
1703141,"Despegar.com, Corp.",Argentina,2018,20-F,94810,3,0,3,0,1,0,3,0.3164,0.3164
1703141,"Despegar.com, Corp.",Argentina,2019,20-F,100078,3,0,3,0,1,0,3,0.2998,0.2998
1703141,"Despegar.com, Corp.",Argentina,2020,20-F,123348,3,0,3,0,0,0,3,0.2432,0.2432
1703141,"Despegar.com, Corp.",Argentina,2021,20-F,130707,4,0,4,0,0,0,4,0.306,0.306
1703141,"Despegar.com, Corp.",Argentina,2022,20-F,137455,5,0,5,0,0,0,5,0.3638,0.3638
1703141,"Despegar.com, Corp.",Argentina,2023,20-F,123733,17,1,18,3,0,0,18,1.4547,1.4547
1703141,"Despegar.com, Corp.",Argentina,2024,20-F,128724,16,3,19,5,0,0,19,1.476,1.476
1711375,Loma Negra Compania Industrial Argentina Sociedad Anonima,Argentina,2017,20-F,125369,0,0,0,0,1,0,0,0.0,0.0
1711375,Loma Negra Compania Industrial Argentina Sociedad Anonima,Argentina,2018,20-F,134050,0,0,0,0,1,0,0,0.0,0.0
1711375,Loma Negra Compania Industrial Argentina Sociedad Anonima,Argentina,2019,20-F,144587,0,0,0,0,1,0,0,0.0,0.0
1711375,Loma Negra Compania Industrial Argentina Sociedad Anonima,Argentina,2020,20-F,140477,0,0,0,0,1,0,0,0.0,0.0
1711375,Loma Negra Compania Industrial Argentina Sociedad Anonima,Argentina,2021,20-F,136667,0,0,0,0,1,0,0,0.0,0.0
1711375,Loma Negra Compania Industrial Argentina Sociedad Anonima,Argentina,2022,20-F,140326,0,0,0,0,0,0,0,0.0,0.0
1711375,Loma Negra Compania Industrial Argentina Sociedad Anonima,Argentina,2023,20-F,137122,0,0,0,0,1,0,0,0.0,0.0
1711375,Loma Negra Compania Industrial Argentina Sociedad Anonima,Argentina,2024,20-F,134630,0,0,0,0,1,0,0,0.0,0.0
1711375,Loma Negra Compania Industrial Argentina Sociedad Anonima,Argentina,2025,20-F,136782,0,0,0,0,1,0,0,0.0,0.0
1712807,PagSeguro Digital Ltd.,Brazil,2017,20-F,107027,4,2,6,0,1,2,4,0.3737,0.5606
1712807,PagSeguro Digital Ltd.,Brazil,2018,20-F,109083,3,2,5,0,0,0,5,0.4584,0.4584
1712807,PagSeguro Digital Ltd.,Brazil,2019,20-F,126322,3,2,5,0,0,0,5,0.3958,0.3958
1712807,PagSeguro Digital Ltd.,Brazil,2020,20-F,141222,4,2,6,0,0,0,6,0.4249,0.4249
1712807,PagSeguro Digital Ltd.,Brazil,2021,20-F,155692,4,3,7,0,0,0,7,0.4496,0.4496
1712807,PagSeguro Digital Ltd.,Brazil,2022,20-F,149050,4,2,6,0,0,0,6,0.4025,0.4025
1712807,PagSeguro Digital Ltd.,Brazil,2023,20-F,150844,4,3,7,15,0,0,7,0.4641,0.4641
1712807,PagSeguro Digital Ltd.,Brazil,2024,20-F,143464,2,10,12,31,1,0,12,0.8364,0.8364
1712807,PagSeguro Digital Ltd.,Brazil,2025,20-F,147586,2,11,13,33,1,0,13,0.8808,0.8808
1713930,Nexa Resources S.A.,Peru,2017,20-F,122160,0,0,0,0,1,0,0,0.0,0.0
1713930,Nexa Resources S.A.,Peru,2018,20-F,117034,0,0,0,0,1,0,0,0.0,0.0
1713930,Nexa Resources S.A.,Peru,2019,20-F,117173,0,0,0,0,1,0,0,0.0,0.0
1713930,Nexa Resources S.A.,Peru,2020,20-F,140803,0,0,0,0,1,0,0,0.0,0.0
1713930,Nexa Resources S.A.,Peru,2021,20-F,146274,0,0,0,0,1,0,0,0.0,0.0
1713930,Nexa Resources S.A.,Peru,2022,20-F,151449,0,0,0,0,1,0,0,0.0,0.0
1713930,Nexa Resources S.A.,Peru,2023,20-F,169076,0,0,0,0,1,0,0,0.0,0.0
1713930,Nexa Resources S.A.,Peru,2024,20-F,179241,4,1,5,2,1,5,0,0.0,0.279
1713930,Nexa Resources S.A.,Peru,2025,20-F,172834,2,3,5,24,1,5,0,0.0,0.2893
1716586,"ESTRE AMBIENTAL, INC.",Brazil,2017,20-F,159289,0,0,0,0,1,0,0,0.0,0.0
1716586,"ESTRE AMBIENTAL, INC.",Brazil,2018,20-F,168577,0,0,0,0,1,0,0,0.0,0.0
1717161,CENTRAL PUERTO S.A.,Argentina,2017,20-F,197376,0,0,0,0,1,0,0,0.0,0.0
1717161,CENTRAL PUERTO S.A.,Argentina,2018,20-F,217794,0,0,0,0,1,0,0,0.0,0.0
1717161,CENTRAL PUERTO S.A.,Argentina,2019,20-F,238641,0,0,0,0,1,0,0,0.0,0.0
1717161,CENTRAL PUERTO S.A.,Argentina,2020,20-F,257080,0,0,0,0,1,0,0,0.0,0.0
1717161,CENTRAL PUERTO S.A.,Argentina,2021,20-F,207278,0,0,0,0,1,0,0,0.0,0.0
1717161,CENTRAL PUERTO S.A.,Argentina,2022,20-F,213142,0,0,0,0,1,0,0,0.0,0.0
1717161,CENTRAL PUERTO S.A.,Argentina,2023,20-F,212934,1,0,1,0,1,0,1,0.047,0.047
1717161,CENTRAL PUERTO S.A.,Argentina,2024,20-F,228155,1,0,1,0,1,0,1,0.0438,0.0438
1717161,CENTRAL PUERTO S.A.,Argentina,2025,20-F,202530,1,0,1,0,1,0,1,0.0494,0.0494
1717393,CORPORACION AMERICA AIRPORTS S.A.,Argentina,2017,20-F,190139,0,0,0,0,0,0,0,0.0,0.0
1717393,CORPORACION AMERICA AIRPORTS S.A.,Argentina,2018,20-F,176238,0,0,0,0,0,0,0,0.0,0.0
1717393,CORPORACION AMERICA AIRPORTS S.A.,Argentina,2019,20-F,180019,0,0,0,0,0,0,0,0.0,0.0
1717393,CORPORACION AMERICA AIRPORTS S.A.,Argentina,2020,20-F,190355,0,0,0,0,0,0,0,0.0,0.0
1717393,CORPORACION AMERICA AIRPORTS S.A.,Argentina,2021,20-F,213678,0,0,0,0,0,0,0,0.0,0.0
1717393,CORPORACION AMERICA AIRPORTS S.A.,Argentina,2022,20-F,209501,0,0,0,0,0,0,0,0.0,0.0
1717393,CORPORACION AMERICA AIRPORTS S.A.,Argentina,2023,20-F,218314,0,0,0,0,0,0,0,0.0,0.0
1717393,CORPORACION AMERICA AIRPORTS S.A.,Argentina,2024,20-F,209272,0,0,0,0,0,0,0,0.0,0.0
1717393,CORPORACION AMERICA AIRPORTS S.A.,Argentina,2025,20-F,207845,0,0,0,0,0,0,0,0.0,0.0
1740594,Arco Platform Ltd.,Brazil,2018,20-F,98953,0,0,0,0,1,0,0,0.0,0.0
1740594,Arco Platform Ltd.,Brazil,2019,20-F,109014,0,0,0,0,1,0,0,0.0,0.0
1740594,Arco Platform Ltd.,Brazil,2020,20-F,122486,0,0,0,0,1,0,0,0.0,0.0
1740594,Arco Platform Ltd.,Brazil,2021,20-F,137210,0,0,0,0,1,0,0,0.0,0.0
1740594,Arco Platform Ltd.,Brazil,2022,20-F,136243,0,0,0,0,0,0,0,0.0,0.0
1745431,StoneCo Ltd.,Brazil,2018,20-F,143215,4,3,7,11,0,0,7,0.4888,0.4888
1745431,StoneCo Ltd.,Brazil,2019,20-F,147330,4,3,7,11,0,0,7,0.4751,0.4751
1745431,StoneCo Ltd.,Brazil,2020,20-F,172478,4,3,7,11,0,0,7,0.4058,0.4058
1745431,StoneCo Ltd.,Brazil,2021,20-F,189875,4,8,12,10,0,0,12,0.632,0.632
1745431,StoneCo Ltd.,Brazil,2022,20-F,192171,6,5,11,7,0,0,11,0.5724,0.5724
1745431,StoneCo Ltd.,Brazil,2023,20-F,183687,11,9,20,10,0,0,20,1.0888,1.0888
1745431,StoneCo Ltd.,Brazil,2024,20-F,171527,14,9,23,10,0,0,23,1.3409,1.3409
1745431,StoneCo Ltd.,Brazil,2025,20-F,175180,16,11,27,18,0,0,27,1.5413,1.5413
1762506,"Vista Energy, S.A.B. de C.V.",Mexico,2019,20-F,202442,0,0,0,0,1,0,0,0.0,0.0
1762506,"Vista Energy, S.A.B. de C.V.",Mexico,2020,20-F,222564,0,0,0,0,0,0,0,0.0,0.0
1762506,"Vista Energy, S.A.B. de C.V.",Mexico,2021,20-F,197368,1,0,1,0,0,0,1,0.0507,0.0507
1762506,"Vista Energy, S.A.B. de C.V.",Mexico,2022,20-F,203046,2,0,2,0,0,0,2,0.0985,0.0985
1762506,"Vista Energy, S.A.B. de C.V.",Mexico,2023,20-F,192100,2,0,2,0,0,0,2,0.1041,0.1041
1762506,"Vista Energy, S.A.B. de C.V.",Mexico,2024,20-F,192096,0,1,1,1,0,0,1,0.0521,0.0521
1762506,"Vista Energy, S.A.B. de C.V.",Mexico,2025,20-F,209933,0,1,1,2,0,0,1,0.0476,0.0476
1769484,Bioceres Crop Solutions Corp.,Argentina,2019,20-F,134782,0,0,0,0,1,0,0,0.0,0.0
1769484,Bioceres Crop Solutions Corp.,Argentina,2020,20-F,124012,0,0,0,0,1,0,0,0.0,0.0
1769484,Bioceres Crop Solutions Corp.,Argentina,2021,20-F,136077,1,0,1,1,0,0,1,0.0735,0.0735
1769484,Bioceres Crop Solutions Corp.,Argentina,2022,20-F,146571,0,0,0,0,0,0,0,0.0,0.0
1769484,Bioceres Crop Solutions Corp.,Argentina,2023,20-F,127068,0,0,0,0,0,0,0,0.0,0.0
1769484,Bioceres Crop Solutions Corp.,Argentina,2024,20-F,118525,1,0,1,0,0,0,1,0.0844,0.0844
1769484,Bioceres Crop Solutions Corp.,Argentina,2025,20-F,123276,1,0,1,1,0,0,1,0.0811,0.0811
1771007,Afya Ltd,Brazil,2019,20-F,129129,0,0,0,0,1,0,0,0.0,0.0
1771007,Afya Ltd,Brazil,2020,20-F,141699,0,0,0,0,0,0,0,0.0,0.0
1771007,Afya Ltd,Brazil,2021,20-F,159423,0,0,0,0,0,0,0,0.0,0.0
1771007,Afya Ltd,Brazil,2022,20-F,161963,0,0,0,0,0,0,0,0.0,0.0
1771007,Afya Ltd,Brazil,2023,20-F,155287,0,0,0,0,0,0,0,0.0,0.0
1771007,Afya Ltd,Brazil,2024,20-F,150924,3,4,7,10,0,0,7,0.4638,0.4638
1771007,Afya Ltd,Brazil,2025,20-F,148753,11,6,17,12,1,6,11,0.7395,1.1428
1776967,Natura &Co Holding S.A.,Brazil,2019,20-F,164293,0,0,0,0,0,0,0,0.0,0.0
1776967,Natura &Co Holding S.A.,Brazil,2020,20-F,188223,0,0,0,0,0,0,0,0.0,0.0
1776967,Natura &Co Holding S.A.,Brazil,2021,20-F,204244,0,0,0,0,1,0,0,0.0,0.0
1776967,Natura &Co Holding S.A.,Brazil,2022,20-F,194227,0,0,0,0,0,0,0,0.0,0.0
1776967,Natura &Co Holding S.A.,Brazil,2023,20-F,175672,2,2,4,7,0,0,4,0.2277,0.2277
1787425,XP Inc.,Brazil,2019,20-F,147592,5,2,7,0,1,0,7,0.4743,0.4743
1787425,XP Inc.,Brazil,2020,20-F,170364,5,2,7,0,0,0,7,0.4109,0.4109
1787425,XP Inc.,Brazil,2021,20-F,176309,5,2,7,0,0,0,7,0.397,0.397
1787425,XP Inc.,Brazil,2022,20-F,188420,5,2,7,0,0,0,7,0.3715,0.3715
1787425,XP Inc.,Brazil,2023,20-F,178393,5,2,7,0,0,0,7,0.3924,0.3924
1787425,XP Inc.,Brazil,2024,20-F,176131,7,2,9,3,0,0,9,0.511,0.511
1787425,XP Inc.,Brazil,2025,20-F,175689,7,2,9,3,0,0,9,0.5123,0.5123
1788257,"BETTERWARE DE MEXICO, S.A.P.I. DE C.V",Mexico,2019,20-F,60277,0,0,0,0,0,0,0,0.0,0.0
1788257,"BETTERWARE DE MEXICO, S.A.P.I. DE C.V",Mexico,2021,20-F,77299,0,0,0,0,0,0,0,0.0,0.0
1788257,"BETTERWARE DE MEXICO, S.A.P.I. DE C.V",Mexico,2022,20-F,85123,0,0,0,0,0,0,0,0.0,0.0
1788257,"BETTERWARE DE MEXICO, S.A.P.I. DE C.V",Mexico,2023,20-F,91243,0,0,0,0,0,0,0,0.0,0.0
1788257,"BETTERWARE DE MEXICO, S.A.P.I. DE C.V",Mexico,2024,20-F,99974,0,0,0,1,1,0,0,0.0,0.0
1788257,"BETTERWARE DE MEXICO, S.A.P.I. DE C.V",Mexico,2025,20-F,96658,2,0,2,1,0,0,2,0.2069,0.2069
1792829,Vasta Platform Ltd,Brazil,2020,20-F,189516,2,0,2,0,1,0,2,0.1055,0.1055
1792829,Vasta Platform Ltd,Brazil,2021,20-F,140712,2,0,2,0,0,0,2,0.1421,0.1421
1792829,Vasta Platform Ltd,Brazil,2022,20-F,141144,2,0,2,0,0,0,2,0.1417,0.1417
1792829,Vasta Platform Ltd,Brazil,2023,20-F,133325,3,0,3,1,0,0,3,0.225,0.225
1792829,Vasta Platform Ltd,Brazil,2024,20-F,126905,3,0,3,1,0,0,3,0.2364,0.2364
1793663,VTEX,Brazil,2021,20-F,126881,1,2,3,0,0,0,3,0.2364,0.2364
1793663,VTEX,Brazil,2022,20-F,128471,1,2,3,0,1,1,2,0.1557,0.2335
1793663,VTEX,Brazil,2023,20-F,127416,1,3,4,1,0,0,4,0.3139,0.3139
1793663,VTEX,Brazil,2024,20-F,124010,3,10,13,10,0,0,13,1.0483,1.0483
1793663,VTEX,Brazil,2025,20-F,111002,1,12,13,29,0,0,13,1.1712,1.1712
1799207,AUNA S.A.,Peru,2024,20-F,157848,1,0,1,1,1,1,0,0.0,0.0634
1799207,AUNA S.A.,Peru,2025,20-F,183142,1,0,1,1,1,1,0,0.0,0.0546
1805012,Vitru Ltd,Brazil,2020,20-F,138822,6,0,6,1,0,0,6,0.4322,0.4322
1805012,Vitru Ltd,Brazil,2021,20-F,150331,5,0,5,1,0,0,5,0.3326,0.3326
1805012,Vitru Ltd,Brazil,2022,20-F,150970,1,0,1,1,0,0,1,0.0662,0.0662
1805012,Vitru Ltd,Brazil,2023,20-F,152213,2,0,2,1,0,0,2,0.1314,0.1314
1819615,Clever Leaves Holdings Inc.,Colombia,2020,10-K,91447,0,0,0,0,1,0,0,0.0,0.0
1819615,Clever Leaves Holdings Inc.,Colombia,2021,10-K,97395,0,0,0,0,1,0,0,0.0,0.0
1819615,Clever Leaves Holdings Inc.,Colombia,2022,10-K,74107,0,0,0,0,1,0,0,0.0,0.0
1819615,Clever Leaves Holdings Inc.,Colombia,2023,10-K,58227,0,0,0,0,1,0,0,0.0,0.0
1825570,Patria Investments Ltd,Brazil,2020,20-F,123691,0,0,0,0,1,0,0,0.0,0.0
1825570,Patria Investments Ltd,Brazil,2021,20-F,149738,0,0,0,0,1,0,0,0.0,0.0
1825570,Patria Investments Ltd,Brazil,2022,20-F,166158,0,0,0,0,0,0,0,0.0,0.0
1825570,Patria Investments Ltd,Brazil,2023,20-F,171887,0,0,0,0,0,0,0,0.0,0.0
1825570,Patria Investments Ltd,Brazil,2024,20-F,182293,1,0,1,1,0,0,1,0.0549,0.0549
1825570,Patria Investments Ltd,Brazil,2025,20-F,155781,2,0,2,3,0,0,2,0.1284,0.1284
1826168,TIM S.A.,Brazil,2020,20-F,139515,2,1,3,1,1,0,3,0.215,0.215
1826168,TIM S.A.,Brazil,2021,20-F,155236,5,1,6,1,0,0,6,0.3865,0.3865
1826168,TIM S.A.,Brazil,2022,20-F,162403,9,1,10,1,0,0,10,0.6158,0.6158
1826168,TIM S.A.,Brazil,2023,20-F,169276,8,2,10,10,0,0,10,0.5908,0.5908
1826168,TIM S.A.,Brazil,2024,20-F,165104,9,4,13,25,0,0,13,0.7874,0.7874
1826168,TIM S.A.,Brazil,2025,20-F,159089,15,6,21,28,0,0,21,1.32,1.32
1826286,Vinci Compass Investments Ltd.,Brazil,2020,20-F,130314,0,0,0,0,0,0,0,0.0,0.0
1826286,Vinci Compass Investments Ltd.,Brazil,2021,20-F,127978,2,0,2,1,0,0,2,0.1563,0.1563
1826286,Vinci Compass Investments Ltd.,Brazil,2022,20-F,141920,3,0,3,1,0,0,3,0.2114,0.2114
1826286,Vinci Compass Investments Ltd.,Brazil,2023,20-F,150842,3,0,3,1,0,0,3,0.1989,0.1989
1826286,Vinci Compass Investments Ltd.,Brazil,2024,20-F,177512,4,0,4,2,0,0,4,0.2253,0.2253
1826286,Vinci Compass Investments Ltd.,Brazil,2025,20-F,188039,6,3,9,10,0,0,9,0.4786,0.4786
1834048,Sendas Distributor S.A.,Brazil,2020,20-F,122718,0,0,0,0,0,0,0,0.0,0.0
1834048,Sendas Distributor S.A.,Brazil,2021,20-F,133174,0,0,0,0,0,0,0,0.0,0.0
1834048,Sendas Distributor S.A.,Brazil,2022,20-F,136208,0,0,0,0,0,0,0,0.0,0.0
1834048,Sendas Distributor S.A.,Brazil,2023,20-F,128712,0,0,0,0,0,0,0,0.0,0.0
1834048,Sendas Distributor S.A.,Brazil,2024,20-F,134615,0,0,0,0,0,0,0,0.0,0.0
1836934,Zenvia Inc.,Brazil,2021,20-F,112543,2,19,21,0,0,0,21,1.866,1.866
1836934,Zenvia Inc.,Brazil,2022,20-F,120196,7,15,22,4,0,0,22,1.8303,1.8303
1836934,Zenvia Inc.,Brazil,2023,20-F,118928,27,16,43,0,0,0,43,3.6156,3.6156
1836934,Zenvia Inc.,Brazil,2024,20-F,119719,28,18,46,6,0,0,46,3.8423,3.8423
1846832,dLocal Ltd,Uruguay,2021,20-F,118607,2,0,2,0,0,0,2,0.1686,0.1686
1846832,dLocal Ltd,Uruguay,2022,20-F,126366,3,0,3,0,0,0,3,0.2374,0.2374
1846832,dLocal Ltd,Uruguay,2023,20-F,121944,3,0,3,0,0,0,3,0.246,0.246
1846832,dLocal Ltd,Uruguay,2024,20-F,122140,15,6,21,38,0,0,21,1.7193,1.7193
1846832,dLocal Ltd,Uruguay,2025,20-F,130711,32,12,44,57,0,0,44,3.3662,3.3662
1863362,Sofgen Pharma S.A.,Colombia,2021,20-F,121193,0,0,0,0,0,0,0,0.0,0.0
1863362,Sofgen Pharma S.A.,Colombia,2022,20-F,130917,0,0,0,6,0,0,0,0.0,0.0
1863362,Sofgen Pharma S.A.,Colombia,2023,20-F,162576,0,0,0,7,0,0,0,0.0,0.0
1863362,Sofgen Pharma S.A.,Colombia,2024,20-F,151477,0,0,0,4,0,0,0,0.0,0.0
1864163,"Inter & Co, Inc.",Brazil,2021,20-F,181496,9,1,10,0,0,0,10,0.551,0.551
1864163,"Inter & Co, Inc.",Brazil,2022,20-F,157381,11,0,11,1,0,0,11,0.6989,0.6989
1864163,"Inter & Co, Inc.",Brazil,2023,20-F,153056,11,0,11,1,0,0,11,0.7187,0.7187
1864163,"Inter & Co, Inc.",Brazil,2024,20-F,150476,13,0,13,2,0,0,13,0.8639,0.8639
1864163,"Inter & Co, Inc.",Brazil,2025,20-F,151289,28,9,37,25,0,0,37,2.4457,2.4457
1867325,Getnet Adquirencia E Servicos Para Meios De Pagamento S.A. - Instituicao De Pagamento,Brazil,2021,20-F,132732,2,0,2,0,0,0,2,0.1507,0.1507
1868995,CI&T Inc,Brazil,2021,20-F,108260,4,0,4,6,1,0,4,0.3695,0.3695
1868995,CI&T Inc,Brazil,2022,20-F,117710,5,0,5,6,0,0,5,0.4248,0.4248
1868995,CI&T Inc,Brazil,2023,20-F,109592,13,14,27,31,0,0,27,2.4637,2.4637
1868995,CI&T Inc,Brazil,2024,20-F,105021,23,16,39,59,0,0,39,3.7135,3.7135
1868995,CI&T Inc,Brazil,2025,20-F,101794,32,39,71,105,0,0,71,6.9749,6.9749
1896049,"Semantix, Inc.",Brazil,2022,20-F,144055,40,6,46,79,0,0,46,3.1932,3.1932
1937441,Ambipar Emergency Response,Brazil,2022,20-F,157455,1,0,1,0,0,0,1,0.0635,0.0635
1937441,Ambipar Emergency Response,Brazil,2023,20-F,144624,2,0,2,0,0,0,2,0.1383,0.1383
1937441,Ambipar Emergency Response,Brazil,2024,20-F,143727,14,1,15,21,0,0,15,1.0436,1.0436
1945711,Lavoro Ltd,Brazil,2023,20-F,163087,0,1,1,0,0,0,1,0.0613,0.0613
1945711,Lavoro Ltd,Brazil,2024,20-F,162717,1,1,2,0,0,0,2,0.1229,0.1229
1945711,Lavoro Ltd,Brazil,2025,20-F,154659,1,0,1,0,0,0,1,0.0647,0.0647
1965143,Nvni Group Ltd,Brazil,2023,20-F,126838,5,0,5,2,1,1,4,0.3154,0.3942
1965143,Nvni Group Ltd,Brazil,2024,20-F,127550,5,0,5,2,1,1,4,0.3136,0.392
1965143,Nvni Group Ltd,Brazil,2025,20-F,120959,13,7,20,29,1,1,19,1.5708,1.6535
1969373,"Vesta Real Estate Corporation, S.A.B. de C.V.",Mexico,2023,20-F,122455,0,0,0,0,0,0,0,0.0,0.0
1969373,"Vesta Real Estate Corporation, S.A.B. de C.V.",Mexico,2024,20-F,123997,0,0,0,0,0,0,0,0.0,0.0
1969373,"Vesta Real Estate Corporation, S.A.B. de C.V.",Mexico,2025,20-F,123730,0,0,0,0,0,0,0,0.0,0.0
1978954,BBB FOODS INC,Mexico,2023,20-F,101873,0,0,0,0,1,0,0,0.0,0.0
1978954,BBB FOODS INC,Mexico,2024,20-F,96977,0,1,1,2,1,0,1,0.1031,0.1031
1978954,BBB FOODS INC,Mexico,2025,20-F,92506,0,1,1,2,1,0,1,0.1081,0.1081
