cik,fy,form,employees,emp_matches,emp_min,emp_max
887153,2017,20-F,3973,4,800,4420
887153,2018,20-F,3767,3,800,4685
887153,2019,20-F,4201,3,800,4685
887153,2020,20-F,4201,4,500,4448
887153,2021,20-F,5331,2,800,5331
887153,2022,20-F,800,3,114,5092
887153,2023,20-F,5092,2,4260,5092
887153,2024,20-F,4443,2,4260,4443
888746,2017,20-F,6240,3,550,80000
888746,2018,20-F,6219,3,617,85000
888746,2019,20-F,6379,3,395,85000
888746,2020,20-F,6468,3,229,84000
888746,2021,20-F,6761,3,357,80000
888746,2022,20-F,6852,3,417,85000
888746,2023,20-F,6708,2,447,6708
888746,2024,20-F,6439,2,532,6439
888746,2025,20-F,6376,2,401,6376
904851,2017,20-F,19072,2,220,19072
904851,2018,20-F,21314,1,21314,21314
904851,2019,20-F,22932,1,22932,22932
904851,2020,20-F,21314,1,21314,21314
904851,2021,20-F,22932,1,22932,22932
904851,2022,20-F,23301,1,23301,23301
904851,2023,20-F,,0,,
904851,2024,20-F,,0,,
904851,2025,20-F,,0,,
909037,2017,20-F,4921,2,4921,4921
909037,2018,20-F,5290,2,5290,5290
909037,2019,20-F,5741,2,5741,5741
909037,2020,20-F,5507,2,5507,5507
909037,2021,20-F,6081,2,6081,6081
909037,2022,20-F,6997,2,6997,6997
909037,2023,20-F,7682,2,7682,7682
909037,2024,20-F,8344,3,7258,8344
909037,2025,20-F,6840,5,590,7739
909327,2018,20-F,9385,2,9385,9385
909327,2019,20-F,14534,1,14534,14534
909327,2020,20-F,15653,2,1337,15653
909327,2021,20-F,17421,2,1304,17421
909327,2022,20-F,19319,2,3772,19319
909327,2023,20-F,20907,2,3565,20907
909327,2024,20-F,23980,2,5557,23980
909327,2025,20-F,23094,2,5557,23094
910631,2017,20-F,,0,,
910631,2018,20-F,,0,,
910631,2019,20-F,,0,,
910631,2020,20-F,,0,,
910631,2021,20-F,,0,,
910631,2022,20-F,,0,,
910631,2023,20-F,86000,1,86000,86000
910631,2024,20-F,93000,1,93000,93000
910631,2025,20-F,90200,1,90200,90200
912505,2017,20-F,11393,5,2841,11517
912505,2018,20-F,18364,4,15577,18364
912505,2019,20-F,17671,4,17295,17671
912505,2020,20-F,16969,3,16731,16969
912505,2021,20-F,16780,3,16461,16780
912892,2017,20-F,,0,,
912892,2018,20-F,,0,,
912892,2019,20-F,,0,,
912892,2020,20-F,,0,,
912892,2021,20-F,9300,1,9300,9300
912892,2022,20-F,9300,1,9300,9300
912892,2023,20-F,9300,1,9300,9300
912892,2024,20-F,9300,1,9300,9300
912892,2025,20-F,,0,,
913059,2017,20-F,6082,5,2000,6082
913059,2018,20-F,6107,3,6107,6107
913059,2019,20-F,6104,1,6104,6104
913059,2020,20-F,6019,3,6019,6321
913059,2021,20-F,6019,2,5863,6019
913059,2022,20-F,5888,2,5863,5888
913059,2023,20-F,6009,2,5888,6009
913059,2024,20-F,6289,2,6009,6289
913059,2025,20-F,6689,2,6289,6689
917851,2021,20-F,157,1,157,157
917851,2022,20-F,,0,,
917851,2023,20-F,,0,,
917851,2024,20-F,,0,,
917851,2025,20-F,,0,,
925261,2017,20-F,16063,2,16063,16063
925261,2018,20-F,17386,3,121,17386
925261,2019,20-F,17586,3,182,17586
925261,2020,20-F,17354,3,183,17354
925261,2021,20-F,18636,3,184,18636
925261,2022,20-F,19281,1,19281,19281
925261,2023,20-F,19667,1,19667,19667
925261,2024,20-F,20525,1,20525,20525
925261,2025,20-F,20858,1,20858,20858
926864,2017,20-F,848,3,848,867
926864,2018,20-F,767,3,767,795
926864,2019,20-F,710,3,705,710
930543,2017,20-F,852,4,289,2603
930543,2018,20-F,341,3,341,2634
931427,2017,20-F,,0,,
931427,2018,20-F,,0,,
931427,2019,20-F,,0,,
931427,2020,20-F,,0,,
931427,2021,20-F,,0,,
931427,2022,20-F,200,1,200,200
931427,2023,20-F,,0,,
931427,2024,20-F,,0,,
931427,2025,20-F,,0,,
932470,2017,20-F,4908,3,413,10903
932470,2018,20-F,,0,,
932470,2019,20-F,23728,3,11384,25343
932470,2020,20-F,23728,4,23254,25343
932470,2021,20-F,23254,4,22587,23728
932470,2022,20-F,22587,4,21729,23254
932470,2023,20-F,21729,4,21262,22587
932470,2024,20-F,21262,4,19987,21729
932470,2025,20-F,19987,3,18085,21262
932782,2017,20-F,127941,2,127941,127941
932782,2018,20-F,132021,2,132021,132021
932782,2019,20-F,125735,2,125735,125735
932782,2020,20-F,123899,2,123899,123899
932782,2021,20-F,123842,2,123842,123842
932782,2022,20-F,120054,2,120054,120054
932782,2023,20-F,128616,2,128616,128616
932782,2024,20-F,129198,2,129198,129198
932782,2025,20-F,126905,2,126905,126905
933267,2017,20-F,947,6,790,1759
933267,2018,20-F,928,6,812,1771
933267,2019,20-F,865,6,832,1702
933267,2020,20-F,784,6,701,1496
933267,2021,20-F,652,6,590,1281
933267,2022,20-F,750,5,651,1401
933267,2023,20-F,667,5,622,1289
933267,2024,20-F,708,5,693,1401
933267,2025,20-F,718,5,674,1392
1001290,2017,20-F,33636,2,33636,33636
1001290,2018,20-F,34024,2,34024,34024
1001290,2019,20-F,35828,1,35828,35828
1001290,2020,20-F,36806,1,36806,36806
1001290,2021,20-F,36358,1,36358,36358
1001290,2022,20-F,36968,2,200,36968
1001290,2023,20-F,37074,1,37074,37074
1001290,2024,20-F,38676,1,38676,38676
1001290,2025,20-F,49581,3,27000,49581
1001838,2017,10-K,13140,2,13140,13140
1001838,2018,10-K,13899,2,13899,13899
1001838,2019,10-K,14301,2,14301,14301
1001838,2020,10-K,13777,2,13777,13777
1001838,2021,10-K,14700,4,500,14700
1001838,2022,10-K,15018,2,15018,15018
1001838,2023,10-K,15810,3,5700,15810
1001838,2024,10-K,16133,2,16133,16133
1001838,2025,10-K,14000,5,2036,16617
1013131,2017,20-F,3717,3,3118,3717
1013131,2018,20-F,3450,3,3241,3450
1013131,2019,20-F,3087,3,3087,3087
1013131,2020,20-F,2934,2,2897,2934
1013131,2021,20-F,3045,2,2957,3045
1013131,2022,20-F,2783,2,2687,2783
1013131,2023,20-F,13759,2,2734,13759
1013131,2024,20-F,2958,2,2734,2958
1013131,2025,20-F,3295,2,2809,3295
1027552,2017,20-F,11068,4,11068,11068
1027552,2018,20-F,11305,8,11305,11305
1027552,2019,20-F,11200,6,200,11200
1027552,2020,20-F,10470,3,10470,10470
1027552,2021,20-F,9988,3,9988,9988
1027552,2022,20-F,9389,3,9389,9389
1027552,2023,20-F,9229,3,9229,9229
1027552,2024,20-F,8757,3,8757,8757
1027552,2025,20-F,8526,3,8526,8526
1034957,2017,20-F,1759,6,790,2635
1034957,2018,20-F,1771,7,812,3381
1034957,2019,20-F,1702,7,832,3370
1034957,2020,20-F,1496,7,701,3185
1034957,2021,20-F,1281,7,568,2544
1034957,2022,20-F,750,5,600,2750
1034957,2023,20-F,667,5,622,2706
1034957,2024,20-F,708,5,693,2867
1034957,2025,20-F,718,5,674,2889
1038572,2017,20-F,91106,1,91106,91106
1038572,2018,20-F,94119,2,500,94119
1038572,2019,20-F,44293,4,500,145506
1038572,2020,20-F,42548,3,500,53073
1038572,2021,20-F,41402,3,500,50515
1038572,2022,20-F,37325,2,500,37325
1038572,2023,20-F,39990,1,39990,39990
1041792,2019,20-F,7266,4,7095,7266
1041792,2020,20-F,6667,5,311,6832
1041792,2021,20-F,6538,4,6383,6538
1041792,2022,20-F,6029,4,5875,6029
1041792,2023,20-F,5954,4,5804,5954
1041792,2024,20-F,4389,2,4389,4389
1041792,2025,20-F,4276,1,4276,4276
1044896,2017,20-F,,0,,
1044896,2018,20-F,,0,,
1044896,2019,20-F,,0,,
1044896,2020,20-F,,0,,
1044896,2021,20-F,,0,,
1047716,2017,20-F,43095,5,43000,43593
1047716,2018,20-F,41000,3,41000,41097
1047716,2019,20-F,42000,3,41043,42000
1047716,2020,20-F,28400,3,28400,35717
1047716,2021,20-F,29100,5,28429,35281
1047716,2022,20-F,30877,8,3583,35281
1047716,2023,20-F,30877,7,1603,35568
1047716,2024,20-F,34174,4,2145,37355
1047716,2025,20-F,39877,2,34174,39877
1049659,2017,20-F,25189,2,1195,25189
1049659,2018,20-F,24857,2,1073,24857
1049659,2019,20-F,24869,2,984,24869
1049659,2020,20-F,23196,2,452,23196
1049659,2021,20-F,24660,2,257,24660
1049659,2022,20-F,26766,1,26766,26766
1049659,2023,20-F,29563,1,29563,29563
1049659,2024,20-F,8341,6,159,26766
1049659,2025,20-F,8151,6,197,26563
1061736,2017,20-F,,0,,
1061736,2018,20-F,,0,,
1061736,2019,20-F,2600,1,2600,2600
1061736,2020,20-F,,0,,
1061736,2021,20-F,,0,,
1061736,2022,20-F,,0,,
1061736,2023,20-F,86000,2,22000,86000
1061736,2024,20-F,93000,2,22000,93000
1061736,2025,20-F,90200,1,90200,90200
1066116,2017,20-F,9574,3,3200,9574
1066116,2018,20-F,9661,2,9661,9661
1066116,2019,20-F,9700,2,9700,9700
1066119,2017,20-F,33622,6,33331,33847
1066119,2018,20-F,33331,6,32638,33622
1066119,2019,20-F,32793,6,32638,33622
1066119,2020,20-F,32759,6,32638,32793
1066119,2021,20-F,32793,6,32759,33985
1066119,2022,20-F,33985,6,32759,34486
1066119,2023,20-F,34486,6,33985,35039
1066119,2024,20-F,35039,6,34486,35986
1066119,2025,20-F,35010,2,34986,35010
1071371,2017,20-F,13479,10,382,31061
1071371,2018,20-F,13328,10,551,31040
1071371,2019,20-F,20522,8,3020,31075
1071371,2020,20-F,12508,9,2969,30633
1071371,2021,20-F,20406,5,12498,31245
1071371,2022,20-F,33140,5,12740,33140
1071371,2023,20-F,14400,6,1156,34756
1071371,2024,20-F,34114,4,13729,34114
1071438,2019,20-F,339,4,297,830
1071438,2020,20-F,362,3,292,825
1071438,2021,20-F,303,5,303,939
1071438,2022,20-F,360,3,360,360
1071438,2023,20-F,366,3,366,366
1071438,2024,20-F,370,3,370,370
1071438,2025,20-F,352,3,352,352
1073404,2017,20-F,798,1,798,798
1073404,2018,20-F,6301,1,6301,6301
1073404,2019,20-F,6187,1,6187,6187
1073404,2020,20-F,5727,1,5727,5727
1073404,2021,20-F,5929,1,5929,5929
1073404,2022,20-F,6222,1,6222,6222
1073404,2023,20-F,6301,2,900,6301
1073404,2024,20-F,6477,2,600,6477
1073404,2025,20-F,6614,1,6614,6614
1076378,2017,20-F,40878,7,2000,56791
1076378,2018,20-F,42024,3,2000,42024
1076378,2019,20-F,40640,2,40640,40640
1076378,2020,20-F,41663,3,1189,41663
1076378,2021,20-F,46210,3,1125,46210
1076378,2022,20-F,4400,5,1162,43853
1076378,2023,20-F,46497,4,1235,46497
1076378,2024,20-F,45649,4,1251,45649
1076378,2025,20-F,39886,3,1182,39886
1094972,2017,20-F,16448,2,16448,16448
1094972,2018,20-F,17034,4,619,17034
1094972,2019,20-F,16024,4,613,16024
1094972,2020,20-F,946,1,946,946
1094972,2021,20-F,16442,1,16442,16442
1094972,2022,20-F,9778,2,9778,9778
1094972,2023,20-F,729,1,729,729
1094972,2024,20-F,558,1,558,558
1094972,2025,20-F,11302,2,11302,11302
1099590,2017,10-K,,0,,
1099590,2018,10-K,2409,1,2409,2409
1099590,2019,10-K,3492,1,3492,3492
1099590,2020,10-K,5201,1,5201,5201
1099590,2021,10-K,9471,1,9471,9471
1099590,2022,10-K,40548,2,13856,40548
1099590,2023,10-K,15638,1,15638,15638
1099590,2024,10-K,60000,2,18282,60000
1099590,2025,10-K,81000,2,20347,81000
1110649,2017,20-F,,0,,
1114700,2017,20-F,4575,19,158,12131
1114700,2018,20-F,1000,2,1000,1000
1114700,2019,20-F,1000,1,1000,1000
1114700,2020,20-F,1000,2,1000,1000
1114700,2021,20-F,1000,1,1000,1000
1114700,2022,20-F,,0,,
1114700,2023,20-F,,0,,
1114700,2024,20-F,2843,1,2843,2843
1114700,2025,20-F,2843,1,2843,2843
1119639,2022,20-F,1053,4,735,38000
1119639,2023,20-F,1076,4,475,39235
1119639,2024,20-F,1097,3,1097,41081
1119639,2025,20-F,1234,2,1234,1234
1122491,2017,20-F,108234,4,9000,108234
1122491,2018,20-F,105000,3,20739,105000
1122491,2019,20-F,93000,3,6717,93000
1122491,2020,20-F,100000,3,7335,100000
1122491,2021,20-F,100000,5,7184,100000
1122491,2022,20-F,100000,5,7040,100000
1122491,2023,20-F,100000,4,100000,100000
1122491,2024,20-F,100000,4,100000,100000
1123452,2017,20-F,1494,1,1494,1494
1123452,2018,20-F,,0,,
1123452,2019,20-F,,0,,
1123452,2020,20-F,,0,,
1123452,2021,20-F,,0,,
1123452,2022,20-F,,0,,
1123452,2023,20-F,,0,,
1123452,2024,20-F,,0,,
1123452,2025,20-F,,0,,
1128173,2017,20-F,947,2,947,947
1128173,2018,20-F,928,2,928,928
1128173,2019,20-F,865,2,865,865
1128173,2020,20-F,784,2,784,784
1128173,2021,20-F,590,2,590,590
1129137,2017,20-F,57400,1,57400,57400
1129137,2018,20-F,120000,1,120000,120000
1129137,2019,20-F,113000,1,113000,113000
1129137,2020,20-F,,0,,
1129137,2021,20-F,,0,,
1129137,2022,20-F,,0,,
1129137,2023,20-F,,0,,
1129137,2024,20-F,,0,,
1129137,2025,20-F,,0,,
1132597,2019,20-F,94881,1,94881,94881
1132597,2020,20-F,96540,1,96540,96540
1132597,2021,20-F,99598,4,96540,99598
1132597,2022,20-F,101094,3,99598,101094
1132597,2023,20-F,95702,3,95702,101094
1132597,2024,20-F,96219,3,95702,96219
1132597,2025,20-F,92470,3,92470,96219
1157557,2017,20-F,1189,7,175,7860
1157557,2018,20-F,578,11,151,7119
1157557,2019,20-F,5596,6,151,6083
1157557,2020,20-F,5254,5,151,6083
1157557,2021,20-F,5254,4,324,5596
1157557,2022,20-F,4969,5,155,5254
1157557,2023,20-F,4969,3,4917,5025
1157557,2024,20-F,5028,2,357,5028
1157557,2025,20-F,5320,2,118,5320
1160330,2017,20-F,92861,10,7400,108793
1160330,2018,20-F,98605,5,98605,108793
1160330,2019,20-F,97329,5,178,98808
1160330,2020,20-F,89575,3,89575,97329
1160330,2021,20-F,87274,3,15000,87274
1160330,2022,20-F,88381,2,88381,88381
1160330,2023,20-F,86222,2,86222,86222
1160330,2024,20-F,84022,2,84022,84022
1160330,2025,20-F,82095,2,82095,82095
1160846,2017,20-F,55446,3,1390,55446
1160846,2018,20-F,56875,3,365,56875
1160846,2019,20-F,58089,3,326,58089
1160846,2020,20-F,46624,2,231,46624
1161125,2017,20-F,14023,5,10900,41745
1161125,2018,20-F,13831,2,11381,13831
1161125,2019,20-F,13555,4,200,13562
1161125,2020,20-F,13134,2,13134,13134
1161125,2021,20-F,12284,2,12284,12284
1161125,2022,20-F,12550,2,12550,12550
1161125,2023,20-F,12217,2,12217,12217
1161125,2024,20-F,11614,2,11614,11614
1161125,2025,20-F,11156,2,11156,11156
1170858,2017,20-F,,0,,
1170858,2018,20-F,,0,,
1170858,2019,20-F,,0,,
1170858,2020,20-F,12806,4,5900,12806
1170858,2021,20-F,12515,4,5900,12515
1170858,2022,20-F,12999,3,6000,12999
1170858,2023,20-F,11170,4,1854,11170
1170858,2024,20-F,10512,4,1854,10512
1170858,2025,20-F,8678,4,1854,8678
1190723,2017,20-F,,0,,
1190723,2018,20-F,,0,,
1190723,2019,20-F,,0,,
1190723,2020,20-F,,0,,
1190723,2021,20-F,23000,3,1000,23000
1190723,2022,20-F,,0,,
1190723,2023,20-F,400,1,400,400
1190723,2024,20-F,58000,1,58000,58000
1190723,2025,20-F,64870,1,64870,64870
1273441,2020,10-K,322,2,322,322
1273441,2021,10-K,319,2,319,319
1273441,2022,10-K,336,2,336,336
1273441,2023,10-K,351,2,351,351
1273441,2024,10-K,431,2,431,431
1273441,2025,10-K,406,2,406,406
1276671,2017,20-F,9492,3,5848,9492
1276671,2018,20-F,9179,3,5685,9179
1276671,2019,20-F,8987,3,5616,8987
1276671,2020,20-F,8364,3,5220,8364
1276671,2021,20-F,7816,3,5078,7816
1276671,2022,20-F,7558,2,7558,7558
1291733,2017,20-F,14532,2,14532,14532
1291733,2018,20-F,15259,5,14532,107000
1291733,2019,20-F,16222,6,700,107000
1291733,2020,20-F,700,3,700,107000
1291733,2021,20-F,750,1,750,750
1291733,2022,20-F,750,1,750,750
1291733,2023,20-F,750,1,750,750
1300482,2017,20-F,13344,3,2006,13344
1300482,2018,20-F,13467,3,2006,13467
1300482,2019,20-F,13302,3,2006,13302
1342874,2017,20-F,,0,,
1342874,2018,20-F,,0,,
1342874,2019,20-F,,0,,
1342874,2020,20-F,,0,,
1342874,2021,20-F,,0,,
1342874,2022,20-F,,0,,
1342874,2023,20-F,13445,1,13445,13445
1342874,2024,20-F,13445,1,13445,13445
1342874,2025,20-F,,0,,
1345105,2017,20-F,,0,,
1345105,2018,20-F,,0,,
1345105,2019,20-F,,0,,
1345105,2020,20-F,,0,,
1345105,2021,20-F,,0,,
1345105,2022,20-F,,0,,
1345105,2023,20-F,,0,,
1345105,2024,20-F,,0,,
1345105,2025,20-F,,0,,
1347557,2017,20-F,206,2,169,206
1347557,2018,20-F,206,2,191,206
1347557,2019,20-F,209,2,130,209
1347557,2020,20-F,192,2,185,192
1347557,2021,20-F,249,2,185,249
1347557,2022,20-F,270,1,270,270
1347557,2023,20-F,308,1,308,308
1347557,2024,20-F,315,1,315,315
1347557,2025,20-F,449,1,449,449
1355444,2017,20-F,,0,,
1355444,2018,20-F,3300,2,3300,3300
1355444,2019,20-F,6460,2,6460,6460
1355444,2020,20-F,1600,19,900,15658
1355444,2021,20-F,2000,4,1600,2500
1355444,2022,20-F,2800,1,2800,2800
1355444,2023,20-F,8000,1,8000,8000
1355444,2024,20-F,,0,,
1355444,2025,20-F,,0,,
1378239,2017,20-F,1250,2,1250,1250
1378239,2018,20-F,1148,2,1148,1148
1378239,2019,20-F,1160,2,1160,1160
1378239,2020,20-F,1003,2,1003,1003
1378239,2021,20-F,1182,2,1182,1182
1378239,2022,20-F,1256,2,1256,1256
1378239,2023,20-F,1270,2,1270,1270
1378239,2024,20-F,1326,2,1326,1326
1378239,2025,20-F,1355,2,1355,1355
1389207,2017,20-F,646,1,646,646
1389207,2018,20-F,422,1,422,422
1389207,2019,20-F,215,1,215,215
1389207,2020,20-F,277,1,277,277
1389207,2021,20-F,400,1,400,400
1395213,2017,20-F,4789,9,2927,5477
1395213,2018,20-F,4922,10,4045,7397
1395213,2019,20-F,5477,10,4777,7397
1395213,2020,20-F,5588,10,4776,7397
1395213,2021,20-F,4777,11,1800,5977
1395213,2022,20-F,5756,10,4658,5977
1395213,2023,20-F,4688,12,4635,6647
1395213,2024,20-F,4658,12,4635,7469
1395213,2025,20-F,4642,12,4576,7469
1402902,2017,20-F,11230,2,11230,11230
1402902,2018,20-F,11632,2,11632,11632
1402902,2019,20-F,11909,2,11909,11909
1430162,2020,20-F,11930,1,11930,11930
1430162,2021,20-F,10581,1,10581,10581
1430162,2022,20-F,11181,1,11181,11181
1430162,2023,20-F,11656,1,11656,11656
1430162,2024,20-F,12090,1,12090,12090
1430162,2025,20-F,12787,1,12787,12787
1432364,2017,20-F,10311,1,10311,10311
1432364,2018,20-F,,0,,
1432364,2019,20-F,,0,,
1432364,2020,20-F,,0,,
1432364,2021,20-F,,0,,
1432364,2022,20-F,,0,,
1432364,2023,20-F,,0,,
1432364,2024,20-F,,0,,
1432364,2025,20-F,,0,,
1439124,2022,20-F,708,6,669,708
1439124,2023,20-F,708,5,101,1573
1439124,2024,20-F,684,3,684,3054
1439124,2025,20-F,3054,3,2765,3054
1444406,2017,20-F,11682,3,4609,11682
1444406,2018,20-F,12228,2,12228,12228
1444406,2019,20-F,15157,3,5131,15157
1444406,2020,20-F,13977,3,4933,13977
1444406,2021,20-F,18378,4,306,18378
1444406,2022,20-F,18903,3,525,18903
1444406,2023,20-F,19659,3,754,19659
1444406,2024,20-F,19581,2,19581,19581
1444406,2025,20-F,19581,2,19581,19581
1449877,2017,20-F,3330,3,700,3330
1450123,2023,20-F,270000,3,270000,272565
1450123,2024,20-F,280000,5,3000,281974
1464591,2017,20-F,405,2,405,405
1464591,2018,20-F,457,2,457,457
1464591,2019,20-F,439,2,439,439
1464591,2020,20-F,437,2,437,437
1464591,2021,20-F,463,2,463,463
1464591,2022,20-F,482,2,482,482
1464591,2023,20-F,470,2,470,470
1464591,2024,20-F,476,2,476,476
1464591,2025,20-F,382,3,382,18000
1469395,2017,20-F,3330,3,700,3330
1469395,2018,20-F,2127,3,1034,2127
1469395,2019,20-F,1944,3,1944,2000
1469395,2020,20-F,1937,2,1937,1937
1469395,2021,20-F,1937,3,101,1937
1469395,2022,20-F,1907,3,106,1907
1469395,2023,20-F,1924,3,106,1924
1469395,2024,20-F,1847,3,105,1847
1469395,2025,20-F,1847,3,108,1847
1471055,2017,20-F,,0,,
1471055,2018,20-F,,0,,
1471055,2019,20-F,,0,,
1471055,2020,20-F,,0,,
1471055,2021,20-F,,0,,
1471055,2022,20-F,,0,,
1471055,2023,20-F,,0,,
1471055,2024,20-F,5686,1,5686,5686
1471055,2025,20-F,,0,,
1499505,2017,20-F,7790,2,7790,7790
1499505,2018,20-F,7743,2,7743,7743
1499505,2019,20-F,8237,2,8237,8237
1499505,2020,20-F,8716,3,141,8716
1499505,2021,20-F,9104,2,9104,9104
1499505,2022,20-F,9776,2,9776,9776
1499505,2023,20-F,9762,2,9762,9762
1499505,2024,20-F,10320,2,10320,10320
1499505,2025,20-F,,0,,
1499849,2017,20-F,,0,,
1499849,2018,20-F,,0,,
1499849,2019,20-F,,0,,
1499849,2020,20-F,,0,,
1499849,2021,20-F,,0,,
1499849,2022,20-F,,0,,
1499849,2023,20-F,,0,,
1499849,2024,20-F,,0,,
1499849,2025,20-F,,0,,
1504764,2017,20-F,31987,1,31987,31987
1504764,2018,20-F,32125,1,32125,32125
1504764,2019,20-F,,0,,
1504764,2020,20-F,,0,,
1504764,2021,20-F,,0,,
1504764,2022,20-F,,0,,
1504764,2023,20-F,2200,4,1500,74000
1504764,2024,20-F,70000,2,1500,70000
1504764,2025,20-F,6522,1,6522,6522
1508478,2017,20-F,78806,2,78806,78806
1508478,2018,20-F,78691,3,2000,78691
1508478,2019,20-F,80855,2,80855,80855
1508478,2020,20-F,73438,2,73438,73438
1508478,2021,20-F,81256,2,81256,81256
1508478,2022,20-F,93647,2,93647,93647
1508478,2023,20-F,100795,2,100795,100795
1508478,2024,20-F,98615,2,98615,98615
1508478,2025,20-F,96782,3,96782,96782
1517399,2017,20-F,4982,12,113,24000
1517399,2018,20-F,3522,19,107,30000
1517399,2019,20-F,5019,13,122,30000
1517399,2020,20-F,3936,13,125,34000
1517399,2021,20-F,3837,13,119,30800
1517399,2022,20-F,386,13,119,5021
1517399,2023,20-F,3494,8,110,4807
1517399,2024,20-F,700,9,100,3814
1517399,2025,20-F,3196,8,108,3663
1520504,2017,20-F,4752,2,4752,4752
1520504,2018,20-F,4600,2,4600,4600
1520504,2019,20-F,4950,2,4950,4950
1520504,2020,20-F,4846,2,4846,4846
1520504,2021,20-F,6714,2,6714,6714
1520504,2022,20-F,7364,2,7364,7364
1520504,2023,20-F,7198,2,7198,7198
1520504,2024,20-F,6901,2,6901,6901
1520504,2025,20-F,7098,2,7098,7098
1534675,2017,10-K,5399,4,5326,5853
1534675,2018,10-K,5852,4,5326,5853
1534675,2019,10-K,5852,4,5528,5852
1534675,2020,10-K,5583,4,5543,5583
1534675,2021,10-K,6908,3,5666,6908
1534675,2022,10-K,8770,4,6908,8770
1534675,2023,10-K,8531,3,8531,8770
1534675,2024,10-K,8531,5,2622,9837
1534675,2025,10-K,9601,5,1511,9837
1540684,2017,10-K,,0,,
1540684,2018,10-K,,0,,
1540684,2019,10-K,,0,,
1540684,2020,10-K,,0,,
1540684,2021,10-K,,0,,
1540684,2022,10-K,,0,,
1540684,2023,10-K,,0,,
1540684,2024,10-K,,0,,
1540684,2025,10-K,,0,,
1557860,2017,20-F,5041,1,5041,5041
1557860,2018,20-F,5631,1,5631,5631
1557860,2019,20-F,3745,3,3745,6753
1557860,2020,20-F,8384,2,500,8384
1557860,2021,20-F,11855,2,500,11855
1557860,2022,20-F,16251,2,500,16251
1557860,2023,20-F,23526,1,23526,23526
1557860,2024,20-F,31000,2,27122,31000
1557860,2025,20-F,28773,3,28773,29150
1562767,2017,20-F,2728,3,963,2728
1562767,2018,20-F,2429,4,845,2429
1565025,2017,20-F,51432,2,51432,51432
1565025,2018,20-F,49617,2,49617,49617
1565025,2019,20-F,51352,2,51352,51352
1565025,2020,20-F,50479,2,50479,50479
1565025,2021,20-F,52806,2,52806,52806
1565025,2022,20-F,47108,2,47108,47108
1565025,2023,20-F,42774,2,42774,42774
1565025,2024,20-F,42167,2,42167,42167
1565025,2025,20-F,39606,2,39606,39606
1572621,2017,20-F,31520,2,31520,31520
1572621,2018,20-F,11891,2,11891,11891
1572621,2019,20-F,15164,3,5850,15164
1572621,2020,20-F,18204,2,18204,18204
1572621,2021,20-F,18598,2,18598,18598
1572621,2022,20-F,13261,2,13261,13261
1572621,2023,20-F,12787,2,12787,12787
1575969,2017,20-F,25306,4,241,25306
1575969,2018,20-F,11001,5,229,21861
1575969,2019,20-F,20874,3,206,20874
1575969,2020,20-F,4740,5,1303,14568
1615903,2019,20-F,662,7,296,6655
1615903,2020,20-F,678,7,217,6408
1615903,2021,20-F,811,7,301,6176
1615903,2022,20-F,667,9,290,6162
1615903,2023,20-F,648,9,245,6266
1615903,2024,20-F,1274,7,210,6328
1615903,2025,20-F,1518,7,293,6742
1659939,2017,20-F,1948,3,1948,1993
1659939,2018,20-F,2062,3,2062,2096
1659939,2019,20-F,2148,3,2142,2148
1659939,2020,20-F,2219,3,2202,2219
1659939,2021,20-F,2215,3,2215,2221
1659939,2022,20-F,2158,3,2158,2256
1659939,2023,20-F,2077,3,2077,2134
1659939,2024,20-F,1952,3,1952,2003
1659939,2025,20-F,1852,4,1792,1852
1691493,2021,20-F,2452,3,250,80000
1691493,2022,20-F,2929,2,250,2929
1691493,2023,20-F,7700,2,6068,7700
1691493,2024,20-F,8049,1,8049,8049
1691493,2025,20-F,7686,1,7686,7686
1698287,2017,20-F,15116,4,5202,15116
1698287,2018,20-F,16016,4,5533,16016
1698287,2019,20-F,15857,4,5141,15857
1698287,2020,20-F,21183,4,5034,21183
1698287,2021,20-F,25276,4,5179,25276
1698287,2022,20-F,25990,4,5147,25990
1703141,2017,20-F,2961,2,2961,2961
1703141,2018,20-F,3398,2,3398,3398
1703141,2019,20-F,3029,2,3029,3029
1703141,2020,20-F,3577,2,3577,3577
1703141,2021,20-F,3824,2,3824,3824
1703141,2022,20-F,4543,2,4543,4543
1703141,2023,20-F,4593,2,4593,4593
1703141,2024,20-F,3956,2,3956,3956
1711375,2017,20-F,1239,2,1239,1239
1711375,2018,20-F,1232,2,1232,1232
1711375,2019,20-F,1221,3,800,1221
1711375,2020,20-F,2900,4,1151,2900
1711375,2021,20-F,2849,4,1105,2849
1711375,2022,20-F,2886,4,1090,2886
1711375,2023,20-F,2885,4,1077,2885
1711375,2024,20-F,2821,4,1028,2821
1711375,2025,20-F,2689,4,975,2689
1712807,2017,20-F,,0,,
1712807,2018,20-F,,0,,
1712807,2019,20-F,,0,,
1712807,2020,20-F,,0,,
1712807,2021,20-F,,0,,
1712807,2022,20-F,,0,,
1712807,2023,20-F,7273,2,7273,7273
1712807,2024,20-F,8595,2,8595,8595
1712807,2025,20-F,8645,2,8645,8645
1713930,2017,20-F,5446,1,5446,5446
1713930,2018,20-F,5591,1,5591,5591
1713930,2019,20-F,5760,1,5760,5760
1713930,2020,20-F,5349,1,5349,5349
1713930,2021,20-F,5840,1,5840,5840
1713930,2022,20-F,5625,1,5625,5625
1713930,2023,20-F,5771,1,5771,5771
1713930,2024,20-F,500,3,250,5253
1713930,2025,20-F,5615,1,5615,5615
1716586,2017,20-F,,0,,
1716586,2018,20-F,,0,,
1717161,2017,20-F,738,4,732,740
1717161,2018,20-F,803,4,733,803
1717161,2019,20-F,894,4,738,894
1717161,2020,20-F,885,4,803,894
1717161,2021,20-F,885,3,861,894
1717161,2022,20-F,865,4,861,885
1717161,2023,20-F,1181,4,861,1181
1717161,2024,20-F,1324,4,865,1324
1717161,2025,20-F,1291,4,1269,1324
1717393,2017,20-F,5962,1,5962,5962
1717393,2018,20-F,5974,1,5974,5974
1717393,2019,20-F,,0,,
1717393,2020,20-F,,0,,
1717393,2021,20-F,6299,1,6299,6299
1717393,2022,20-F,5822,1,5822,5822
1717393,2023,20-F,,0,,
1717393,2024,20-F,,0,,
1717393,2025,20-F,,0,,
1740594,2018,20-F,284,3,207,603
1740594,2019,20-F,284,5,207,828
1740594,2020,20-F,355,5,284,1198
1740594,2021,20-F,436,5,355,1949
1740594,2022,20-F,563,5,436,2746
1745431,2018,20-F,1129,1,1129,1129
1745431,2019,20-F,2806,1,2806,2806
1745431,2020,20-F,1300,3,1300,2806
1745431,2021,20-F,1300,3,1300,3574
1745431,2022,20-F,8979,1,8979,8979
1745431,2023,20-F,1300,3,200,17685
1745431,2024,20-F,1600,3,200,16685
1745431,2025,20-F,16367,4,200,17091
1762506,2019,20-F,304,2,304,304
1762506,2020,20-F,382,2,382,382
1762506,2021,20-F,411,2,411,411
1762506,2022,20-F,465,2,465,465
1762506,2023,20-F,470,2,470,470
1762506,2024,20-F,528,2,528,528
1762506,2025,20-F,584,2,584,584
1769484,2019,20-F,409,6,409,409
1769484,2020,20-F,447,6,447,447
1769484,2021,20-F,497,2,497,497
1769484,2022,20-F,565,6,169,640
1769484,2023,20-F,790,2,790,790
1769484,2024,20-F,983,2,983,983
1769484,2025,20-F,751,2,751,751
1771007,2019,20-F,3444,2,3444,3444
1771007,2020,20-F,5260,2,5260,5260
1771007,2021,20-F,8079,2,8079,8079
1771007,2022,20-F,8708,2,8708,8708
1771007,2023,20-F,9680,2,9680,9680
1771007,2024,20-F,9717,2,9717,9717
1771007,2025,20-F,9395,2,9395,9395
1776967,2019,20-F,9111,6,2200,18585
1776967,2020,20-F,19151,6,2474,36223
1776967,2021,20-F,7208,3,3107,16718
1776967,2022,20-F,16681,6,3852,32398
1776967,2023,20-F,19955,3,5458,19955
1787425,2019,20-F,1593,5,975,2429
1787425,2020,20-F,2429,5,1593,3651
1787425,2021,20-F,3651,5,2429,6193
1787425,2022,20-F,6193,5,3651,6928
1787425,2023,20-F,6669,5,6192,6928
1787425,2024,20-F,6928,3,6669,6928
1787425,2025,20-F,36000,2,6669,36000
1788257,2019,20-F,,0,,
1788257,2021,20-F,,0,,
1788257,2022,20-F,,0,,
1788257,2023,20-F,,0,,
1788257,2024,20-F,,0,,
1788257,2025,20-F,,0,,
1792829,2020,20-F,1960,2,1960,1960
1792829,2021,20-F,788,2,300,788
1792829,2022,20-F,926,1,926,926
1792829,2023,20-F,2012,2,2012,2012
1792829,2024,20-F,1808,2,1808,1808
1793663,2021,20-F,592,3,214,1727
1793663,2022,20-F,438,3,169,1349
1793663,2023,20-F,417,3,138,1277
1793663,2024,20-F,504,3,137,1368
1793663,2025,20-F,1139,2,544,1139
1799207,2024,20-F,14842,4,200,14842
1799207,2025,20-F,437,5,248,15254
1805012,2020,20-F,6174,4,4150,6174
1805012,2021,20-F,6036,3,1000,6036
1805012,2022,20-F,10177,3,1000,10177
1805012,2023,20-F,10922,3,1000,10922
1819615,2020,10-K,,0,,
1819615,2021,10-K,560,2,560,560
1819615,2022,10-K,400,2,400,400
1819615,2023,10-K,296,2,296,296
1825570,2020,20-F,30000,2,176,30000
1825570,2021,20-F,30000,2,167,30000
1825570,2022,20-F,30000,2,158,30000
1825570,2023,20-F,30000,2,390,30000
1825570,2024,20-F,30000,2,385,30000
1825570,2025,20-F,30000,2,577,30000
1826168,2020,20-F,9421,2,9421,9421
1826168,2021,20-F,9337,3,140,9337
1826168,2022,20-F,9406,3,140,9406
1826168,2023,20-F,9275,3,600,9275
1826168,2024,20-F,9127,2,9127,9127
1826168,2025,20-F,8706,3,460,8706
1826286,2020,20-F,215,5,172,215
1826286,2021,20-F,244,3,177,244
1826286,2022,20-F,283,3,215,283
1826286,2023,20-F,275,3,244,275
1826286,2024,20-F,593,3,283,594
1826286,2025,20-F,594,3,275,594
1834048,2020,20-F,46409,2,500,46409
1834048,2021,20-F,60277,2,500,60277
1834048,2022,20-F,55979,4,500,73898
1834048,2023,20-F,77370,5,55979,80000
1834048,2024,20-F,80000,5,73898,86749
1836934,2021,20-F,470,8,108,1085
1836934,2022,20-F,470,5,108,1191
1836934,2023,20-F,1076,3,1017,1076
1836934,2024,20-F,956,4,803,1128
1846832,2021,20-F,,0,,
1846832,2022,20-F,,0,,
1846832,2023,20-F,280,3,245,291
1846832,2024,20-F,371,3,280,392
1846832,2025,20-F,458,3,371,470
1863362,2021,20-F,640,1,640,640
1863362,2022,20-F,670,1,670,670
1863362,2023,20-F,670,1,670,670
1863362,2024,20-F,670,1,670,670
1864163,2021,20-F,,0,,
1864163,2022,20-F,,0,,
1864163,2023,20-F,,0,,
1864163,2024,20-F,,0,,
1864163,2025,20-F,,0,,
1867325,2021,20-F,,0,,
1868995,2021,20-F,,0,,
1868995,2022,20-F,,0,,
1868995,2023,20-F,,0,,
1868995,2024,20-F,,0,,
1868995,2025,20-F,7993,2,6907,7993
1896049,2022,20-F,1000,2,500,1000
1937441,2022,20-F,5041,6,210,15000
1937441,2023,20-F,7089,5,7000,15000
1937441,2024,20-F,7400,5,958,7435
1945711,2023,20-F,2375,1,2375,2375
1945711,2024,20-F,3379,1,3379,3379
1945711,2025,20-F,3778,1,3778,3778
1965143,2023,20-F,603,1,603,603
1965143,2024,20-F,618,1,618,618
1965143,2025,20-F,1464,3,477,1764
1969373,2023,20-F,,0,,
1969373,2024,20-F,107,2,107,107
1969373,2025,20-F,116,2,116,116
1978954,2023,20-F,21924,2,21924,21924
1978954,2024,20-F,25300,2,25300,25300
1978954,2025,20-F,29202,2,29202,29202
