Country,CountryName,Year,INVESTMENT,CAPITAL,GDP,HC_index,LABOR,EFFECTIVE_LABOR,TFP,TFP_Growth,GDP_Growth,AI_Publications,TFP_Change,Efficiency_Change,Technical_Change,FDI_inflows,FIN_credit_private,GDPPC_constant2015,GOV_consumption,INF_broadband,INF_internet,INF_mobile,INST_rule_of_law,OPEN_trade,POP_total,URB_urban_pop,LNPGDP_constant2015,LN_AI_pub,LN_HC_index,LN_AI_pub_L1
ARG,Argentina,2016,87222011290.2295,1290017758969.4402,582376550428.09,3.00521349906921,11394552.333333334,34243062.4879839,425.62114876654795,-4.3103822707417745,-2.0803278437780515,216.0,0.955579006413166,1.0,0.955579006413166,0.584748941173009,13.6676334273514,13265.8860639123,17.6545781863509,16.5185,70.969,145.147,-0.320159524679184,26.0938878488799,43900313.0,91.5856817228217,9.492951061469718,5.37989735354046,1.10034861340655,
ARG,Argentina,2017,98892817130.2083,1324409688151.1763,598790850843.677,3.03543877601624,11568217.0,35114614.45117026,426.579711319551,0.22521497246577038,2.8185029777592074,226.0,1.0039613336575692,1.0,1.0039613336575692,1.78936504083806,15.9584973420583,13520.1129846159,17.6968939223042,17.7082,74.2949,139.758,-0.237312033772469,25.2896011376779,44288894.0,91.6776028433824,9.511933706412325,5.424950017481403,1.1103559860606984,5.37989735354046
ARG,Argentina,2018,93210783977.9137,1351399987721.5312,583118120294.002,3.06596803665161,11744699.0,36008871.73409413,405.80368322884885,-4.87037417378221,-2.617396462820476,279.0,0.9502972131080958,1.0,0.9502972131080958,2.23253157689253,15.2180632933953,13058.3285449954,15.8050971558947,18.9759,77.7,131.224,-0.219330430030823,30.7625359549926,44654882.0,91.7679941327998,9.477181411867754,5.634789603169249,1.1203633552979584,5.424950017481403
ARG,Argentina,2019,78342216931.0375,1362172205266.4922,571450737224.442,3.09680438041687,12041135.0,37289039.61319089,387.6768013215281,-4.466909162354316,-2.000861002857768,251.0,0.9573845387622691,1.0,0.9573845387622691,1.48500687570697,14.4776292447323,12706.3978108968,16.4432415862976,19.5519,79.947,125.303,-0.427360445261002,32.6306150458499,44973465.0,91.8567844513802,9.449860910237419,5.529429087511423,1.1303707347781278,5.634789603169249
ARG,Argentina,2020,68106055855.5898,1362169650858.7573,514874343768.066,3.12795066833496,10936539.0,34208954.47432136,369.427703958136,-4.707296722729815,-9.90048481364636,337.0,0.9439980109397257,1.0,0.9439980109397257,1.26616924308721,15.746489768328,11393.0505957877,16.8730073837365,21.1798,85.5144,121.181,-0.486265957355499,30.203698807416,45191965.0,91.9439026594897,9.340758851642148,5.823045895483019,1.1403780515660413,5.529429087511423
ARG,Argentina,2021,91273371142.4809,1385334539458.3003,568636554720.066,3.13874697685242,12241621.0,38423350.9055231,376.10035116756,1.8062119158719359,10.441811988250516,316.0,1.029190154760743,1.0,1.029190154760743,1.36838083162438,13.2644289814535,12549.2811699342,15.9158179423023,23.15,87.1507,130.353,-0.477947890758514,33.078689567466,45312281.0,92.0292776175651,9.437418665623444,5.75890177387728,1.1438236683199132,5.823045895483019
ARG,Argentina,2022,100814337082.887,1416882149568.2722,602872713790.916,3.14963102340698,12881228.0,40571115.32837865,381.871992625021,1.5346014539852515,6.020745375348602,231.0,1.0181043148255713,1.0,1.0181043148255713,2.3984601182853,12.8891009335255,13276.8232110189,15.7026090548718,24.6832,88.3754,131.484,-0.482351809740067,31.5801792606256,45407904.0,92.112838186126,9.493775178375971,5.44673737166631,1.1472853105502965,5.75890177387728
ARG,Argentina,2023,98847542616.3413,1444885584706.2,591684674129.454,3.16060328483582,13293498.0,42015473.4457584,363.8585544498786,-4.717140435284728,-1.8557880304634566,290.0,0.9541223705819165,1.0,0.9541223705819165,3.81190879856952,15.3570823376105,12993.0928872416,16.3015627890885,25.3581,89.229,137.706,-0.410826534032822,26.6769512482215,45538401.0,92.1945132257907,9.472173178879085,5.673323267171493,1.1507629222999955,5.44673737166631
ARG,Argentina,2024,81821414740.2399,1454462720211.13,583738758865.705,,13335384.0,,,0.0,-1.3429307215773068,283.0,,,,1.82409522925391,15.1176778381075,12774.3506596628,14.9167656550539,25.3581,89.6672,137.706,-0.410826534032822,27.929760849367,45696159.0,92.2742315972952,9.455194584790855,5.648974238161206,,5.673323267171493
BOL,Bolivia,2016,7293345003.48168,58140750631.48073,34407300587.1524,2.88119912147522,4851473.0,13978059.74546075,133.21155545353574,1.2897513461975763,4.263920863821102,2.0,0.9243605136068469,1.0,0.9243605136068469,0.988080149462259,57.4086457676424,3077.57057564766,17.4582521973373,2.57235,39.6975,90.3953,-1.23873949050903,56.4010345026573,11180020.0,68.7446327876947,8.031895790581249,1.0986122886681098,1.0582065691167464,
BOL,Bolivia,2017,8151861191.7661,63385574291.67279,35850757840.6068,2.90920758247376,5038909.0,14659232.270195272,130.56578771668586,-1.986139811851928,4.19520633360404,3.0,0.9240893257188332,1.0,0.9240893257188332,1.55130384811576,47.873300738401,3160.16421228968,15.1955405478657,3.34958,43.8323,96.6384,-1.24510812759399,45.5761123650708,11344587.0,69.0838016274736,8.058379271145233,1.3862943611198906,1.067880735672468,1.0986122886681098
BOL,Bolivia,2018,8509563007.6485,68725858584.73766,36878987707.3734,2.93748831748962,5365984.0,15762515.31183622,124.5461599271148,-4.610417395583766,2.8680840481479786,5.0,0.9142645537179106,1.0,0.9142645537179106,0.624547731622922,52.1161124499522,3204.53670819124,16.0782526056378,4.38026,44.2861,99.4566,-1.21190083026886,46.9261953417368,11508368.0,69.4133879813999,8.072322806079557,1.791759469228055,1.0775549024375588,1.3862943611198906
BOL,Bolivia,2019,8900456332.53374,74190021988.03452,37434651169.5829,2.96604371070862,5622105.0,16675409.176193485,118.65967133329823,-4.726350934674639,1.506721026668556,3.0,0.9212206905657375,1.0,0.9212206905657375,-0.44160551411852,54.8862654855189,3207.3869521223,16.115250287981,6.39917,47.4748,100.149,-1.18941926956177,45.8209732749024,11671386.0,69.7334986708387,8.073211851012028,1.3862943611198906,1.0872289808656173,1.791759469228055
BOL,Bolivia,2020,5318612175.28535,75799133063.91814,32673162315.3388,2.99487709999084,5437862.0,16285728.376710389,104.38401926802301,-12.030753081370783,-12.7194690092718,5.0,0.8541098654585138,1.0,0.8541098654585138,-2.66931283946252,69.3991245633785,2765.0927177231,18.606656345504,7.88672,59.9401,99.8988,-1.21863114833832,37.5164342446486,11816299.0,70.0442635528254,7.924829446024645,1.791759469228055,1.0969031956639623,1.3862943611198906
BOL,Bolivia,2021,6370628388.4377,78379804799.15993,35949969735.497,3.02450704574585,6149056.0,18597863.196685795,104.13005199789463,-0.24330091129781684,10.029048882788638,8.0,1.0653547163862895,1.0,1.0653547163862895,1.21888494970059,62.8488382346261,3011.55110807557,16.9868563354909,9.44574,65.9774,100.809,-1.17760181427002,47.6670843158984,11937360.0,70.3450412826165,8.010210543309576,2.1972245773362196,1.106748118119351,1.791759469228055
BOL,Bolivia,2022,6626840558.66727,81087655117.8692,37297165304.9227,3.05485272407532,6409114.0,19578899.361809272,103.24743891502983,-0.8476064939280326,3.7474178124146773,8.0,1.0173482219944912,1.0,1.0173482219944912,0.0122391923945909,62.9475276019569,3088.24126155241,16.3831026050567,10.9975,67.3612,101.572,-1.30140423774719,57.5249335789631,12077154.0,70.6352598708131,8.03535703683384,2.1972245773362196,1.1167313833028567,2.1972245773362196
BOL,Bolivia,2023,6824095914.39533,83857368276.37106,38235698454.9001,3.08593535423279,6580994.0,20308522.050593864,102.15007518234663,-1.0628483807586853,2.5163659015488893,16.0,0.9979269632451291,1.0,0.9979269632451291,0.458812480265399,60.2219708371781,3122.77049447823,16.8530546961722,10.9975,70.2368,101.572,-1.21933794021606,49.6083255594597,12244159.0,70.9151414044538,8.046475865782845,2.833213344056216,1.1268548056440404,2.1972245773362196
BOL,Bolivia,2024,6083666163.98126,85748166026.53377,37806175459.3053,,6822598.0,,,0.0,-1.1233559551721894,21.0,,,,0.705218407730592,59.2427794669511,3045.61476602385,16.5336899279322,10.9975,70.2368,101.572,-1.21933794021606,46.9778716148403,12413315.0,71.2361453773988,8.021458053370118,3.091042453358316,,2.833213344056216
BRA,Brazil,2016,282449055268.201,4114295524902.945,1743173031878.48,2.8806574344635,90212798.0,259872167.24245396,227.37527110121877,-4.214721698591428,-3.2759169063210747,2019.0,0.9487069090478402,0.9800385934240429,0.968030152499672,4.13737853830264,62.1940069637572,8577.84277969667,20.3792974269012,13.2177,60.8725,120.101,-0.201301991939545,24.5336820770756,203218114.0,85.9487048448108,9.056937736591848,7.61085279039525,1.058018543952268,
BRA,Brazil,2017,275225828621.726,4183806577279.5234,1766232928473.27,2.94924998283386,90503629.0,266917826.27465203,225.08807716435308,-1.0059114721615914,1.3228690539079935,2193.0,0.9960911047062674,1.026274021626521,0.9705898071234257,3.33826028420938,59.4843092970149,8628.25209645723,20.1619046967128,14.1218,67.4713,108.093,-0.305428564548492,24.3197343741684,204703445.0,86.1982897571091,9.062797225494023,7.693481640835175,1.0815508949193045,7.61085279039525
BRA,Brazil,2018,289624978886.943,4264241227302.4897,1797736638146.82,3.01947546005249,92076304.0,278022140.3803329,221.63066689165444,-1.5360255044402638,1.7836667613700286,2918.0,0.9980802858475372,1.032587929016543,0.9665813998020764,4.07858861807831,60.2183479382347,8722.33529970988,19.8950877838984,15.1538,70.4343,101.602,-0.30234295129776,28.876203376153,206107261.0,86.4420719945072,9.073642290648193,7.978996370854115,1.1050831275768038,7.693481640835175
BRA,Brazil,2019,301285475912.595,4352314641849.96,1819683008336.22,3.09137320518494,94129066.0,290988072.4614848,216.23439139764193,-2.4348054218735538,1.220777822719521,3333.0,0.9913474990276342,1.0150674753313025,0.9766321186717893,3.69267330426814,62.7905050793429,8771.43950372603,19.9835812871943,15.8622,73.9124,97.3747,-0.224319815635681,28.8902578697354,207455459.0,86.6797991084296,9.079256211432273,8.111928063310739,1.1286153951643716,7.978996370854115
BRA,Brazil,2020,296022135253.885,4430721045011.347,1760056385298.89,3.16498303413391,86874675.0,274956872.4708973,215.64458731875246,-0.2727614580998128,-3.276758796129453,3808.0,0.9501103754701186,1.0563925025912888,0.8993914412867713,2.59263784624068,68.6961548472792,8435.01046209185,20.1351530146558,17.4181,81.3427,98.6456,-0.231919765472412,32.3020785443492,208660842.0,86.9112186503004,9.040146235298428,8.245121966478605,1.1521476951185525,8.111928063310739
BRA,Brazil,2021,334230064783.313,4543415057544.092,1843880907790.44,3.22658061981201,91187695.0,294224449.4523285,214.29292345503384,-0.6268016649639607,4.76260437970657,3895.0,1.0214445846902849,0.9844690985926756,1.0375588082454459,2.77979074096507,68.8052246831437,8799.22844579944,18.5475883604547,19.8363,80.6899,104.825,-0.301417380571365,37.6563307592575,209550294.0,87.1360781715439,9.082419320008778,8.267705664762426,1.1714229448511608,8.245121966478605
BRA,Brazil,2022,337871418527.24,4654115723194.127,1899505159031.73,3.29099345207214,97918963.0,322250666.06669414,206.33432417987763,-3.7138880495165782,3.0166943540809177,3273.0,1.00358479616556,0.9916840658495124,1.0120005258991964,3.86803201499441,70.6060973784652,9032.08377657776,18.4022127200972,20.9534,80.5278,101.245,-0.257879137992859,38.8160659764321,210306415.0,87.349556243881,9.108538381315462,8.09376775793108,1.1911894803123502,8.267705664762426
BRA,Brazil,2023,327806716034.428,4749216653068.848,1961080569227.7,3.35838437080383,99281765.0,333426327.8818187,206.88443364541686,0.2666107385311589,3.241655328135984,3593.0,1.0112224872447695,1.0209153318677855,0.9905057311606019,2.86383330702497,71.0755405508788,9288.02594608687,19.0426107944103,22.4192,84.1506,101.02,-0.308802843093872,33.6662298301284,211140729.0,87.6159710235763,9.136481316880165,8.187021067343505,1.211460016310846,8.09376775793108
BRA,Brazil,2024,350296743007.11,4862052563422.516,2028136094548.34,,102111527.0,,,0.0,3.4193151659774657,3192.0,,,,3.38960802616211,75.6163785183391,9566.74408628371,18.7696027831201,22.4192,84.4635,101.02,-0.308802843093872,35.5845239385389,211998573.0,87.8958549533146,9.166048205689753,8.068716192714781,,8.187021067343505
CHL,Chile,2016,60295644485.195,672961499930.9519,246700604515.86,3.08908796310425,8400305.0,25949281.061904445,271.1391139795312,-0.9071250285540011,1.753038749071023,252.0,1.0250427816795618,1.016991018130603,1.0079172415541675,4.55707488153847,111.31220923273,13505.097711133,14.3426676192841,15.9005,83.5586,127.565,0.96039354801178,56.0578610877723,18267221.0,87.6306290578181,9.510822501382549,5.53338948872752,1.127875889770645,
CHL,Chile,2017,58290641702.5622,697604066636.9666,250050047209.619,3.10786700248718,8604646.0,26742095.371483304,266.1256639486737,-1.8490323868344372,1.3576953734394603,238.0,0.977674858427471,0.9111266226857679,1.0730395030556081,1.89647029836548,113.584914657417,13473.3458532934,14.6487131962187,16.501,82.3275,124.001,0.981475472450256,56.0261589675707,18558868.0,87.8000295757281,9.508468631529055,5.476463551931511,1.1339366395972557,5.53338948872752
CHL,Chile,2018,62075415014.4734,724799278319.5916,260027117802.785,3.12676072120667,8791511.0,27488951.274856374,268.2190484473347,0.7866150402783934,3.990029477899748,297.0,0.9998563960846676,1.0369500686821882,0.9642281015086278,2.68461345207245,118.194230900802,13763.0068844795,14.856473757383,17.2067,84.9,133.27,0.940260529518127,58.177050633437,18893191.0,87.9620493753008,9.529739611195893,5.697093486505405,1.13999755530697,5.476463551931511
CHL,Chile,2019,64859828465.1316,753419142868.7435,261676645417.276,3.14576888084412,8980466.0,28250470.478278674,261.5986152856099,-2.468293434060387,0.6343675338285504,332.0,0.9674761794875854,0.983164270899985,0.9840432653252962,4.87956164130548,124.875809607498,13630.5935435578,15.2539557255243,17.865,85.0176,130.493,0.924216628074646,57.6117545680829,19197744.0,88.1273685623538,9.520072070591876,5.808142489980444,1.1460583374886557,5.697093486505405
CHL,Chile,2020,57833106123.1192,773581291848.4255,245600606668.884,3.16489291191101,7883746.0,24951211.834706776,263.71982668168806,0.8108649175234461,-6.143474792240921,414.0,0.9950651971017062,1.1194175477193826,0.8889133452740466,4.50610139661101,124.137775199712,12679.024004022,16.0263618695537,19.4306,87.4593,129.414,0.930162131786346,58.1828635629748,19370624.0,88.2953490438375,9.447704253737134,6.028278520230698,1.1521192199245127,5.808142489980444
CHL,Chile,2021,67060872244.5355,801963099500.5398,273390120031.28,3.18922209739685,8314905.000000001,26518078.76375556,278.6290820409496,5.6534450014094295,11.31492048790479,519.0,1.0723485244930984,0.995175153811394,1.0775475255648619,4.81308998117864,109.321889639942,14051.4713630677,14.7373122384899,22.014,90.2328,136.572,0.889890670776367,64.8774063237834,19456334.0,88.4660511664452,9.5504823926288,6.253828811575473,1.1597770304434867,6.028278520230698
CHL,Chile,2022,70160762873.4074,832025707398.9202,279278925615.692,3.21398735046387,8876952.0,28530411.43867495,267.94156011683737,-3.8357524799014,2.1539935619247164,460.0,0.9831377816218116,0.9511478256902337,1.0336330011671564,6.2318507042491,112.621993376229,14283.1489501524,14.7249541091785,22.7902,93.5377,135.114,0.688454449176788,75.2016177425303,19553036.0,88.6395352768685,9.566835726300333,6.133398042996649,1.1675123315464897,6.253828811575473
CHL,Chile,2023,70123244870.3023,860547666899.2764,280734996501.051,3.23919916152954,9089552.0,29442869.217079155,260.7883849837412,-2.6696773467979273,0.5213679772467561,544.0,0.9720032934106891,1.0068964372183324,0.9653458463871025,5.47730938390937,109.494972608125,14280.3475638842,15.299339236854,22.9954,94.4574,135.871,0.625093758106232,60.7247236874408,19658835.0,88.8158617217972,9.56663957480496,6.300785794663244,1.175326126884688,6.133398042996649
CHL,Chile,2024,69107658604.9579,886627942159.2704,288158504434.814,,9319067.0,,,0.0,2.6443115487153834,578.0,,,,3.79129110936144,103.388713916332,14579.4001071307,15.0673471779886,22.9954,94.4574,135.871,0.625093758106232,63.859857248066,19764771.0,88.9950908479196,9.587364859800584,6.361302477572996,,6.300785794663244
COL,Colombia,2016,66620549038.7795,644451878205.9962,299618678572.191,2.53814482688904,20930863.0,53125561.64577321,209.8480384826633,-0.8446537008284127,2.0873825016278547,415.0,0.9737446724753279,0.9970868412233749,0.9765896331362599,4.90164572903473,47.0541978052352,6316.07067782542,14.5412847223026,12.4648,58.1365,123.71,-0.266068160533905,36.202652984202,47437512.0,77.2036266362166,8.750852565595604,6.030685260261263,0.9314334310561991,
COL,Colombia,2017,67855877161.6442,680085161457.3406,303691577641.583,2.5629780292511,21125155.0,54143308.12952402,206.17285320556698,-1.75135555408108,1.3593608678875047,495.0,0.9703538552916695,0.9913086488661141,0.9788614841619577,4.3931823276543,49.8054213986163,6309.67745292518,14.8806426275244,13.1537,62.2599,129.272,-0.366633266210556,35.2829149424588,48131078.0,77.2245191706503,8.749839837418161,6.206575926724928,0.9411698750670413,6.030685260261263
COL,Colombia,2018,68559434276.7921,714640337661.2656,311479214511.795,2.58082032203674,21271706.0,54898451.129190855,205.96070846563043,-0.10289654367106049,2.5643242827770862,581.0,0.9865453380013618,1.0323615969934945,0.955619950291098,3.38083573220188,45.8707074728715,6353.5464285392,15.4214808598175,13.6229,64.1264,131.595,-0.383742153644562,36.5347527968973,49024465.0,77.2804816598084,8.75676842867108,6.366470447731438,0.9481073026745829,6.206575926724928
COL,Colombia,2019,70092743821.6765,749001064599.8788,321405606655.842,2.59878706932068,21309813.0,55379666.47404173,207.87720927649352,0.9305176823000139,3.1868553924554455,674.0,0.9851800700761515,1.010685292641219,0.9747644269182795,4.33058240931506,46.0415781067709,6439.96359812647,15.7732334152149,13.9253,65.0069,132.811,-0.391183972358704,37.558533980839,49907985.0,77.4595528518377,8.77027816661759,6.51471269087253,0.9550448243772136,6.366470447731438
COL,Colombia,2020,53535626766.5933,765086638136.478,298309675728.093,2.61687898635864,19049197.0,49849443.33630604,205.0639981233396,-1.3533042717598365,-7.1859141376086395,778.0,0.9086163166215258,1.0115733497384474,0.898220892094931,2.7588942895314,51.9987790610817,5891.95523215403,17.15883586003,15.3363,69.7953,133.661,-0.491402626037598,34.0555709680101,50629997.0,77.6382533537045,8.681343179480681,6.658011045870748,0.9619823811179882,6.51471269087253
COL,Colombia,2021,62473975248.1539,789306281477.808,330530695024.886,2.63825917243958,20741208.0,54720682.2534772,211.53263236525515,3.1544465635673813,10.80119819048786,788.0,1.0737591222440637,1.033240059732839,1.0392155357601034,3.00175693787234,47.9124060650503,6457.16921807086,16.04633106217,16.4768,73.0284,146.628,-0.470828503370285,40.0591463936128,51188173.0,77.8339570326128,8.772946299201278,6.670766320845874,0.9701192952765902,6.658011045870748
COL,Colombia,2022,69657260568.4434,819498227972.361,354752900899.02,2.6601254940033,22032180.0,58608363.706469625,214.29419725773943,1.3055030146440272,7.328277294279828,599.0,1.0322313887973877,1.018165348004788,1.013815084966468,4.97124137726565,44.1883129591759,6856.72590505374,14.0050262426423,17.0075,72.7964,156.195,-0.427760243415833,48.2826551123359,51737944.0,78.0464633137335,8.832985333472989,6.396929655216146,0.9783732998774809,6.670766320845874
COL,Colombia,2023,60802434419.3706,839325750993.1135,357280089727.874,2.68249130249023,22788394.0,61129668.70272054,208.24246489577612,-2.8240299734689778,0.7123800319742468,714.0,0.9818031739218253,0.9929475046200857,0.9887765157307843,4.58478761240549,41.6579211967186,6828.59753791113,14.6540810646728,17.037,77.3369,166.98,-0.458272933959961,40.3881324933957,52321152.0,78.275571579544,8.828874592960394,6.5722825426940075,0.9867459532025412,6.396929655216146
COL,Colombia,2024,62721989161.2179,860081452604.6757,362990610076.174,,23036043.0,,,0.0,1.598331536652231,691.0,,,,3.26725610813097,39.5325760607283,6863.59563194342,14.8892992281624,17.037,77.3369,166.98,-0.458272933959961,37.0254687077888,52886363.0,78.5210811866115,8.833986728002298,6.539585955617669,,6.5722825426940075
CRI,Costa Rica,2016,11360656068.2955,168719376923.90222,58814921621.3159,2.63974022865295,2072882.9999999998,5471872.644390812,288.5302805729551,5.159607294931701,4.20432325175899,23.0,1.0252964840968621,1.0673496225885226,0.9606004090865055,4.45296211770326,58.6380537725523,12084.4351325634,16.7086790790549,13.131,65.8804,171.166,0.431041657924652,62.1784781768295,4866998.0,75.5423088085047,9.399673550842316,3.1780538303479458,0.9706805140792817,
CRI,Costa Rica,2017,11369574479.9032,171652982557.6103,61260269007.514,2.65795803070068,2118331.0,5630434.893132202,293.2234262584984,1.6265695497275967,4.157698962760925,23.0,1.02321878279015,1.0228675710830057,1.000343359900219,4.83327522078441,59.6859060134447,12468.5654531709,16.3581746478518,15.1438,71.5817,179.931,0.42886871099472,65.0719537438815,4913177.0,76.0539254265608,9.430965992214544,3.1780538303479458,0.977558170362285,3.1780538303479458
CRI,Costa Rica,2018,11552889634.9592,174623223064.68896,62862779082.5908,2.67630171775818,2201777.0,5892619.567220452,290.3737909088749,-0.9718307251178948,2.6159044043378987,48.0,1.0072750694897838,1.0539743075484564,0.9556922424728788,4.829438721344,60.3044594653273,12679.5253643016,16.1957338928329,16.8377,73.4797,171.357,0.467835366725922,66.945342016636,4957818.0,76.5544308439668,9.447743795453215,3.8918202981106265,0.9844358854461726,3.1780538303479458
CRI,Costa Rica,2019,10609590131.5992,176501652043.0537,64382494195.8,2.6947717666626,2260413.0,6091297.133397107,289.9641895504193,-0.14106003064999761,2.4175118176251287,59.0,1.037336556354461,1.0428421335322182,0.9947206034348562,4.22094016659811,56.1781065050747,12877.650101079,16.7512009792355,18.0963,81.2026,146.212,0.529464185237885,65.7605300176622,4999553.0,77.0435864735963,9.463248537444727,4.0943445622221,0.991313513079987,3.8918202981106265
CRI,Costa Rica,2020,10252022654.1773,177928592095.07834,61631202097.7205,2.71336936950684,2024586.0,5493449.638332375,296.0160662187744,2.087111749122661,-4.273354321614631,57.0,0.9916061657131748,1.053858675624819,0.9409289771470207,3.37043523313038,60.1355330868079,12242.2098908533,17.7047320692606,19.7191,80.5302,149.223,0.498832434415817,60.1398862509533,5034320.0,77.5211537281257,9.412645086408077,4.060443010546419,0.9981911724031726,4.0943445622221
CRI,Costa Rica,2021,11055185810.0793,180087348300.4037,66522107766.4296,2.70895266532898,2122234.0,5749031.450751782,308.89461365956936,4.350624479712151,7.935762247431488,55.0,1.0646123462594417,0.9873973099817551,1.0782005738694116,5.53072986406838,56.5895695811113,13146.6927918465,16.5307979779817,20.9243,82.749,154.831,0.423667222261429,70.7816423027085,5059988.0,77.9868940200009,9.483925507255908,4.02535169073515,0.9965620898343841,4.060443010546419
CRI,Costa Rica,2022,11216193280.4422,182299174165.82568,69549856033.0247,2.70455527305603,2235855.0,6046993.43003869,311.1866210967447,0.7420030443461734,4.5514917795840715,57.0,1.0312326196685697,0.9973789345649992,1.0339426510129128,5.4175310653788,52.6621990605343,13686.1614090822,15.3958787283636,21.7576,82.598,154.989,0.435932785272598,82.2275325353143,5081765.0,78.4405687613972,9.524140485179723,4.060443010546419,0.9949374895603366,4.02535169073515
CRI,Costa Rica,2023,12180565513.4389,185364780970.9733,73105190307.8725,2.70017671585083,2163953.0,5843055.504795551,332.52375531373497,6.856700375417724,5.111921832245914,48.0,1.036193823287092,1.0747476395863376,0.9641275636445364,5.4191807109794,51.1196932765605,14318.8389652137,14.873493459823,22.5231,85.3951,145.789,0.389316648244858,72.4719990801769,5105525.0,78.8819393641702,9.569331359379445,3.8918202981106265,0.9933172211836272,4.060443010546419
CRI,Costa Rica,2024,12703425014.0414,188799966936.46603,76264229553.4307,,2258250.0,,,0.0,4.32122429646149,69.0,,,,5.55680052586902,51.9611237199592,14866.5823676109,14.6784974511479,22.5231,85.3951,145.789,0.389316648244858,71.3310137687617,5129910.0,79.3107672397967,9.606871178983896,4.248495242049359,,3.8918202981106265
DOM,Dominican Republic,2016,17923228254.1553,241553843287.0811,75735566406.0476,2.66348338127136,4262420.0,11352884.83399867,203.90409303694506,2.498402184819115,6.719740786812922,2.0,1.039481415884332,1.074115606920893,0.9677556207046978,3.33024928523507,26.9063969746819,7177.75376475488,10.3233829732791,7.21471,63.8709,82.5303,-0.394124180078506,51.7306571245477,10551430.0,74.0506780735522,8.87874176696129,1.0986122886681098,0.9796348079228853,
DOM,Dominican Republic,2017,17424681240.4748,246900832363.2018,78714898894.6559,2.69760131835938,4382658.0,11822663.998718282,204.83731403880262,0.4576764438409153,3.933861764015778,1.0,1.0163950866794629,1.0466970514428258,0.9710499186736095,4.55025610026855,27.5827678514226,7379.39978067137,10.667738860033,7.69279,67.5712,82.2092,-0.428010761737823,50.7595355508472,10666843.0,73.926806252977,8.906447583754677,0.6931471805599453,0.9923629775409456,1.0986122886681098
DOM,Dominican Republic,2018,19610141780.1026,254165932525.14432,84301701754.6018,2.73215627670288,4539256.0,12401956.771961208,210.5118919217899,2.770285243006221,7.097516402101611,5.0,1.0399823457832769,1.073611063236485,0.9686770017516103,3.22902365102652,27.3911536580126,7818.70593240469,10.1454233339167,7.98202,74.822,82.8937,-0.365240544080734,52.3351709577013,10782053.0,73.7589255716938,8.964274338056054,1.791759469228055,1.0050911423796112,0.6931471805599453
DOM,Dominican Republic,2019,20687566066.4377,262145201965.32477,88427452425.8944,2.76715397834778,4663268.0,12903980.598301895,212.87616500080674,1.123106660356843,4.894030114958348,5.0,1.016911606292116,1.0375998093927346,0.9800614813983759,3.17366550445317,28.0978072005075,8117.04639185786,10.4392552012067,8.5357,79.7155,82.1376,-0.320300966501236,50.912982200697,10894043.0,73.5403464672933,9.00172162213943,1.791759469228055,1.0178193473763957,1.791759469228055
DOM,Dominican Republic,2020,18969849200.0413,268007791067.09982,81415993438.0734,2.80260014533997,4390655.0,12305250.341137664,200.58540743708886,-5.773665437683595,-7.929052342310627,5.0,0.9005662615983104,0.9969881849062101,0.9032867943997046,3.13265976088131,30.6276284346111,7395.8734262396,12.0062907437446,9.37345,81.6173,81.6619,-0.171013608574867,44.7331613466756,11008300.0,73.2643793773663,8.908677478547647,1.791759469228055,1.0305476096129562,1.791759469228055
DOM,Dominican Republic,2021,23586046073.3354,278193447587.0802,92824351636.8768,2.84226489067078,4556645.0,12951192.102750557,218.34295125778257,8.852859262089208,14.012428906220764,3.0,1.0983766129843147,1.066709380901061,1.029686841280522,3.53154938314388,27.7700298032382,8344.90510312395,10.4769394644063,10.3195,85.243,87.5208,-0.11635073274374,51.9500227303115,11123476.0,72.9243347395035,9.029406464326538,1.3862943611198906,1.0446012310566413,1.791759469228055
DOM,Dominican Republic,2022,24798030966.5934,289081806174.3196,97686450823.9666,2.88338804244995,4687379.0,13515532.559031004,220.51366587075898,0.9941766383901207,5.237956529025944,4.0,1.0128598252116585,1.0090467951783115,1.0037788436092037,3.56897098132173,27.965465423142,8698.13592094395,10.9578295683435,10.6744,81.5127,90.376,-0.0933533534407616,54.3781976712844,11230734.0,72.4203155643711,9.070864019724837,1.6094379124341003,1.0589660063557675,1.3862943611198906
DOM,Dominican Republic,2023,25305355574.0775,299933071439.6811,99828029402.8707,2.92603707313538,4835318.0,14148319.728398819,215.94134964925857,-2.0734842910734685,2.1922984823793845,6.0,0.9835923949501525,1.0052305647074058,0.9784744211756519,3.94375586800192,30.8419895792968,8809.96335385949,11.2787393309517,11.1346,84.6161,91.8676,-0.128592282533646,49.8436131764417,11331265.0,72.3577991823338,9.083638559314252,1.9459101490553132,1.0736489727621565,1.6094379124341003
DOM,Dominican Republic,2024,26032730933.3293,310969148801.0263,104773032846.36,,5006036.0,,,0.0,4.953522044928893,17.0,,,,3.6013993607877,31.920114353993,9168.45418897141,11.5071407726274,11.1346,91.0022,91.8676,-0.128592282533646,51.7835143952326,11427557.0,72.4121874752151,9.123523978409294,2.8903717578961645,,1.9459101490553132
ECU,Ecuador,2016,18509104793.3834,193381794585.2367,96540800718.3398,2.74318289756775,7482136.0,20524867.512475975,191.1979386920846,-5.361264591317827,-0.6879542458779642,154.0,0.9453328001114617,0.9782698231375752,0.9663313512825372,0.78469808886928,31.5046558000332,5849.13587933672,15.6897053000134,9.75203,54.0629,84.1088,-0.649083614349365,40.5344917996647,16505139.0,62.9913367571804,8.674049216381379,5.043425116919247,1.0091188876646915,
ECU,Ecuador,2017,20753552274.7095,204466257130.68436,102304671535.156,2.74959659576416,7766294.0,21354175.544103622,193.648467009441,1.2816708873116367,5.97039880954835,306.0,1.002255637789945,1.0344186576619734,0.9689071541451849,0.605279629548276,34.2208461040213,6104.27253521751,15.2975347755569,10.6125,55.8,87.4214,-0.718140542507172,43.6177233172817,16759519.0,63.0194591842425,8.716744220594295,5.726847747587197,1.011454208468694,5.043425116919247
ECU,Ecuador,2018,20491181550.1201,214734125824.2702,103373033702.498,2.75602555274963,7778909.0,21438871.97651407,191.84948278315898,-0.9289948193570319,1.0442946067960035,337.0,0.9621269392257292,0.9961641546988869,0.9658317202916761,1.29342873266166,38.3374947486699,6063.0956178776,15.5567599876593,11.4584,57.5,92.5118,-0.663264274597168,48.0093476154836,17049547.0,63.0433276812321,8.709975776667743,5.823045895483019,1.013789624788267,5.726847747587197
ECU,Ecuador,2019,20020086191.1142,224017505724.17087,103544017315.435,2.76246953010559,7853175.0,21694156.652086966,187.8899383909139,-2.063880670827989,0.16540446460058256,370.0,0.9601450786629172,0.9878357818638944,0.9719683132466318,0.915058228783613,42.6915820194147,5971.38938386723,15.184077301137,12.0672,59.2,91.4249,-0.542950987815857,48.0828494933307,17340021.0,63.0627139714638,8.694734906925728,5.916202062607435,1.0161250369570114,5.823045895483019
ECU,Ecuador,2020,15659988480.6966,228476618918.6589,93971273313.9152,2.76892852783203,7063092.0,19557196.933502186,181.15536426137297,-3.5843186640092117,-9.245096191658785,373.0,0.8898366616069228,0.9989879582633688,0.8907381257666072,1.16754746598289,49.0557050652741,5355.68934196443,16.3225877996763,13.5147,70.7,88.2555,-0.540949642658234,43.9893109378389,17546065.0,63.0773897782521,8.585914703255183,5.924255797414532,1.0184604323107498,5.916202062607435
ECU,Ecuador,2021,17811083113.7868,234863871086.51276,102825145845.295,2.8261821269989,7948655.0,22464346.69468044,179.4083671423803,-0.9643640010969068,9.421892690336374,379.0,1.0630204246871333,1.0277689180227865,1.0342990589092376,0.607511454080008,49.7533981232754,5815.09477390949,14.4433893877456,14.0284,69.1148,94.9506,-0.354992210865021,53.261275610573,17682454.0,63.0871268249117,8.66821236299871,5.940171252720432,1.0389267291067765,5.924255797414532
ECU,Ecuador,2022,19447137620.1141,242567815152.3012,108859360917.986,2.79839634895325,8150680.0,22808833.153486278,185.9547062355778,3.648848265812621,5.868423548622759,294.0,1.0254119624601004,1.009033056697912,1.0162322786686382,0.759467924339618,52.3799487703168,6107.49495006543,13.5357543693328,15.1129,69.7181,98.1309,-0.620780825614929,61.880792818786,17823897.0,63.0901835932266,8.717271976290036,5.68697535633982,1.0290465205905441,5.940171252720432
ECU,Ecuador,2023,19490827589.5174,249930251984.20352,111023744250.546,2.82538056373596,8109647.0,22912839.012559637,187.12335385591257,0.6284582111378612,1.9882381398423243,409.0,0.9898900034235547,0.986963256960884,1.0029654056947195,0.39702767894988,54.4947251674632,6174.81822806637,13.5836201122079,16.0679,72.6943,101.032,-0.957790791988373,56.9977535649091,17980083.0,63.1307729554263,8.728234724312523,6.016157159698354,1.0386430683523347,5.68697535633982
ECU,Ecuador,2024,18750643458.9189,256184382843.91223,108801876280.216,,8241675.999999999,,,0.0,-2.001254763409832,453.0,,,,0.355365031150455,56.1805159157774,5999.39391066593,13.2902251212758,16.0679,77.1727,101.032,-0.957790791988373,57.2031395531255,18135478.0,63.2376932397602,8.699413728218833,6.118097198041348,,6.016157159698354
GTM,Guatemala,2016,8871615655.22218,159489079027.76712,63851286764.0999,1.8880295753479,6474584.0,12224206.080074307,189.46124656452645,-0.7005361810351607,2.6778027762330847,2.0,1.0191306123185713,1.0525926700244226,0.9682098701057125,1.28045862124744,35.7028467505685,3924.77894837098,10.4403519389388,3.11026,34.5093,112.267,-1.03206479549408,46.3727344722496,16268760.0,53.6609232857043,8.275065309744166,1.0986122886681098,0.6355337325094609,
GTM,Guatemala,2017,9233978902.75537,160748603979.13412,65817811430.0879,1.90988659858704,6687966.0,12773256.635205772,189.27613054940284,-0.09770653285582354,3.0798512694871327,10.0,1.0115685600186857,1.0326768940706512,0.9795595949002405,1.39328931381397,35.1676232731098,3972.74057836068,10.5728190519411,3.2051,37.9,120.638,-1.07728862762451,46.0694033463258,16567357.0,53.7994723140017,8.28721145752381,2.3978952727983707,0.6470438678284054,1.0986122886681098
GTM,Guatemala,2018,9646774403.86502,162357948184.04242,68060140995.097,1.93199682235718,6915542.0,13360805.168877617,189.42438691563547,0.07832808384358181,3.4068734834656667,6.0,1.0134026048051699,1.0600384015313844,0.9560055591770618,1.25790065429015,35.0489070448464,4040.2121371198,11.1202600459909,3.3126949999999997,41.5,121.5,-1.0757360458374,47.0116852699223,16845685.0,53.845962303542,8.304052478764707,1.9459101490553132,0.6585540910463132,2.3978952727983707
GTM,Guatemala,2019,10493962166.1269,164734012940.9672,70794727937.1204,1.9543628692627,7104989.0,13885726.688119922,191.18647742192283,0.9302342401520614,4.017897850403229,15.0,1.0159629321352608,1.0547420047060427,0.9632335941891403,1.51707073546928,34.0772266375075,4139.12203836307,11.1070027458915,3.42029,44.401,122.044,-1.10042715072632,45.5167341512863,17103803.0,54.1882267267974,8.328238976301511,2.772588722239781,0.6700642422456654,1.9459101490553132
GTM,Guatemala,2020,10022110504.6107,166519422798.5295,69530651433.0831,1.97698783874512,7173905.5,14182723.92980673,184.5099590031026,-3.49214992025092,-1.785551750633263,12.0,0.9716139965531999,1.0907964624473523,0.8907381257666072,1.29230382378627,35.850727668634,4005.83911593999,11.4719698943082,3.52589,47.5123,117.476,-1.10039258003235,41.1407594507716,17357325.0,54.5483167911628,8.295508354645456,2.5649493574615367,0.6815743928013861,2.772588722239781
GTM,Guatemala,2021,12011024174.6215,170204475833.22452,75122100458.9218,1.98757970333099,7242822.0,14395686.002039168,195.9191299026338,6.183498690896871,8.041703781849296,10.0,1.0566241023754264,1.0226987435245365,1.0331723873385945,4.19448571319716,35.6614893229197,4268.62858565412,11.2203667881749,3.47754,50.8416,125.719,-1.11025655269623,49.2611494576228,17598650.0,54.9047071553758,8.359047880315273,2.3978952727983707,0.6869176690471747,2.5649493574615367
GTM,Guatemala,2022,12527263760.5357,174221515802.099,78265598404.1417,1.99822843074799,6952417.0,13892517.31181565,207.1942357847785,5.754979561081197,4.184518172436902,4.0,1.0168541079537319,1.0,1.0168541079537319,1.51615526851124,36.5948407687129,4385.14891178047,11.4856903862176,5.02439,55.4086,115.156,-1.12746357917786,54.4310384820058,17847877.0,55.2581228215265,8.385978863586683,1.6094379124341003,0.692261003394918,2.3978952727983707
GTM,Guatemala,2023,13519321716.9963,179029761728.99036,81030845277.9723,2.0405638217926,7793895.0,15903940.167850235,194.60252048590942,-6.077251739738854,3.5331575177533825,31.0,1.0012557391844408,1.0,1.0012557391844408,1.58123029170621,37.1320996600478,4470.70728455461,11.2417426602033,5.08083,56.0535,113.709,-1.07527709007263,48.2970707467356,18124838.0,55.6082319565539,8.405301904297541,3.4657359027997265,0.7132261529009822,1.6094379124341003
GTM,Guatemala,2024,14168887453.5524,184247161096.09323,83989981406.9695,,7582613.0,,,0.0,3.651863828948132,20.0,,,,1.63251851384265,36.7834860946181,4563.09590652717,10.8985066359124,5.08083,56.0535,113.709,-1.07527709007263,47.344196760267,18406359.0,55.9547027274763,8.425756599011839,3.044522437723423,,3.4657359027997265
HND,Honduras,2016,4602812412.72011,91742894969.33047,21796529142.7732,2.30675411224365,3513879.0,8105654.833176605,102.51200302754475,1.9380319103550425,3.892972197264255,1.0,1.0387429574502138,1.0749345512505315,0.9663313512825371,5.28156973350556,57.8354023642267,2315.72983058198,14.1139360855006,2.34145,29.5282,83.2181,-1.1369264125824,99.8157169505924,9412380.0,54.8868414578857,7.747480178426329,0.6931471805599453,0.8358413901751235,
HND,Honduras,2017,5117004378.96624,92272754599.8302,22852116284.6356,2.34952306747437,3667285.0,8616370.702502746,103.08366747885098,0.5576561128677104,4.84291391050391,2.0,1.0424087241010593,1.0758602820109433,0.9689071541451851,4.10592046689605,57.7901974979755,2383.37398439714,13.4984164607115,2.48527,31.7358,85.8717,-1.06041383743286,101.813111079622,9588137.0,55.3877322339915,7.776272403264893,1.0986122886681098,0.8542123575480209,0.6931471805599453
HND,Honduras,2018,5489458950.85325,93148575820.69194,23730778960.5382,2.39308500289917,3918774.0,9377959.289151192,100.97872769475656,-2.041972152888605,3.84499476966762,6.0,1.028686014185269,1.065077893563706,0.9658317202916763,5.99386120691106,62.8149597149301,2430.13503657762,13.4622514861767,3.63393,36.0401,77.7101,-1.05719459056854,103.551162215452,9765210.0,55.8852577716247,7.7957021053986795,1.9459101490553132,0.8725833297743313,1.0986122886681098
HND,Honduras,2019,5325686106.80901,93816833136.46634,24338200129.3672,2.43745470046997,3833404.0,9343748.598600384,103.55031983744483,2.5466672054551998,2.5596343459229676,16.0,1.0182910205589013,1.0476586599387578,0.971968313246632,3.83846408231678,64.4630328325205,2447.61649282181,13.879034545863,3.9259,39.3884,76.0268,-1.0414981842041,99.4599779937589,9943633.0,56.3791561389766,7.802869969930534,2.833213344056216,0.8909543392945962,1.9459101490553132
HND,Honduras,2020,3903508506.00196,93029499985.64497,22156260473.8169,2.48264694213867,3658875.0,9083694.830417627,96.29607232768639,-7.005528829989416,-8.965082232673016,71.0,0.9180537024370893,1.0306662259987731,0.8907381257666069,1.0106822391556,71.2304636812084,2189.43168668222,15.6611069089394,3.92223,45.2483,68.7836,-1.01033341884613,88.0008563836292,10119640.0,56.8691654042685,7.691397285335537,4.276666119016055,0.9093253063792859,2.833213344056216
HND,Honduras,2021,5521562016.27558,93899587002.63829,24940257609.6892,2.51610469818115,3719525.0,9358714.327502243,105.96882584582526,10.044805862095195,12.565284377128005,22.0,1.114918900306863,1.0756170628533488,1.0365388750428113,2.84361329738544,67.7270471861986,2423.76634916911,15.6740308613565,4.09584,51.9516,73.4772,-1.08797383308411,103.372643459918,10289877.0,57.3550236357547,7.793077951936529,3.1354942159291497,0.922711950921982,4.276666119016055
HND,Honduras,2022,5667217873.03185,94871825525.53822,25973672631.7766,2.55060124397278,3635076.0,9271629.367535597,110.63279432664766,4.401264658351534,4.1435619401377854,35.0,1.0311864559694772,1.0151633542810918,1.015783766839902,2.41292398026651,70.0841626239484,2482.22384904714,14.2760938647873,4.4098,56.3896,75.8551,-1.0175416469574,112.698524913966,10463872.0,57.8364689017254,7.81691015067728,3.58351893845611,0.9363291133282491,3.1354942159291497
HND,Honduras,2023,6303672947.62723,96431907196.88853,26902451582.3921,2.57758903503418,3690514.0,9512628.420040132,112.05190579704048,1.282722251598245,3.575847604544058,38.0,1.0189814068020462,1.017407765847455,1.0015467160831828,3.16136364280263,75.6308247756834,2527.27366333188,14.9293299388294,4.36213,58.2789,74.4148,-1.09500813484192,98.7919798336365,10644851.0,58.3132392705102,7.834896397263408,3.6635616461296463,0.9468544794876158,3.58351893845611
HND,Honduras,2024,6691777763.90763,98302089600.95172,27858556649.7637,,3790889.0,,,0.0,3.5539700329667134,33.0,,,,3.52903749551745,78.22344042274,2573.37159995648,15.5273902270023,4.36213,58.2789,74.4148,-1.09500813484192,91.1101585856976,10825703.0,58.7850728104829,7.852972224689558,3.5263605246161616,,3.6635616461296463
MEX,Mexico,2016,282626231215.759,4358333471508.38,1234800030119.7,2.71644639968872,50863634.0,138168335.45438474,237.99560107607178,-0.607062255791635,1.7724932384541647,949.0,1.0012121677713877,1.0421794372015365,0.9606907716965187,3.49768027047347,32.9508423866166,10100.5021214015,11.5736804911904,13.0256,59.5404,91.3942,-0.579800665378571,75.6903034088551,122251351.0,77.4405087351486,9.220340416583849,6.856461984594587,0.9993245554283284,
MEX,Mexico,2017,281086482970.96,4421503280903.921,1257912134612.3,2.73650026321411,51680279.0,141423097.08647865,237.60884326774752,-0.16250628439163917,1.8717285332718658,909.0,1.0037434183991707,1.003281337249858,1.000460569864261,2.78307493352174,34.3431256723362,10193.7727193457,11.2156675514112,13.7767,53.0318,92.6494,-0.584648728370667,76.9521260407254,123400057.0,77.7206924598541,9.22953229511933,6.813444599510896,1.0066798277882407,6.856461984594587
MEX,Mexico,2018,282861872979.039,4483289989837.764,1282719194577.95,2.75670194625855,53161791.0,146551212.71629027,235.60233044655553,-0.8444604980173076,1.9720820940562378,1147.0,1.0046037693097385,1.0513888610557973,0.955501628865387,3.01417850463095,33.6152178137641,10296.8690928534,11.256296772473,14.7374,56.6596,96.4612,-0.641221523284912,80.2126616568975,124573711.0,78.0271223924494,9.239595156441375,7.045776576879511,1.0140350182028466,6.813444599510896
MEX,Mexico,2019,270329674204.339,4529455164550.215,1277682078094.17,2.7770528793335,54614549.0,151667490.55395052,228.67916066532817,-2.938498005561041,-0.3926905050670393,1318.0,0.9814724006866649,0.9677657236286084,1.0141632181460858,2.29651449578107,35.5851864870933,10159.4448364319,11.1079031013032,15.3885,69.6321,97.0359,-0.657918453216553,77.4619722571128,125762982.0,78.355984332992,9.226159077556066,7.1846291527173145,1.0213902500351577,7.045776576879511
MEX,Mexico,2020,223928227796.761,4526910634119.465,1170944075446.26,2.79755401611328,51420181.0,143850733.86582178,216.9514854103387,-5.128440746794983,-8.354034581679636,1344.0,0.9741504333288521,1.0634094532652842,0.9160633567227043,2.81338849125769,36.9325897608776,9234.64362317923,12.1968302781894,17.7521,71.4902,96.9237,-0.642182171344757,76.8545557056016,126799054.0,78.677960602824,9.130717302086811,7.20414929203594,1.0287454697264797,7.1846291527173145
MEX,Mexico,2021,247412238552.482,4547977340965.974,1241768434200.36,2.81556797027588,54172811.0,152527231.51140887,221.12019651794148,1.9214946142074751,6.048483462125054,1448.0,1.0008005888211424,0.9768267405499983,1.0245425798413808,2.70547578986932,35.0570605505008,9728.05680032556,11.4047335559142,19.2797,75.6265,99.0948,-0.807996511459351,83.0692976357895,127648148.0,78.9324007418057,9.182769443038158,7.278628942320682,1.0351640068794488,7.20414929203594
MEX,Mexico,2022,265916924961.647,4586495398879.322,1287835026749.81,2.83388257026672,58314144.0,165255436.28162363,217.0404371038968,-1.8450415105856877,3.70975709163639,1232.0,0.9984117773586602,0.9810295527926371,1.0177183495813578,2.6714140927358,34.248769611067,10013.2479236143,11.1310457406985,20.2861,78.6322,105.713,-0.869425058364868,88.7984855867186,128613117.0,79.199683215791,9.21166428757448,7.117205503164344,1.041647704371432,7.278628942320682
MEX,Mexico,2023,310210602418.206,4667381231353.562,1331023107619.63,2.85250401496887,59810052.0,170608413.4654969,218.3783900820216,0.616453319011856,3.353541406527527,1360.0,1.0144604686633085,1.0389263089455927,0.9764508415355131,1.70739186154278,33.1534200996483,10259.1766616403,11.1313196484459,20.0882,81.1832,111.562,-0.806393921375275,73.5788616365245,129739759.0,79.4734935748046,9.235927868101285,7.215975002651466,1.048197210279438,7.117205503164344
MEX,Mexico,2024,320646569495.968,4754658739281.851,1350022500028.81,,60336446.0,,,0.0,1.4274276908053274,1448.0,,,,2.44924957519445,34.58590401101,10316.4611902215,11.2115184707798,20.0882,81.1832,111.562,-0.806393921375275,74.5889079825143,130861007.0,79.7538805976118,9.241496072304914,7.278628942320682,,7.215975002651466
NIC,Nicaragua,2016,3785877947.74066,34204855756.447826,13338803114.2245,2.21922636032105,2668628.0,5922289.6034908425,108.65954410034962,1.5176205161492318,4.563147395250322,2.0,0.9840797124027867,1.0151756376793564,0.969368920881855,7.44462628012218,38.5800324214677,2140.14405941606,14.4608322130013,2.84026,24.5718,124.273,-0.656879246234894,93.8137278130087,6232666.0,58.0043880782023,7.668628423234317,1.0986122886681098,0.7971586488068426,
NIC,Nicaragua,2017,3863646644.883,36358259613.50844,13956550774.5717,2.24137854576111,2668628.0,5981405.54581738,110.57193449418544,1.759983818880828,4.631207575801399,1.0,0.9944779124570656,1.0250088439210039,0.9702139824012179,7.51057620596971,42.7141595154233,2209.63273423213,14.4104462520195,3.32673,30.4,129.506,-0.660670220851898,96.3805864351182,6316231.0,58.1892567408822,7.700581597096402,0.6931471805599453,0.8070910987871387,1.0986122886681098
NIC,Nicaragua,2018,3013885959.53833,37554232592.371346,13487142194.6088,2.26375198364258,2871355.0,6500035.57699204,100.09078543474457,-9.479032005171284,-3.3633566598571196,0.0,0.9269199018891423,0.9740867789845769,0.9515783623050474,6.43060058137235,39.8570584770868,2107.3396261623,14.8026116933585,3.00642,33.913,116.272,-1.07846295833588,93.9847404925404,6400080.0,58.3683858659405,7.653181590260366,0.0,0.81702360647908,0.6931471805599453
NIC,Nicaragua,2019,2186093662.68163,37862614625.43441,13096437236.4148,2.28634881973267,2916688.0,6668566.166328442,95.3143638291777,-4.772089243600675,-2.8968698672886872,2.0,0.9601823717935438,1.0110555171817268,0.9496831335929112,3.96093444094211,32.2173134465347,2019.91518620044,15.2130925728858,3.35641,37.8319,89.2773,-1.20158541202545,94.0422159246213,6483657.0,58.5405671448072,7.610810802484285,1.0986122886681098,0.8269561432913645,0.0
NIC,Nicaragua,2020,2393188297.76413,38362672191.92682,12803529948.2066,2.30917096138001,2940072.0,6789128.88676645,91.68166443354566,-3.8112822136048163,-2.2365417626235673,3.0,0.9645079898268566,1.1027130007748889,0.8746681948513221,5.86574902695673,29.7928204469316,1950.19181218473,15.0817033768448,4.42253,42.2037,90.8141,-1.19874393939972,88.6381231228968,6565267.0,58.7045922689128,7.575683011943189,1.3862943611198906,0.8368885689393659,1.0986122886681098
NIC,Nicaragua,2021,3222077976.63052,39666616558.961,14142060836.745,2.34018325805664,3032996.0,7097766.460952758,97.23772450848206,6.060164929666656,10.454389484408466,3.0,1.0673199893662144,1.0120379340492847,1.054624489317055,7.36996621393819,28.0130754323242,2128.30881395452,15.4655261086513,4.5138,47.0806,93.8165,-1.36633682250977,106.20739081994,6644741.0,58.8592529296875,7.6630829592722725,1.3862943611198906,0.8502292417119391,1.3862943611198906
NIC,Nicaragua,2022,3095023796.38029,40778309527.393234,14644146345.7189,2.37221097946167,3108200.0,7373306.166362762,97.28219474298538,0.0457335203267073,3.5502994561396717,2.0,1.0060969454683124,1.001216841653445,1.0048741727184773,8.23239650343154,29.6997624213015,2175.73899144405,13.933777682316,5.00782,49.1307,104.278,-1.3109118938446,115.454678712865,6730654.0,58.9954376220703,7.685123651996499,1.0986122886681098,0.8638224229901825,1.3862943611198906
NIC,Nicaragua,2023,3498411246.19779,42237805297.22136,15292551634.5755,2.40529561042786,3183098.0,7656291.6469617,97.92024258316381,0.655873196389245,4.42774384760336,1.0,1.0081083727343878,1.0087622306742705,0.9993518215492212,6.25581189724963,30.0090035145774,2241.12235476653,12.8951938413098,5.43031,58.2314,105.843,-1.27818691730499,105.003097611103,6823613.0,59.1250953674316,7.714732070599887,0.6931471805599453,0.8776728109431214,1.0986122886681098
NIC,Nicaragua,2024,4102748252.93324,44228663285.29353,15841222424.9421,,3253536.0,,,0.0,3.5878302292345454,1.0,,,,6.86656428120852,29.7326694461408,2290.47162505995,12.262104314813,5.43031,58.2314,105.843,-1.27818691730499,98.5258377100159,6916140.0,59.2628402709961,7.736513025151374,0.6931471805599453,,0.6931471805599453
PAN,Panama,2016,22335291410.6831,149704653752.11322,58317491742.8782,2.84179306030273,1770784.0,5032201.68249511,315.00957593767896,-1.1164023117232191,4.571966963079777,8.0,0.9408558702300369,0.9795553833753504,0.9604927768229268,8.78226076869208,84.1908718346007,14474.124340577,10.5122480412502,10.6707,54.0,127.616,0.0336839631199837,84.3959718486228,4029086.0,65.5971555296656,9.580117806005244,2.1972245773362196,1.0444352122112306,
PAN,Panama,2017,24107037496.6688,166326458561.17633,61667283149.9355,2.8571937084198,1785750.0,5102233.6648106575,318.1809121755167,1.0067428040553272,5.744059469886897,13.0,0.9558987011876199,0.9555018801713607,1.0004153011359727,6.34573158684694,84.4380104002795,15045.545619615,10.901052607274,10.7635,59.9506,128.826,0.0075527080334723,84.0475372059131,4098707.0,65.6577712475758,9.618837254250025,2.6390573296152584,1.0498399222872261,2.1972245773362196
PAN,Panama,2018,24379391409.0966,182389527042.21408,64083529457.2571,2.87267804145813,1867483.0,5364677.406896353,309.8796888721916,-2.608963324219127,3.9181980847880604,19.0,0.9494704117578164,0.9941758464120098,0.9550326687018843,6.3940456399755,83.9514799603358,15375.6434854475,10.9797047197199,12.9616,61.8055,137.298,-0.159112378954887,86.1309615270001,4167860.0,65.7099285144924,9.640539944510952,2.995732273553991,1.0552447101805411,2.6390573296152584
PAN,Panama,2019,24041884899.6551,197311935589.75845,66072084910.0035,2.8882462978363,1919877.0,5545077.637551063,304.21062338254495,-1.8294408098443737,3.1030679327248123,19.0,0.9604496148803029,0.9818722320083225,0.978181868852527,6.7135041995988,83.3265567540138,15602.5420714581,11.1248445479389,12.6486,63.6284,137.57,-0.191898912191391,80.4286505707227,4234700.0,65.752985396379,9.655189133260778,2.995732273553991,1.0606495005784902,2.995732273553991
PAN,Panama,2020,12556486257.6966,200002825067.9671,54297226728.12,2.90389895439148,1631691.0,4738265.7887899885,275.5893184031081,-9.408384447983442,-17.821229945932515,19.0,0.9036999811822434,0.959480249826889,0.9418640783333377,-2.85980025111741,100.153891512579,12647.0826553801,14.7376302795166,13.8347,70.0097,142.283,-0.284955024719238,68.7004234799646,4293261.0,65.7862999591993,9.4451818474307,2.995732273553991,1.0660543010374401,2.995732273553991
PAN,Panama,2021,16469302509.9766,206471986324.54532,63238418849.185,2.92414712905884,1743272.0,5097583.813968662,302.6862977059865,9.83237647231423,16.467124860420235,21.0,1.0825760073481234,1.1009028531625094,0.9833528946157789,2.71982266254139,100.153891512579,14552.9401400295,13.7437085434751,14.8381,77.031,147.9,-0.269385784864426,80.1334636057057,4345405.0,65.8092302689169,9.585548323665638,3.091042453358316,1.0730028583572186,2.995732273553991
PAN,Panama,2022,19855676783.9705,216004063792.28854,70219021768.6549,2.94474864006043,1966558.0,5791018.996099959,304.51056081204155,0.6026910104226291,11.038547526176611,39.0,0.9774243582644561,0.9736768023130814,1.0038488705312398,3.2250848191713,100.153891512579,15956.0653932059,12.7631580189509,16.3861,77.7041,152.062,-0.359851568937302,93.4752688168442,4400773.0,65.8211343914956,9.67759431136272,3.6888794541139363,1.0800234620383058,3.091042453358316
PAN,Panama,2023,23459524396.7392,228663384999.4133,75251148212.8876,2.96571135520935,1937367.0,5745671.311107873,321.53096607085166,5.589430203478529,7.166329460999399,26.0,1.0801213923448232,1.1383627581492186,0.948837604368676,2.84826789984183,100.153891512579,16877.1508423953,12.2638661007732,18.1341,68.5485,156.587,-0.3459812104702,88.3489105288611,4458759.0,65.8601271176084,9.733715964945864,3.295836866004329,1.087116921114018,3.6888794541139363
PAN,Panama,2024,24017510989.9946,241247726739.43723,77318963569.7031,,1923546.0,,,0.0,2.747885455469179,28.0,,,,3.74510335231647,,17122.720655567,12.4030425653969,18.1341,68.5485,156.587,-0.3459812104702,83.6737787798304,4515577.0,65.9958447685488,9.748161553866934,3.367295829986474,,3.295836866004329
PER,Peru,2016,41866267077.4518,411679207327.49384,197306492869.139,2.78532600402832,17304333.0,48198208.68726539,172.21686021050084,0.07909013655178487,3.953318715207388,87.0,0.9829647059516022,1.017212889395536,0.9663313512825372,3.54628188735842,42.8090253456419,6392.25474941014,13.1636888035228,6.87076,45.4617,119.655,-0.496036291122437,45.3888411964154,30866494.0,81.4192362241943,8.762842341065296,4.477336814478207,1.02436492363033,
PER,Peru,2017,42405374278.0319,433500621239.15106,202276318741.548,2.80294895172119,17479817.0,48995034.73642824,171.5535827403069,-0.38514084473681987,2.518835442331424,122.0,0.9735827549772633,1.0048256438318934,0.9689071541451851,3.5133314939664,42.4146143080756,6457.41940254721,13.2122751962604,7.37508,50.4504,124.233,-0.523281574249268,47.5135503619971,31324637.0,82.1931650502403,8.772985043676032,4.812184355372417,1.0306720600015375,4.477336814478207
PER,Peru,2018,44421755679.0842,456247345856.2777,210305376512.78,2.82068347930908,17792099.0,50185879.7115316,172.48536456527683,0.5431433200555391,3.9693513413653125,158.0,0.9878584238495747,1.022805943411391,0.9658317202916763,2.63824619479376,43.9039424432995,6593.14437459526,13.0774424949562,8.09511,55.0543,132.157,-0.56674337387085,48.631470171736,31897584.0,82.6854929960921,8.793785657037539,5.0689042022202315,1.0369792241328293,4.812184355372417
PER,Peru,2019,45685570534.0754,479120549097.5392,215017545590.315,2.83853006362915,18049074.0,51232839.16966724,171.04553642247296,-0.8347538044359504,2.2406317687501787,217.0,0.9735966652030384,1.0016753138288712,0.9719683132466318,2.09128983397663,44.7242368945336,6626.26083494969,13.2443725852511,7.38779,59.9505,122.79,-0.520058035850525,46.9435053754409,32449303.0,83.1033003087105,8.798795947456263,5.384495062789089,1.0432863349515058,5.0689042022202315
PER,Peru,2020,38377882077.0501,493542403719.71234,191509018299.917,2.85648965835571,15736870.0,44952206.409888215,164.14872215457177,-4.032150976957649,-10.933306501037887,289.0,0.8646406625632063,0.9707013066484155,0.8907381257666073,0.329387076302566,55.3124099083207,5831.83024758521,15.8181030380089,8.41187,65.2518,119.854,-0.382843524217606,44.245967197744,32838579.0,83.5267437189637,8.671086166197867,5.66988092298052,1.0495934787857373,5.384495062789089
PER,Peru,2021,50914759791.0989,519780043324.82556,217099648514.382,2.83546948432922,17758723.0,50354317.14715546,169.74555005513363,3.409607962279204,13.362624090312147,355.0,1.0755631161620887,1.0389555691152323,1.0352349495349749,3.15570902335973,47.1314277768001,6547.84718181776,13.7498135562536,9.05771,71.1078,129.994,-0.532514691352844,55.427249365522,33155882.0,83.9480118272361,8.786891600072346,5.87493073085203,1.042207526407059,5.66988092298052
PER,Peru,2022,51338290238.482,545129331397.0663,223198050485.251,2.81483864784241,17716658.0,49869533.64900641,172.71203636818694,1.7476077058219186,2.8090335533016875,369.0,0.981404200868469,0.965655027878119,1.0163093159934729,4.55221582089149,45.6681533476048,6667.51695632036,13.3949556323686,9.45024,74.675,124.119,-0.552831411361694,57.2969759649721,33475438.0,84.3663554951194,8.805002799183098,5.91350300563827,1.0349049412428029,5.87493073085203
PER,Peru,2023,48507224492.4189,566380089319.6318,222298021864.381,2.79458904266357,17604655.0,49197775.96287244,171.23133794736412,-0.8573220789698022,-0.40324215149427634,536.0,0.9615012038544011,0.9591414355213989,1.002460292346477,1.62534746680837,45.6681533476048,6568.0002779793,13.5642010031547,10.4364,79.4848,121.975,-0.538132667541504,50.7851842068664,33845617.0,84.7810255849745,8.789964693455543,6.285998094508865,1.0276850627603562,5.91350300563827
PER,Peru,2024,51038242445.9804,589099327299.6306,229642617310.3,,17695545.0,,,0.0,3.303940981714959,473.0,,,,2.35092628744149,45.6681533476048,6711.19403272527,13.411797315364,10.4364,81.9571,121.975,-0.538132667541504,51.4758878672647,34217848.0,85.1912729600355,8.811532162380013,6.161207321695077,,6.285998094508865
PRY,Paraguay,2016,7167403259.53482,86200423939.49117,37756961788.4736,2.57922601699829,3122747.0,8054270.3069033595,182.24336229719432,5.002269057764552,4.268025833143607,21.0,1.006298267678518,1.0413594326034603,0.9663313512825371,2.27032682691763,41.3557191307979,6041.95879367349,11.3629906714715,3.94711,53.4041,119.848,-0.689654231071472,67.7593152322119,6249126.0,62.0827613208606,8.706483541942145,3.091042453358316,0.9474893605149857,
PRY,Paraguay,2017,7589400415.21451,89479803157.73111,39573101423.9484,2.60476756095886,3214181.0,8372194.40385031,183.84455994788675,0.8786040986674015,4.81007885552176,13.0,1.0096885455315032,1.0420900921330252,0.9689071541451852,1.9468132140751,41.1558966178028,6243.1336313903,11.1076787786842,4.57926,61.0758,117.821,-0.667961835861206,71.0801344038459,6338660.0,62.9526389826574,8.739237519828704,2.6390573296152584,0.9573434431854466,3.091042453358316
PRY,Paraguay,2018,8111360201.22671,93117173201.07126,40841122661.1912,2.63056206703186,3311781.0,8711845.47291684,182.33315263631107,-0.8221115229104958,3.2042503408020284,22.0,0.9917285596283469,1.0268129931877266,0.965831720291676,0.787454987833137,44.5974774295691,6354.2392005316,11.5202342967927,4.98959,64.9935,115.75,-0.602268278598785,72.0692236259495,6427382.0,63.9248988239553,8.756877459782133,3.1354942159291497,0.9671975370564805,2.6390573296152584
PRY,Paraguay,2019,7616078018.95591,96077392559.9736,40677000526.5933,2.65661215782166,3385793.0,8994738.847667472,175.92960803102807,-3.5120023499268793,-0.4018551007018645,20.0,0.9652944841632871,0.9931336968578198,0.971968313246632,1.28022785728015,47.7506335037909,6243.53620897823,11.9462687058863,6.32667,68.5176,119.137,-0.567496180534363,71.2221617342433,6515058.0,64.9845298299929,8.739302001006347,3.044522437723423,0.9770516861650502,3.1354942159291497
PRY,Paraguay,2020,8019263709.83589,99292786641.8108,40343536418.8014,2.68292021751404,3306925.0,8872215.940302616,174.03311863519585,-1.0779819366719345,-0.8197853909456598,27.0,0.9596846594256044,1.0774038201179041,0.8907381257666069,0.816723740272366,50.7131734297682,6109.19608100826,12.6444728382554,8.51592,73.9575,119.1,-0.427826523780823,62.7602174748575,6603739.0,66.116520986009,8.717550469205916,3.332204510175204,0.9869058347039412,3.044522437723423
PRY,Paraguay,2021,9482695932.28311,103810843242.00337,41964030301.4411,2.69997620582581,3454727.0,9327680.697623983,172.51996215793326,-0.8694646680638018,4.0167373177639965,40.0,0.9948303391998744,0.9621037108480244,1.0340156970426857,1.46195175389463,49.4627024962661,6278.11006663809,12.0136316874781,10.8119,77.0184,119.313,-0.575897037982941,69.74227302112,6684182.0,67.3058612772421,8.744824269366418,3.713572066704308,0.9932429603143443,3.332204510175204
PRY,Paraguay,2022,9310494512.60105,107930795592.50424,42037903094.7542,2.71732521057129,3477822.0,9450373.398479465,169.04344421735502,-2.01513952188076,0.17603836614941137,21.0,0.9645586611969725,0.9490438972409242,1.0163477832807872,2.03844719825164,51.0176123623542,6218.19790694162,11.859126961468,11.1528,76.2592,128.088,-0.591498374938965,73.7379050218566,6760464.0,68.6396537819458,8.735235418182576,3.091042453358316,0.9996480180076438,3.713572066704308
PRY,Paraguay,2023,9052565525.7618,111586821338.64082,44139473679.5817,2.73497366905212,3235233.0,8848277.068248497,183.1067985157073,8.319372788139434,4.99922791127454,24.0,1.0225917963306477,1.0202763521253262,1.0022694284744502,2.57834141880415,52.3554841722349,6449.23028812969,12.1267410499793,12.8836,78.0948,126.605,-0.582174599170685,82.4052107741573,6844146.0,69.3466081733694,8.771716067495118,3.2188758248682006,1.006121808424354,3.091042453358316
PRY,Paraguay,2024,9806878897.79123,115814359169.5,46015383701.3623,,2901582.0,,,0.0,4.249960104640671,15.0,,,,2.46843780233781,57.4932782487158,6640.83816613117,12.6163213925825,12.8836,81.5781,126.605,-0.582174599170685,76.8311565430624,6929153.0,69.8622585886961,8.800993464343195,2.772588722239781,,3.2188758248682006
SLV,El Salvador,2016,3810875912.22004,69655572561.70242,24033351541.724,2.20640015602112,2727017.0,6016890.734272246,151.07336564799897,-0.07575712173241156,2.539062411358528,2.0,1.0203065425907984,1.0558557799419672,0.9663313512825372,1.98198031581358,55.0597980078069,3875.84691357954,16.3164393340948,6.3751,28.9971,155.42,-0.757978737354279,72.8190933731491,6200800.0,70.3990173339844,8.262519476250159,1.0986122886681098,0.7913622987698782,
SLV,El Salvador,2017,3949555327.13838,70122349260.75568,24573529736.8617,2.23934745788574,2752094.0,6162894.702762597,151.72519239508983,0.43146370923490274,2.247619081341612,3.0,1.0156699718797966,1.0482634662511785,0.9689071541451851,2.01688451540263,56.0486779897987,3954.84014277572,16.1331092000982,7.26258,33.8207,152.539,-0.873291909694672,74.3046511916519,6213533.0,71.0856704711914,8.282695460364838,1.3862943611198906,0.8061845099830787,1.0986122886681098
SLV,El Salvador,2018,4234362895.93657,70850594693.65446,25166352435.5773,2.27278709411621,2814266.0,6396227.44421005,151.12959387819663,-0.3925508397723987,2.4124442237792865,7.0,1.013597869369852,1.0494559746533805,0.965831720291676,1.58620478716365,57.2770156356153,4046.16291720583,16.1096582163919,7.91447,43.8,151.669,-0.930314421653748,75.6336168879956,6219807.0,71.7577209472656,8.305524283156728,2.0794415416798357,0.8210068731345603,1.3862943611198906
SLV,El Salvador,2019,4499100020.44211,71807164979.41385,25779775126.5993,2.30672574043274,2908119.0,6708232.95354152,149.39123353557648,-1.1502448316119906,2.437471590657747,4.0,1.0107286345580049,1.0398781737872742,0.9719683132466319,2.59024369040438,59.0743132128325,4143.11437097867,16.0320209633966,8.43878,50.4912,167.089,-0.866013646125793,76.0420130991468,6222318.0,72.4148941040039,8.329203047532397,1.6094379124341003,0.8358290906477314,2.0794415416798357
SLV,El Salvador,2020,4174765732.55788,72391572463.00104,23744951345.511,2.34117126464844,2735955.0,6405339.227371223,141.39305973849676,-5.353844136493457,-7.8931013598671385,8.0,0.9136333196484328,1.025703619525796,0.8907381257666073,1.55101998611342,65.3332227111145,3808.53195436409,19.6968523573714,9.39905,54.6014,159.575,-0.777085423469543,66.4595069497083,6234673.0,73.0570220947266,8.244999080053105,2.1972245773362196,0.8506513445890775,1.6094379124341003
SLV,El Salvador,2021,5230381838.92518,74002375678.77617,26571731219.3539,2.35296654701233,2765217.0,6506463.096229794,155.42097819551628,9.921221368972311,11.904761701595579,7.0,1.0947719938218041,1.0591577222216078,1.0336250879854745,2.7560499827498,61.139568580911,4247.54750394978,19.3467717333594,9.80538,61.7527,176.973,-0.866383194923401,81.8450759800765,6255782.0,73.6838531494141,8.354097037462306,2.0794415416798357,0.8556768924798299,2.1972245773362196
SLV,El Salvador,2022,5390175650.92008,75692432545.75743,27356823619.6966,2.36482119560242,2860461.0,6764478.801994095,154.79074389878645,-0.4055014349073405,2.9546151654991526,19.0,1.0057249679562046,0.9894738165812421,1.0164240337668684,0.0823187568481088,62.6134049968434,4355.96083888359,18.8109426635356,11.1497,65.5298,183.249,-0.742217719554901,88.7011093776867,6280319.0,74.1465021298679,8.379300493857157,2.995732273553991,0.8607024146893002,2.0794415416798357
SLV,El Salvador,2023,5897252244.41724,77805063162.8868,28325024473.7907,2.37673568725586,2946700.0,7003527.049636842,155.18924353597328,0.25744409978893934,3.539156692873524,14.0,1.0069247656338316,1.012491444399193,0.9945019992058651,1.89928827474734,61.9007180453442,4489.17787712717,19.0636599462278,11.6272,67.6558,179.706,-0.369357317686081,81.7147723425988,6309624.0,74.6080675149903,8.409424863108745,2.70805020110221,0.8657279862575347,2.995732273553991
SLV,El Salvador,2024,6172525972.6715,80087335977.41394,29062047321.2665,,2892584.0,,,0.0,2.602020161210339,20.0,,,,2.61241857793703,62.4875657227945,4585.22599757795,19.1719147992815,11.6272,67.6558,179.706,-0.369357317686081,84.6596461582312,6338193.0,75.0674905102199,8.430594674114415,3.044522437723423,,2.70805020110221
URY,Uruguay,2016,11183457346.9999,114896195480.42169,58655009160.0858,2.70901989936829,1645148.0,4456738.669405944,376.1291306391603,-0.5186481539471433,1.6897982297177538,31.0,0.9837781440300428,1.0,0.9837781440300428,-0.897082488190792,25.6815822953668,17357.2349992841,15.9448322857982,27.2743,66.4,151.415,0.619055449962616,48.4705583785623,3379283.0,95.1585424955685,9.761764701294066,3.4657359027997265,0.9965869087268796,
URY,Uruguay,2017,11289227594.1809,120440613300.58151,59675827116.7172,2.73129820823669,1643640.0,4489270.986986153,374.639553902316,-0.39602801684438527,1.7403764337420968,39.0,0.991663422606231,1.0,0.991663422606231,4.13270996152796,23.9263156750777,17611.6036701032,16.4943479737156,28.1333,70.3224,150.44,0.557142913341522,46.3780042035515,3388438.0,95.2288235732042,9.77631326322153,3.6888794541139363,1.0047770303189687,3.4657359027997265
URY,Uruguay,2018,10103892395.4649,124522475031.01733,59774159517.7554,2.75375962257385,1635723.0,4504387.951115365,370.0952451686674,-1.212981567566529,0.1647776089401809,38.0,0.9826140922278245,1.0,0.9826140922278245,2.64222389301977,24.944851219691,17608.9441195037,16.8898046110751,28.7931,80.7268,131.363,0.570747196674347,47.7913104806475,3394534.0,95.2942581176758,9.776162240550308,3.6635616461296463,1.0129671134810476,3.6888794541139363
URY,Uruguay,2019,9798904719.76854,128095255999.235,60329073609.8215,2.77640581130981,1631690.0,4530233.598256104,368.478118093724,-0.4369488924956144,0.9283511412674361,48.0,0.994026703120482,1.0,0.994026703120482,2.35703341175475,25.3082543138449,17758.4384372986,17.2836793288606,29.8013,83.3515,133.237,0.603468060493469,49.7448341159636,3397206.0,95.3479309082031,9.784616086852678,3.8918202981106265,1.021157217590815,3.6635616461296463
URY,Uruguay,2020,9602921268.97503,131293414468.24828,55890466349.1545,2.79923820495605,1553181.0,4347723.5944118425,347.60214790974067,-5.665457230400161,-7.357327064847219,57.0,0.9318283017454124,1.0,0.9318283017454124,1.81750744846519,27.8846373005871,16443.3635000843,18.0526209986761,31.2948,85.471,133.902,0.647405028343201,47.7318733182088,3398968.0,95.3997650146484,9.707677240146536,4.060443010546419,1.0293473105049407,3.8918202981106265
URY,Uruguay,2021,11410203654.4454,136138947399.28127,59156857853.7605,2.8979823589325,1625939.0,4711942.538700351,344.7714310814625,-0.8143553902932754,5.844273125581845,80.0,0.9963402760618113,1.0,0.9963402760618113,8.50404179273101,26.7129770999909,17416.0052208869,16.8274233316562,32.5451,87.6444,138.113,0.698062181472778,58.3150410230338,3396695.0,95.4497146606445,9.765144902689654,4.394449154672439,1.0640147565550835,4.060443010546419
URY,Uruguay,2022,12810668514.9725,142142668544.2897,61810768801.3209,3.00021004676819,1663110.0,4989679.330880644,341.87187150568724,-0.8410092352141962,4.4862270307206575,66.0,1.0149206548733665,1.0,1.0149206548733665,12.4804063396028,26.6238341080853,18228.3558443761,16.3519256045241,33.4866,89.873,139.829,0.767947494983673,61.0307951043821,3390913.0,95.4977416992188,9.810733674048398,4.204692619390966,1.0986823018065293,4.394449154672439
URY,Uruguay,2023,12078618489.6872,147114153606.76242,62269484309.0206,3.01220703125,1702831.0,5129279.511230469,334.2408839301719,-2.232119168478708,0.7421287853159653,72.0,0.9697524982671555,1.0,0.9697524982671555,-6.72904061401343,28.577104248513,18378.9833563662,16.9963640196447,32.4032,89.896,141.719,0.717662572860718,52.910987066463,3388081.0,95.5439605712891,9.818963081886208,4.290459441148391,1.1026730430502403,4.204692619390966
URY,Uruguay,2024,11917878577.7895,151676324504.21378,64204978531.9491,,1737516.0,,,0.0,3.1082547806616567,75.0,,,,-4.86239476784597,31.0792040544241,18958.6033293537,17.167989034341,32.4032,91.9911,141.719,0.717662572860718,52.4649167856379,3386588.0,95.5981951588181,9.850013109032059,4.330733340286331,,4.290459441148391
