Country,Year,CountryName,GDP,INVESTMENT,LABOR,HC_index,LABOR_ILOSTAT,CAPITAL,EFFECTIVE_LABOR,TFP,TFP_Growth,GDP_Growth
ARG,1992,Argentina,313120244489.89,40772703492.6653,4495566.0,2.57097387313843,4495566.0,218935724503.31815,11557982.730969438,862.4362433232474,,
ARG,1993,Argentina,338817957426.035,46327225414.1258,4609059.0,2.58705997467041,4609059.0,254316163692.278,11923912.059794426,867.7873915910747,0.6204688531186386,8.206979072212196
ARG,1994,Argentina,358592053441.545,52661207597.975,4386273.0,2.60324645042419,4386273.0,294261563105.6391,11418549.617841464,897.6288651735896,3.438800087634486,5.836200703685179
ARG,1995,Argentina,348389357874.283,45770986408.9843,5878051.5,2.61953449249268,5878051.5,325319471359.34143,15397758.652898336,693.280491753289,-22.765352290757978,-2.845209610570787
ARG,1996,Argentina,367643757074.802,49836963889.7747,7369830.0,2.62702393531799,7369830.0,358890461681.14905,19360719.809224583,609.1041382577798,-12.14174558447898,5.526689827152231
ARG,1997,Argentina,397463514160.866,58639598832.0611,7858448.0,2.63453459739685,7858448.0,399585537429.15265,20703353.137844082,607.1659429381881,-0.3182042606270197,8.111046770745745
ARG,1998,Argentina,412766570325.764,62476955246.5045,8278638.000000001,2.64206695556641,8278638.000000001,442083215804.1995,21872715.896896396,587.274771687269,-3.2760683437977556,3.8501788515622914
ARG,1999,Argentina,398792535409.293,54598702029.7055,8285155.000000001,2.64962077140808,8285155.000000001,474577757043.695,21952518.782335516,552.172286314291,-5.9771825839081805,-3.3854570406325224
ARG,2000,Argentina,395646066535.875,50883664312.6158,8261723.0,2.65719604492188,8261723.0,501732533504.12604,21953017.67984013,537.2424399297411,-2.703838413225257,-0.7889989390570507
ARG,2001,Argentina,378202665751.853,42914748082.9166,8143391.0,2.68300294876099,8143391.0,519560654911.83636,21848742.065913707,508.8909314344118,-5.277228005113854,-4.40883968258542
ARG,2002,Argentina,336999433710.193,27273361805.6602,8016067.0,2.70905995368958,8016067.0,520855983971.9047,21716006.095792573,454.8529545886054,-10.618773789796066,-10.89448482859039
ARG,2003,Argentina,366780211148.674,37682562546.6549,8956213.0,2.73537039756775,8956213.0,532495747319.96436,24498559.91451145,454.2070641039286,-0.14199984372115226,8.837040795769212
ARG,2004,Argentina,399898899166.738,50654861461.2803,9254724.0,2.76193618774414,9254724.0,556525821415.2465,25560957.1231842,474.35690213073536,4.4362669846535585,9.029573300681527
ARG,2005,Argentina,435296589745.339,58672701569.6979,9525554.0,2.7887601852417,9525554.0,587372231914.182,26564485.737569816,494.1623486736102,4.175220483545616,8.851659920134459
ARG,2006,Argentina,470325565798.353,67164293724.504,9926045.0,2.7969753742218,9926045.0,625167914042.9769,27762903.428417426,507.6303445252021,2.7254192650940645,8.047151500430317
ARG,2007,Argentina,512690850741.56,80901540191.8901,10116000.0,2.80521464347839,10116000.0,674811058532.7181,28377551.333427392,531.1388925838673,4.631036799160082,9.007650875047402
ARG,2008,Argentina,533491913656.279,87936280775.266,10279805.0,2.81347823143005,10279805.0,729006786381.3481,28922007.590845786,531.3409744164835,0.03804689045328047,4.057233103464242
ARG,2009,Argentina,501917060966.235,68086553749.1582,10401878.0,2.82176613807678,10401878.0,760643000811.439,29351667.11280582,487.81747057533437,-8.191256826926718,-5.918525076349557
ARG,2010,Argentina,552738161802.463,85962395051.7292,10531926.0,2.83007836341858,10531926.0,808573245822.5962,29806175.897725593,520.6173081569071,6.72379313165814,10.125398156100317
ARG,2011,Argentina,585924294024.785,100900907666.981,10765734.0,2.8585422039032,10765734.0,869045491198.4473,30774304.994995613,527.052966168023,1.2361590577730563,6.003951692805698
ARG,2012,Argentina,579910247223.428,93761965457.9418,10843566.0,2.88729238510132,10843566.0,919355182096.4667,31308545.53914358,505.77893523294074,-4.036412334372508,-1.0264204544320643
ARG,2013,Argentina,593858966307.156,95955516955.605,10942848.0,2.91633176803589,10942848.0,969342939947.2483,31912975.255188003,502.1546260072694,-0.7165797096714055,2.4053237807942773
ARG,2014,Argentina,578937574935.696,89473196447.266,11047223.0,2.9456627368927,11047223.0,1010348989397.1519,32541393.137243986,476.41261370126085,-5.126311891356727,-2.5126153208137825
ARG,2015,Argentina,594749285413.212,92571210122.056,11220887.666666666,2.97528910636902,11220887.666666666,1052402750049.3502,33385384.838423822,474.5244412876411,-0.3963313227478449,2.731159828289309
ARG,2016,Argentina,582376550428.09,87222011290.2295,11394552.333333334,3.00521349906921,11394552.333333334,1087004623837.1122,34243062.4879839,451.9087014577957,-4.765979971121547,-2.0803278437780515
ARG,2017,Argentina,598790850843.677,98892817130.2083,11568217.0,3.03543877601624,11568217.0,1131547209775.4648,35114614.45117026,450.7363472072254,-0.25942280969329934,2.8185029777592074
ARG,2018,Argentina,583118120294.002,93210783977.9137,11744699.0,3.06596803665161,11744699.0,1168180633264.6052,36008871.73409413,427.03340815449224,-5.258714811795673,-2.617396462820476
ARG,2019,Argentina,571450737224.442,78342216931.0375,12041135.0,3.09680438041687,12041135.0,1188113818532.4126,37289039.61319089,406.6780215264636,-4.766696525219971,-2.000861002857768
ARG,2020,Argentina,514874343768.066,68106055855.5898,10936539.0,3.12795066833496,10936539.0,1196814183461.3818,34208954.47432136,386.5458599281213,-4.950393316751267,-9.90048481364636
ARG,2021,Argentina,568636554720.066,91273371142.4809,12241621.0,3.13874697685242,12241621.0,1228246845430.7937,38423350.9055231,392.281557229426,1.483833587655381,10.441811988250516
ARG,2022,Argentina,602872713790.916,100814337082.887,12881228.0,3.14963102340698,12881228.0,1267648840242.1409,40571115.32837865,397.04065194066794,1.2131833943084258,6.020745375348602
ARG,2023,Argentina,591684674129.454,98847542616.3413,13293498.0,3.16060328483582,13293498.0,1303113940846.375,42015473.4457584,377.2510553325904,-4.9842746608815265,-1.8557880304634566
ARG,2024,Argentina,583738758865.705,81821414740.2399,13335384.0,3.1716137699549805,13335384.0,1319779658544.2961,42294687.52203733,368.9412767156848,-2.2027184548442325,-1.3429307215773068
BRA,1992,Brazil,921636571041.486,157408696244.73,61896136.0,1.77301752567291,61896136.0,1173105935558.82,109742933.89943393,326.62310264535864,,
BRA,1993,Brazil,967024315134.652,172440758766.902,66570000.0,1.80186975002289,66570000.0,1286891397547.781,119950469.25902379,313.1457066067206,-4.126283759318639,4.924690004637733
BRA,1994,Brazil,1023622994691.61,195438127098.98,65191237.5,1.8311915397644,65191237.5,1417984954769.3718,119377642.5767717,321.40676706317583,2.6380883665859445,5.85287036438964
BRA,1995,Brazil,1066858717573.94,199528534284.712,63812475.0,1.86099052429199,63812475.0,1546614241315.615,118754411.3066195,326.0625122443297,1.4485523200694628,4.223793633646888
BRA,1996,Brazil,1090424176256.21,201913940028.864,63192591.0,1.89644837379456,63192591.0,1671197469278.6982,119841486.43781476,322.43418559262113,-1.1127702558427655,2.2088640505144364
BRA,1997,Brazil,1127442397626.76,218911286451.875,64520177.0,1.932581782341,64520177.0,1806548882266.6382,124690518.6636168,316.1587683069728,-1.9462630099579492,3.3948459853160973
BRA,1998,Brazil,1131254256718.86,218552620469.963,65417263.0,1.96940386295319,65417263.0,1934774058623.269,128833010.4560248,303.19496579085745,-4.100408976646886,0.33809790195258316
BRA,1999,Brazil,1136547820360.71,199155414557.845,66711062.00000001,2.0069272518158,66711062.00000001,2037190770249.9504,133884248.32537346,291.7779397827977,-3.765572419146024,0.4679375666796215
BRA,2000,Brazil,1186418964121.03,208741146224.95,69899856.0,2.04516577720642,69899856.0,2144072377962.4028,142956793.32285684,286.69568512065814,-1.7418227937049835,4.387949443648775
BRA,2001,Brazil,1202908958645.15,211464123363.08,73088650.0,2.08590292930603,73088650.0,2248332882427.363,152455829.13402316,274.18135778366064,-4.365021165815852,1.3898964044574802
BRA,2002,Brazil,1239639324869.85,208411057628.535,75787338.0,2.12745189666748,75787338.0,2344327295934.53,161233915.9714794,268.4987684507499,-2.0725659026732735,3.0534618568366145
BRA,2003,Brazil,1253781489768.13,200106893263.436,76955937.0,2.16982817649841,76955937.0,2427217824401.2393,166981160.45143652,262.24060109612367,-2.330799277306228,1.1408289987706377
BRA,2004,Brazil,1325998860202.27,217089892052.109,81288843.0,2.21304869651794,81288843.0,2522946825233.286,179896168.04260147,260.6820175513988,-0.594333424424065,5.759964636859949
BRA,2005,Brazil,1368459094848.72,221336823885.976,83330243.0,2.25713014602661,83330243.0,2618136307857.5977,188087203.5510229,257.9888991719232,-1.033104778293581,3.202132062162777
BRA,2006,Brazil,1422677289673.84,236079601195.265,85281316.0,2.29880857467651,85281316.0,2723309093659.983,196045420.48049706,257.50793428731674,-0.18642851926972126,3.9619887089949124
BRA,2007,Brazil,1509031960316.93,264296798014.956,86726175.0,2.34125638008118,86726175.0,2851440436991.94,203048210.53878692,262.71596988571,2.0224757783899427,6.069870607331285
BRA,2008,Brazil,1585904997750.07,296770834353.685,89200229.0,2.38448834419251,89200229.0,3005639249496.028,212696906.34980273,262.9992478618523,0.10782670587765608,5.094195448119931
BRA,2009,Brazil,1583909738906.86,290438116325.471,89786445.0,2.42851853370667,89786445.0,3145795403346.6973,218048045.75813457,254.36996736464954,-3.281104629521814,-0.12581200299138784
BRA,2010,Brazil,1703150040806.99,342292709370.151,90358827.0,2.47336173057556,90358827.0,3330798342549.513,223490064.72149765,263.8415237651643,3.7235356432376854,7.52822581812167
BRA,2011,Brazil,1770840429106.43,365685151995.703,90931209.0,2.5608959197998,90931209.0,3529943577417.7407,232865362.11056283,261.7233861031645,-0.802806787867516,3.974423079446754
BRA,2012,Brazil,1804861390164.77,368533023762.941,89317315.0,2.62187433242798,89317315.0,3721979422309.7944,234178775.6398846,260.8957897603431,-0.3162103146927664,1.9211759850946697
BRA,2013,Brazil,1859094274383.73,390008184132.424,90770602.0,2.68430471420288,90770602.0,3925888635326.7285,243655954.85963336,257.0502628926404,-1.4739704581799518,3.004822670288765
BRA,2014,Brazil,1868463286696.58,373533970831.149,91977782.0,2.74822163581848,91977782.0,4103128174391.541,252775330.50699556,248.38006879834847,-3.372956711549091,0.5039557402733541
BRA,2015,Brazil,1802211999456.42,321439054845.258,91961930.0,2.81366038322449,91961930.0,4219410820517.2217,258749639.2058637,233.666203981914,-5.923931371635205,-3.5457633934724786
BRA,2016,Brazil,1743173031878.48,282449055268.201,90212798.0,2.8806574344635,90212798.0,4290889334759.5615,259872167.24245396,224.05523171125824,-4.113120385778879,-3.2759169063210747
BRA,2017,Brazil,1766232928473.27,275225828621.726,90503629.0,2.94924998283386,90503629.0,4351570696643.3096,266917826.27465203,222.01199292521332,-0.9119353163232868,1.3228690539079935
BRA,2018,Brazil,1797736638146.82,289624978886.943,92076304.0,3.01947546005249,92076304.0,4423617140698.087,278022140.3803329,218.80252758801248,-1.4456270109164615,1.7836667613700286
BRA,2019,Brazil,1819683008336.22,301285475912.595,94129066.0,3.09137320518494,94129066.0,4503721759575.777,290988072.4614848,213.66177136934013,-2.349495810373814,1.220777822719521
BRA,2020,Brazil,1760056385298.89,296022135253.885,86874675.0,3.16498303413391,86874675.0,4574557806850.873,274956872.4708973,213.24674589697835,-0.19424414096256282,-3.276758796129453
BRA,2021,Brazil,1843880907790.44,334230064783.313,91187695.0,3.22658061981201,91187695.0,4680059981291.643,294224449.4523285,212.0819351669826,-0.5462267314308766,4.76260437970657
BRA,2022,Brazil,1899505159031.73,337871418527.24,97918963.0,3.29099345207214,97918963.0,4783928400754.301,322250666.06669414,204.35715933796584,-3.64235446217267,3.0166943540809177
BRA,2023,Brazil,1961080569227.7,327806716034.428,99281765.0,3.35838437080383,99281765.0,4872538696751.014,333426327.8818187,205.0364881074778,0.332422300110613,3.241655328135984
BRA,2024,Brazil,2028136094548.34,350296743007.11,102111527.0,3.4271552788893853,102111527.0,4979208504920.573,349952058.793506,203.93202203530194,-0.5386680597050164,3.4193151659774657
CHL,1992,Chile,85414661278.3917,11790748775.4314,4723765.0,2.66467809677124,4723765.0,65559805080.967125,12587313.129794596,339.43199033768883,,
CHL,1993,Chile,91125130548.8196,13907897365.0331,4992285.0,2.67962789535522,4992285.0,76189712191.95186,13377466.147563435,330.2413397812538,-2.7076559717578608,6.685584400804201
CHL,1994,Chile,95751374590.6832,14768248442.7463,5036220.0,2.69466161727905,5036220.0,87148475025.10056,13570908.730173098,327.9882501666388,-0.6822554729542407,5.076803746673519
CHL,1995,Chile,104613573720.419,18238747725.666,5095317.0,2.70977973937988,5095317.0,101029798999.51152,13807186.772317873,336.48238792940117,2.589768919602098,9.255427577535924
CHL,1996,Chile,112056685779.901,19865415630.8878,5343801.0,2.72498273849487,5343801.0,115843724680.42374,14561765.482951624,331.8893166614683,-1.3650257584645331,7.114862627075325
CHL,1997,Chile,120339623825.598,22444884651.3311,5361601.5,2.7402708530426,5361601.5,132496423097.73364,14692240.316079482,338.088174496198,1.8677485304694708,7.391739268432551
CHL,1998,Chile,125370887065.113,23238874488.7083,5379402.0,2.75564479827881,5379402.0,149110476431.55527,14823721.139150627,336.00569607212964,-0.6159571913958772,4.180886627007041
CHL,1999,Chile,125027832953.909,20097720510.9821,5437923.0,2.77110481262207,5437923.0,161752673120.9596,15069054.595968245,322.2202174594808,-4.102751463382792,-0.2736313981936189
CHL,2000,Chile,131243743563.397,22073999301.2587,5496444.0,2.7866518497467,5496444.0,175739038766.17032,15316675.83962915,325.10061013724885,0.8939205306477183,4.971621488296507
CHL,2001,Chile,135383217071.739,22569037125.1008,5291164.5,2.80529260635376,5291164.5,189521123952.9626,14843264.65085149,333.3423798553605,2.5351443402804374,3.154034924600002
CHL,2002,Chile,139719269577.32,23568705901.2465,5085885.0,2.82405781745911,5085885.0,203613773656.56094,14362833.292948026,342.74231456237084,2.819903881135377,3.202799135201051
CHL,2003,Chile,146318553366.968,25583503697.446,5994631.0,2.84294891357422,5994631.0,219016588671.1789,17042429.68872834,313.0667631199658,-8.658268962294935,4.723245268610543
CHL,2004,Chile,156084225513.955,28977109190.0792,6189195.666666667,2.8619658946991,6189195.666666667,237042868427.69913,17713266.91361946,316.7929203414288,1.1902116929720652,6.674254168228844
CHL,2005,Chile,165194933117.629,35665748849.1411,6383760.333333333,2.88111042976379,6383760.333333333,260856473855.45526,18392318.477479033,316.4043492763111,-0.1226577490112124,5.837045719177714
CHL,2006,Chile,175189211415.667,37967086197.7195,6578325.0,2.90038323402405,6578325.0,285780736360.402,19079663.53796126,317.34003274408343,0.29572395888755043,6.049990825639573
CHL,2007,Chile,184243394522.927,41980886339.0524,6597843.666666667,2.91978454589844,6597843.666666667,313472585881.43427,19264281.974187233,321.0944071562694,1.1830762036927345,5.168230985284472
CHL,2008,Chile,191225100461.158,49820898789.8474,6617362.333333333,2.93931579589844,6617362.333333333,347619855377.20996,19450517.633550026,319.41333280637855,-0.5235451980553307,3.789392806352243
CHL,2009,Chile,189087132632.604,44311906252.381,6636881.0,2.95897746086121,6636881.0,374550768860.7304,19638381.28941801,305.7838444735257,-4.267038014068991,-1.118037236428726
CHL,2010,Chile,200151851762.225,49233500296.9704,7340840.0,2.97877097129822,7340840.0,405056730714.66425,21866681.096944824,293.67717749574456,-3.9592238754880604,5.8516510222405005
CHL,2011,Chile,212609096429.355,56650992420.0013,7710081.0,2.9968798160553,7710081.0,441454886598.9323,23106186.129051466,292.04397633524155,-0.556121239801366,6.223896785091387
CHL,2012,Chile,225695909224.96,63454776828.14,7882616.0,3.01509833335876,7882616.0,482836919097.1257,23766862.3641071,294.99307413814915,1.0098129192441574,6.155340018555333
CHL,2013,Chile,233163076995.037,64293394414.6439,8045054.0,3.03342795372009,8045054.0,522988467556.91327,24404091.692787625,291.29754023757937,-1.2527527676256978,3.3085082471008276
CHL,2014,Chile,237342873662.271,61687022446.504,8159777.0,3.05186891555786,8159777.0,558526066625.5715,24902569.784183968,285.9909446574609,-1.8217097115857839,1.7926494713925045
CHL,2015,Chile,242450355830.884,61753005219.7252,8302016.0,3.07042193412781,8302016.0,592352768514.0181,25490692.023880024,281.8847759500002,-1.4357687836510924,2.1519424998117875
CHL,2016,Chile,246700604515.86,60295644485.195,8400305.0,3.08908796310425,8400305.0,623030774573.5121,25949281.061904445,278.55465757959144,-1.181375744463553,1.753038749071023
CHL,2017,Chile,250050047209.619,58290641702.5622,8604646.0,3.10786700248718,8604646.0,650169877547.3987,26742095.371483304,272.76617496449535,-2.078041941711972,1.3576953734394603
CHL,2018,Chile,260027117802.785,62075415014.4734,8791511.0,3.12676072120667,8791511.0,679736798684.5021,27488951.274856374,274.31310567233476,0.5671270303367892,3.990029477899748
CHL,2019,Chile,261676645417.276,64859828465.1316,8980466.0,3.14576888084412,8980466.0,710609787215.4086,28250470.478278674,267.00989369126427,-2.662363492684938,0.6343675338285504
CHL,2020,Chile,245600606668.884,57833106123.1192,7883746.0,3.16489291191101,7883746.0,732912403977.7573,24951211.834706776,268.7519610367372,0.6524355039395191,-6.143474792240921
CHL,2021,Chile,273390120031.28,67060872244.5355,8314905.000000001,3.18922209739685,8314905.000000001,763327656023.4049,26518078.76375556,283.48600909643324,5.4823964829346705,11.31492048790479
CHL,2022,Chile,279278925615.692,70160762873.4074,8876952.0,3.21398735046387,8876952.0,795322036095.642,28530411.43867495,272.2061211558679,-3.978992817500304,2.1539935619247164
CHL,2023,Chile,280734996501.051,70123244870.3023,9089552.0,3.23919916152954,9089552.0,825679179161.1621,29442869.217079155,264.5912659550468,-2.797459207928954,0.5213679772467561
CHL,2024,Chile,288158504434.814,69107658604.9579,9319067.0,3.2646087441941307,9319067.0,853502878808.0619,30423107.615930967,262.8012169459433,-0.6765336726601068,2.6443115487153834
COL,1992,Colombia,127871346008.238,18941350158.5719,4787551.0,1.96690678596497,4787551.0,315689169309.5316,9416666.550053379,353.99666702676916,,
COL,1993,Colombia,134757742185.312,25809310501.8927,5288000.0,1.99040949344635,5288000.0,325714021345.9477,10525285.4013443,343.2487341307759,-3.0361678222186494,5.385409939010377
COL,1994,Colombia,142593449287.222,31339404020.8235,4826677.0,2.0141932964325,4826677.0,340767724299.47375,9721860.45744493,376.4454190868585,9.6713204318577,5.814661907242935
COL,1995,Colombia,150011784497.792,31623173803.941,5464900.0,2.03826117515564,5464900.0,355352511888.44104,11138893.496108057,357.22945208793544,-5.104582503762467,5.202437592786935
COL,1996,Colombia,153095808839.253,31181681297.966,5426435.0,2.06261658668518,5426435.0,368766567591.985,11192654.837568996,358.751511932088,0.42607344810356995,2.0558547128718407
COL,1997,Colombia,158347444690.971,30554755842.2711,5657500.0,2.0872631072998,5657500.0,380882995054.65686,11808691.029548617,354.32586941666517,-1.2336233766899407,3.4302936778838333
COL,1998,Colombia,159249683235.263,28629532716.5451,5654900.0,2.11220407485962,5654900.0,390468378018.4691,11944302.822923666,350.646089295194,-1.0385299068141118,0.5697840884346439
COL,1999,Colombia,152554802278.5,18736210473.7569,5640600.0,2.13744306564331,5640600.0,389681169591.30255,12056461.356067656,334.1063103493239,-4.716943793417283,-4.204015242449499
COL,2000,Colombia,157016818928.93,18357953718.4935,5909700.0,2.16298365592957,5909700.0,388555064830.23096,12782584.511446979,331.38712879985434,-0.8138671630076422,2.924861481767227
COL,2001,Colombia,159651401476.819,20142689594.0362,15420171.0,2.18431115150452,15420171.0,389270001182.7556,33682451.473406605,179.379375308416,-45.87014409459621,1.677898307875858
COL,2002,Colombia,163649041384.447,22382174106.2068,15580456.0,2.20584893226624,15580456.0,392188675229.8246,34368132.23182113,181.00427974043743,0.9058479712216849,2.5039804665970555
COL,2003,Colombia,170061255792.911,24952982186.1633,16257845.0,2.22759914398193,16257845.0,397532223654.4966,36215961.6049909,180.94227638280933,-0.03425518872648414,3.9182719032251123
COL,2004,Colombia,179130660092.783,27730280875.0599,16343767.0,2.24956393241882,16343767.0,405385893346.8316,36766348.76305694,187.444662513634,3.5936245861458938,5.333022067599025
COL,2005,Colombia,187780451739.376,31343852442.5001,16771617.999999998,2.27174520492554,16771617.999999998,416460451121.9901,38100842.77034287,190.19192901650146,1.4656413610431018,4.8287611077370896
COL,2006,Colombia,200393418124.055,37227617803.6024,16850115.0,2.29414510726929,16850115.0,432865046369.493,38656608.884174876,198.36481068891325,4.297175865808001,6.716868698444056
COL,2007,Colombia,213896316785.023,44632656740.2787,16928612.0,2.31676602363586,16928612.0,455854450791.297,39219633.1089143,205.98559206908453,3.8418010501482636,6.738194690909927
COL,2008,Colombia,220919487240.849,43420671103.3494,17280396.0,2.3396098613739,17280396.0,476482399355.08154,40429384.8900461,205.38299728342872,-0.2925422014243173,3.2834461861653397
COL,2009,Colombia,223437193184.792,45355179625.2491,18191441.0,2.36267900466919,18191441.0,498013459012.57654,42980535.71537829,196.55966503205073,-4.29603831285108,1.1396486454805954
COL,2010,Colombia,233479933032.173,48577536863.3683,18574776.0,2.38597559928894,18574776.0,521690322925.316,44318962.29825782,198.09424458133716,0.7807194568815623,4.494658970709153
COL,2011,Colombia,249701866578.277,54509810828.0553,19209697.0,2.41068816184998,19209697.0,550115617607.1055,46308589.15062507,202.10771418844726,2.0260404917832764,6.947891981735599
COL,2012,Colombia,259471791121.288,56327242193.9351,19766959.0,2.43565678596497,19766959.0,578937078920.6853,48145527.82624134,201.14433368124557,-0.4766668660175055,3.9126357671612766
COL,2013,Colombia,272793056063.57,61103698378.4749,20006416.0,2.46088433265686,20006416.0,611093923353.1259,49233475.687015526,204.51548704159237,1.6759872369505047,5.1339935199565145
COL,2014,Colombia,285066097496.814,66729237488.9164,20479393.0,2.48637270927429,20479393.0,647268464674.3859,50919403.85770293,204.9235456640326,0.19952455842977557,4.499030001109694
COL,2015,Colombia,293492370193.166,68603201437.9211,20859984.0,2.51212525367737,20859984.0,683508242878.5876,52402892.59770588,203.16812920451477,-0.8566201867284629,2.955901375275305
COL,2016,Colombia,299618678572.191,66620549038.7795,20930863.0,2.53814482688904,20930863.0,715953379773.4377,53125561.64577321,202.2608959221248,-0.4465431098578998,2.0873825016278547
COL,2017,Colombia,303691577641.583,67855877161.6442,21125155.0,2.5629780292511,21125155.0,748011587946.41,54143308.12952402,199.4163311204377,-1.4063839620201857,1.3593608678875047
COL,2018,Colombia,311479214511.795,68559434276.7921,21271706.0,2.58082032203674,21271706.0,779170442825.8816,54898451.129190855,199.8221589142295,0.20350780275197877,2.5643242827770862
COL,2019,Colombia,321405606655.842,70092743821.6765,21309813.0,2.59878706932068,21309813.0,810304664506.264,55379666.47404173,202.23150387892727,1.2057446370259406,3.1868553924554455
COL,2020,Colombia,298309675728.093,53535626766.5933,19049197.0,2.61687898635864,19049197.0,823325058047.5441,49849443.33630604,199.8656544048263,-1.1698718689830634,-7.1859141376086395
COL,2021,Colombia,330530695024.886,62473975248.1539,20741208.0,2.63825917243958,20741208.0,844632780393.3208,54720682.2534772,206.57584750903072,3.3573517792171437,10.80119819048786
COL,2022,Colombia,354752900899.02,69657260568.4434,22032180.0,2.6601254940033,22032180.0,872058401942.098,58608363.706469625,209.68205681534658,1.5036652850619836,7.328277294279828
COL,2023,Colombia,357280089727.874,60802434419.3706,22788394.0,2.68249130249023,22788394.0,889257916264.3636,61129668.70272054,204.07287289401177,-2.6750900895036844,0.7123800319742468
COL,2024,Colombia,362990610076.174,62721989161.2179,23036043.0,2.705045158266809,23036043.0,907517009612.3633,62313536.58277602,203.31417558229893,-0.3717776404837836,1.598331536652231
CRI,1992,Costa Rica,21046199572.7927,3311921082.90621,1532291.0,2.29124546051025,1532291.0,31027105766.688816,3510854.7979307114,249.1987599063176,,
CRI,1993,Costa Rica,22539888605.2252,3802619119.39066,1532291.0,2.31214094161987,1532291.0,33278369597.745033,3542872.7555756522,258.88920422017264,3.8886406647842042,7.097191239996858
CRI,1994,Costa Rica,23558472567.298,3942734523.05994,1532291.0,2.33322715759277,1532291.0,35557185640.91772,3575182.974534983,262.8322595800015,1.5230667388028696,4.519028376372147
CRI,1995,Costa Rica,24537080455.4701,4166456438.68344,1532291.0,2.35450530052185,1532291.0,37945782797.55527,3607787.2814419265,266.0167946051028,1.2116225878018527,4.153953043333236
CRI,1996,Costa Rica,24868443787.3919,3931690590.07437,1532291.0,2.36827611923218,1532291.0,39980184247.75188,3628888.183014396,263.7242711691669,-0.8617965039910747,1.350459491393674
CRI,1997,Costa Rica,26230280995.2372,4653068250.92361,1532291.0,2.38212728500366,1532291.0,42634243286.28789,3650112.199665543,270.94953378038895,2.7397033193760745,5.476165776548281
CRI,1998,Costa Rica,28107138541.4782,5875315162.67182,1532291.0,2.39605975151062,1532291.0,46377846284.64531,3671460.7927019596,280.84238390918966,3.651178132979971,7.155308578592012
CRI,1999,Costa Rica,29291801356.6403,5766776253.99497,1532291.0,2.41007351875305,1532291.0,49825730224.40801,3692933.9621236296,284.34512903476383,1.2472280988423678,4.214811171239918
CRI,2000,Costa Rica,30425018574.4757,5502822412.91001,1532291.0,2.42416906356812,1532291.0,52837266126.09762,3714532.4385838583,288.24649333265955,1.3720524459621464,3.8687180895363493
CRI,2001,Costa Rica,31487207663.2952,5658281600.45434,1532291.0,2.44833302497864,1532291.0,55853684420.24707,3751558.659177545,290.6888521897718,0.8473160692690884,3.4911698943401737
CRI,2002,Costa Rica,32563086627.9419,5942261892.33813,1564320.0,2.47273755073547,1564320.0,59003262091.57284,3868152.8053665105,289.0956802158444,-0.5480677920484234,3.416876390410617
CRI,2003,Costa Rica,33968893647.7095,6265122962.12942,1626001.0,2.49738550186157,1626001.0,62318221949.12361,4060751.3234124146,286.66322148211304,-0.8414026566966548,4.317179866362242
CRI,2004,Costa Rica,35471881178.9969,6330019568.05737,1641450.0,2.52227926254272,1641450.0,65532330419.7248,4140195.295500748,290.4432038624139,1.3186143519763327,4.4245995965451534
CRI,2005,Costa Rica,36882479548.0029,6620428510.36674,1761616.0,2.54742097854614,1761616.0,68876142409.1053,4487577.554542537,281.6360510565697,-3.0323149892039547,3.9766663681801484
CRI,2006,Costa Rica,39584746492.4417,7128549775.76885,1812274.0,2.5419225692749,1812274.0,72560885064.41888,4606660.182310101,291.7970876108901,3.6078607536928597,7.326695432506858
CRI,2007,Costa Rica,42836685662.1245,8481899159.34942,1913024.0,2.53643584251404,1913024.0,77414739970.54736,4852262.641189579,298.44464145631895,2.278142629817226,8.215131983486913
CRI,2008,Costa Rica,44866362740.5382,9303668777.17325,1950284.0,2.53096103668213,1950284.0,82847671749.19324,4936092.814464571,301.8725332222401,1.1485854626821501,4.738174877540335
CRI,2009,Costa Rica,44474474828.8682,8129642844.6336,1950014.0,2.52549815177918,1950014.0,86834931006.36717,4924756.752943526,294.7933323335609,-2.345096061941976,-0.8734559427878819
CRI,2010,Costa Rica,46858459461.2317,8477268214.47784,1907507.0,2.5200469493866,1907507.0,90970452670.52666,4807007.196283584,310.423277489277,5.302000907547888,5.360343526341227
CRI,2011,Costa Rica,48921712048.582,8752190773.02879,1897319.0,2.54592204093933,1897319.0,95174120810.02911,4830426.260792969,318.00173861122477,2.4413314565978617,4.4031592397042685
CRI,2012,Costa Rica,51310359848.0341,9503607836.89642,2061815.9999999998,2.56810927391052,2061815.9999999998,99919022606.42407,5294968.790697091,308.899343573252,-2.8623727271821497,4.882592410257525
CRI,2013,Costa Rica,52590433317.5191,9963385738.51573,2097462.0,2.5858325958252,2097462.0,104886457214.61859,5423685.608104716,306.45275067422716,-0.7920356420066832,2.494766112099356
CRI,2014,Costa Rica,54453244250.7631,10351214623.1167,2145535.0,2.60367846488953,2145535.0,109993348977.00435,5586283.275166757,306.13683661749104,-0.10308736209451164,3.542109877659927
CRI,2015,Costa Rica,56441920820.5194,10717714717.4987,2137792.0,2.62164735794067,2137792.0,115211396245.65283,5604536.748626701,311.54986145085456,1.7681716755069576,3.6520809680286925
CRI,2016,Costa Rica,58814921621.3159,11360656068.2955,2072882.9999999998,2.63974022865295,2072882.9999999998,120811482501.66568,5471872.644390812,324.3106870691929,4.095917603337251,4.20432325175899
CRI,2017,Costa Rica,61260269007.514,11369574479.9032,2118331.0,2.65795803070068,2118331.0,126140482856.4856,5630434.893132202,326.60856293854715,0.7085415192820799,4.157698962760925
CRI,2018,Costa Rica,62862779082.5908,11552889634.9592,2201777.0,2.67630171775818,2201777.0,131386348348.62051,5892619.567220452,320.77501175782146,-1.7860986644809174,2.6159044043378987
CRI,2019,Costa Rica,64382494195.8,10609590131.5992,2260413.0,2.6947717666626,2260413.0,135426621062.78868,6091297.133397107,318.13395323941705,-0.8233367380867995,2.4175118176251287
CRI,2020,Costa Rica,61631202097.7205,10252022654.1773,2024586.0,2.71336936950684,2024586.0,138907312663.82654,5493449.638332375,322.81038996318836,1.4699583858161613,-4.273354321614631
CRI,2021,Costa Rica,66522107766.4296,11055185810.0793,2122234.0,2.70895266532898,2122234.0,143017132840.7145,5749031.450751782,334.84485713793896,3.728029688301837,7.935762247431488
CRI,2022,Costa Rica,69549856033.0247,11216193280.4422,2235855.0,2.70455527305603,2235855.0,147082469479.12097,6046993.43003869,335.4665658952486,0.18567069018877724,4.5514917795840715
CRI,2023,Costa Rica,73105190307.8725,12180565513.4389,2163953.0,2.70017671585083,2163953.0,151908911518.60382,5843055.504795551,356.5152127039758,6.274439526501063,5.111921832245914
CRI,2024,Costa Rica,76264229553.4307,12703425014.0414,2258250.0,2.6958052473390617,2258250.0,157016890956.71503,6087802.199803436,357.96478915865777,0.4065959608533065,4.32122429646149
DOM,1992,Dominican Republic,22265015206.6119,3102861130.06738,2406390.0,1.96738874912262,2406390.0,14678080977.218681,4734304.612001182,282.07995122666466,,
DOM,1993,Dominican Republic,23905211028.6478,3609992550.37793,2416640.0,1.99287390708923,2416640.0,17554169478.735676,4816058.798828117,281.3259694223612,-0.26729365239346325,7.366695269755863
DOM,1994,Dominican Republic,24525260342.7332,4192624396.36607,2400580.0,2.01868891716003,2400580.0,20869085401.164963,4846024.240756026,270.57446106473776,-3.821726227301092,2.593783059862287
DOM,1995,Dominican Republic,25923197384.3629,4427178840.17858,2400680.0,2.04483842849731,2400680.0,24252809971.285294,4909002.718524923,269.0767770209133,-0.5535201060480444,5.699988591737437
DOM,1996,Dominican Republic,27468529262.4571,5051948095.32357,2523800.0,2.06714296340942,2523800.0,28092117568.044598,5217055.411052694,260.3180591081451,-3.255099904845171,5.961193193808567
DOM,1997,Dominican Republic,29913105390.3086,6110938027.65939,2652000.0,2.08969044685364,2652000.0,32798449717.301758,5541859.065055853,258.1884321405141,-0.818086526508055,8.899552300357971
DOM,1998,Dominican Republic,31919035075.5019,8291130810.52025,2889000.0,2.11248421669006,2889000.0,39449658041.95692,6102966.902017583,242.56769391872731,-6.050130942073162,6.705855707790165
DOM,1999,Dominican Republic,33820295671.4738,7748606309.65992,2979500.0,2.13552641868591,2979500.0,45225781449.51899,6362800.964474669,238.46291708552044,-1.6922190943457593,5.956510249995417
DOM,2000,Dominican Republic,35393522990.4108,8957854007.55711,3050794.0,2.15881991386414,3050794.0,51922346384.60014,6586114.840297236,232.50952049014992,-2.496571235533218,4.651725502991266
DOM,2001,Dominican Republic,36267520113.1855,8725577779.27502,3010266.0,2.17516422271729,3010266.0,58051806844.64516,6547822.904062286,229.99550586535867,-1.0812523373199934,2.4693702376321625
DOM,2002,Dominican Republic,37894663734.2472,9300721963.02996,3116858.0,2.19163250923157,3116858.0,64449938465.442856,6831007.319458493,225.39023284213707,-2.0023317437852794,4.486503670456732
DOM,2003,Dominican Republic,37383329266.8199,7879704982.53019,3094868.0,2.20822525024414,3094868.0,69107146524.7009,6834165.663772582,216.9198838449047,-3.758081657054324,-1.349357447827626
DOM,2004,Dominican Republic,38349900170.1598,8000513469.58153,3177169.0,2.2249436378479,3177169.0,73652302668.04738,7069021.952917574,212.89499802986572,-1.8554711277259939,2.5855666744957206
DOM,2005,Dominican Republic,41966981958.5524,9104852671.0474,3238053.0,2.24178862571716,3238053.0,79074540205.6924,7259030.384869327,223.36946424882873,4.920015179263926,9.431789319772644
DOM,2006,Dominican Republic,45815860539.7981,11128837069.0407,3370695.0,2.27710962295532,3370695.0,86249650264.44847,7675442.0205473825,228.13061494972743,2.1315136860402983,9.17120650955303
DOM,2007,Dominican Republic,49214666985.2049,12596794809.608,3459575.0,2.31298732757568,3459575.0,94533962560.83405,8001953.133797633,230.9730964795436,1.2459886326272152,7.418405777742443
DOM,2008,Dominican Republic,50823044977.7376,13337817395.578,3554379.0,2.34943008422852,3554379.0,103145081828.37035,8350764.953350083,225.02544485397615,-2.575040866759226,3.26808671288219
DOM,2009,Dominican Republic,51333030311.777,11344523549.9189,3481826.0,2.38644695281982,3481826.0,109332351286.87073,8309193.047948823,223.41977480626312,-0.7135504381537761,1.0034529301870654
DOM,2010,Dominican Republic,55645592832.7047,13251171893.992,3625662.0,2.42404723167419,3625662.0,117116905616.5192,8788775.934086306,227.96095215940676,2.0325762825074367,8.401145412095978
DOM,2011,Dominican Republic,57421779163.4885,12902555525.9811,3759942.0,2.47031021118164,3759942.0,124163615861.67433,9288223.116050718,222.34245984256802,-2.4646731221362406,3.191962274755178
DOM,2012,Dominican Republic,59015618840.2876,12791808635.1032,3840560.0,2.51745581626892,3840560.0,130747243703.6938,9668440.109729763,218.64215958306343,-1.6642346505137295,2.7756710084882563
DOM,2013,Dominican Republic,61927882062.5429,12425970470.2856,3869153.0,2.56369662284851,3869153.0,136635851988.79471,9919334.47938418,222.19022332672012,1.622771998969741,4.934733007098813
DOM,2014,Dominican Republic,66331713896.7879,13532787726.5004,4015581.0,2.59653639793396,4015581.0,143336847115.85538,10426602.225352049,226.5703881602504,1.971358040848381,7.111226296738904
DOM,2015,Dominican Republic,70966782572.4386,16022444595.4079,4113889.0,2.62979674339294,4113889.0,152192449355.47052,10818691.894880038,231.74156710817175,2.2823719330276493,6.987711312363887
DOM,2016,Dominican Republic,75735566406.0476,17923228254.1553,4262420.0,2.66348338127136,4262420.0,162506055141.8523,11352884.83399867,234.24832006359267,1.0817019090281876,6.719740786812922
DOM,2017,Dominican Republic,78714898894.6559,17424681240.4748,4382658.0,2.69760131835938,4382658.0,171805433625.23447,11822663.998718282,232.55680548470548,-0.7221031845299875,3.933861764015778
DOM,2018,Dominican Republic,84301701754.6018,19610141780.1026,4539256.0,2.73215627670288,4539256.0,182825303724.07535,12401956.771961208,236.24085009038018,1.5841482677732222,7.097516402101611
DOM,2019,Dominican Republic,88427452425.8944,20687566066.4377,4663268.0,2.76715397834778,4663268.0,194371604604.30927,12903980.598301895,236.37155941857213,0.055328842637480946,4.894030114958348
DOM,2020,Dominican Republic,81415993438.0734,18969849200.0413,4390655.0,2.80260014533997,4390655.0,203622873574.13507,12305250.341137664,220.8318114955691,-6.574288362452652,-7.929052342310627
DOM,2021,Dominican Republic,92824351636.8768,23586046073.3354,4556645.0,2.84226489067078,4556645.0,217027775968.7637,12951192.102750557,238.16625517448426,7.8496134961348,14.012428906220764
DOM,2022,Dominican Republic,97686450823.9666,24798030966.5934,4687379.0,2.88338804244995,4687379.0,230974418136.91888,13515532.559031004,238.53132265890466,0.15328262358280664,5.237956529025944
DOM,2023,Dominican Republic,99828029402.8707,25305355574.0775,4835318.0,2.92603707313538,4835318.0,244731052804.15045,14148319.728398819,231.8745895291827,-2.790716563141249,2.1922984823793845
DOM,2024,Dominican Republic,104773032846.36,26032730933.3293,5006036.0,2.969316938030992,5006036.0,258527231097.27222,14864507.487192916,231.19288885024451,-0.2939954224058683,4.953522044928893
MEX,1992,Mexico,716775997861.725,160425810266.289,38338019.0,2.22630405426025,38338019.0,883426592884.3069,85352087.1320065,330.3197913683304,,
MEX,1993,Mexico,737325961811.202,158431473392.421,38338019.0,2.24937796592712,38338019.0,997686736632.5126,86236695.19589528,323.453375913517,-2.078717544101638,2.8669994546108413
MEX,1994,Mexico,769725007521.97,179280255624.9,38338019.0,2.27269101142883,38338019.0,1127082655425.7869,87130471.1772877,321.396051966351,-0.6360496134429128,4.394127887641641
MEX,1995,Mexico,724231953299.776,118512320857.187,38338019.0,2.29624581336975,38338019.0,1189240843511.6843,88033515.62163994,294.7895041777298,-8.27843018787513,-5.910299623582837
MEX,1996,Mexico,769266848274.163,140521988841.382,38338019.0,2.32004451751709,38338019.0,1270300790177.4822,88945910.79341602,303.9329788766622,3.1016961490663464,6.21829715869302
MEX,1997,Mexico,824645415966.33,162213910259.847,38338019.0,2.3440899848938,38338019.0,1368999660928.4548,89867766.37856822,315.27062956509013,3.7303127585337714,7.198876152847067
MEX,1998,Mexico,875650385843.31,179539183581.628,38338019.0,2.36838483810425,38338019.0,1480088861463.66,90799182.92255266,323.57633785576166,2.634469408751805,6.185078930828936
MEX,1999,Mexico,899774820109.764,187716675086.389,38338019.0,2.39293122291565,38338019.0,1593801093476.8657,91740242.68983342,321.8236589562387,-0.541658549922841,2.7550303930055975
MEX,2000,Mexico,945027051117.631,196949494283.116,38338019.0,2.41773200035095,38338019.0,1711060533086.1384,92691055.36636272,327.5116641472199,1.7674291596301295,5.029283993782641
MEX,2001,Mexico,940766441516.06,183455616675.338,38338019.0,2.43708729743958,38338019.0,1808963123107.1694,93433099.11389728,318.09432934608384,-2.875419666550527,-0.45084525321599234
MEX,2002,Mexico,938540700989.319,182436664282.011,39090086.0,2.45659756660461,39090086.0,1900951631233.8218,96028610.14596492,306.37464404533745,-3.6843427309247834,-0.23658800192258855
MEX,2003,Mexico,949667522095.5,185627888061.378,39808134.0,2.47626376152039,39808134.0,1991531937733.5085,98575439.63794774,299.8515993121026,-2.1291072417433887,1.1855448670955004
MEX,2004,Mexico,983527357381.896,197933783794.994,40737107.0,2.49608755111694,40737107.0,2089889124641.827,101683385.65121874,299.2476921492291,-0.2014020149497031,3.565441009468473
MEX,2005,Mexico,1004311720993.85,207723590376.669,42079136.0,2.51607012748718,42079136.0,2193118258786.4043,105874057.08007038,292.67363561116684,-2.19686123252838,2.1132471258634933
MEX,2006,Mexico,1052569035045.56,227574925511.635,43378461.0,2.53621244430542,43378461.0,2311037271358.7188,110016992.60301733,293.7442048540696,0.36578943664233865,4.805013527468893
MEX,2007,Mexico,1074439987409.3,243503123931.749,44231248.0,2.55651617050171,44231248.0,2438988531722.5317,113077900.75347142,289.0435073094232,-1.600269032364976,2.0778639343872918
MEX,2008,Mexico,1084575522159.75,259406332218.791,44943527.0,2.57141518592834,44943527.0,2576445437355.1963,115568467.83698036,282.19991920876237,-2.367667125397399,0.9433318630376775
MEX,2009,Mexico,1016298775551.17,228470336545.8,45435340.0,2.58525681495667,45435340.0,2676093502033.2363,117462022.37487338,258.20377951163096,-8.503241164778597,-6.295250557805165
MEX,2010,Mexico,1066822388048.98,242705611858.876,46121621.0,2.59917283058167,46121621.0,2784994438790.45,119878064.20558499,263.76841274540226,2.155132370368973,4.971334583219322
MEX,2011,Mexico,1103564231781.62,263792121386.175,46359442.0,2.61836075782776,46359442.0,2909536838237.1025,121385743.68759209,266.53255995104064,1.047944739428086,3.444045057943912
MEX,2012,Mexico,1142776194808.08,273641900287.031,47886308.0,2.63769030570984,47886308.0,3037701896612.2783,126309250.38783556,264.9338978882127,-0.5997999130468723,3.5532107599351326
MEX,2013,Mexico,1152513808584.62,262779379443.118,48411866.0,2.6571626663208,48411866.0,3148596181224.782,128638202.94212528,260.74423983160847,-1.5813975070762876,0.8521015594112447
MEX,2014,Mexico,1181370028689.69,269081304153.479,48617093.0,2.67677879333496,48617093.0,3260247676317.022,130137203.53599353,262.0518832496253,0.5015042398870628,2.503763502886591
MEX,2015,Mexico,1213294467716.88,281049750802.406,49828505.0,2.69653964042664,49828505.0,3378285043303.577,134364538.95569703,260.3379511267524,-0.6540430473610637,2.702323425506137
MEX,2016,Mexico,1234800030119.7,282626231215.759,50863634.0,2.71644639968872,50863634.0,3491997022354.1567,138168335.45438474,257.1906861756889,-1.2089151571801238,1.7724932384541647
MEX,2017,Mexico,1257912134612.3,281086482970.96,51680279.0,2.73650026321411,51680279.0,3598483654207.4087,141423097.08647865,255.37021736247578,-0.707828436668001,1.8717285332718658
MEX,2018,Mexico,1282719194577.95,282861872979.039,53161791.0,2.75670194625855,53161791.0,3701421344476.077,146551212.71629027,251.94717262043426,-1.3404244149515687,1.9720820940562378
MEX,2019,Mexico,1277682078094.17,270329674204.339,54614549.0,2.7770528793335,54614549.0,3786679951456.612,151667490.55395052,243.47376254372094,-3.3631693456146694,-0.3926905050670393
MEX,2020,Mexico,1170944075446.26,223928227796.761,51420181.0,2.79755401611328,51420181.0,3821274181680.542,143850733.86582178,230.20800984264358,-5.448534808219929,-8.354034581679636
MEX,2021,Mexico,1241768434200.36,247412238552.482,54172811.0,2.81556797027588,54172811.0,3877622711148.9966,152527231.51140887,233.81204011618553,1.5655538119657253,6.048483462125054
MEX,2022,Mexico,1287835026749.81,265916924961.647,58314144.0,2.83388257026672,58314144.0,3949658500553.1934,165255436.28162363,228.69841290945635,-2.1870675283394814,3.70975709163639
MEX,2023,Mexico,1331023107619.63,310210602418.206,59810052.0,2.85250401496887,59810052.0,4062386177943.7397,170608413.4654969,229.25134078948471,0.24177162971710242,3.353541406527527
MEX,2024,Mexico,1350022500028.81,320646569495.968,60336446.0,2.871247821199487,60336446.0,4179913438542.5205,173240889.1164205,227.9343050826267,-0.5744942220719196,1.4274276908053274
PER,1992,Peru,60585536757.2262,8211653472.11021,2410466.0,2.27039742469788,2410466.0,40542805046.775925,5472715.7987218,489.5164043645385,,
PER,1993,Peru,63762386032.6397,9158298685.67453,2610352.0,2.30389952659607,2610352.0,47673963480.11166,6013988.737049104,457.8365103569506,-6.47167157732188,5.243577007732947
PER,1994,Peru,71610493993.7311,12511654122.9602,2682131.0,2.33789587020874,2682131.0,57801919429.06627,6270542.988258838,467.7874124704413,2.173461899255802,12.308366184844433
PER,1995,Peru,76917830598.9662,15184978306.8424,2901447.0,2.37239408493042,2901447.0,70096801764.45535,6883375.700539112,442.0401293717153,-5.504056418010805,7.411395047351199
PER,1996,Peru,79070739970.4791,14753541957.7748,6041274.0,2.42212414741516,6041274.0,81345503634.00739,14632715.636551373,264.2030661466489,-40.230977101068056,2.7989730791261103
PER,1997,Peru,84192012966.592,17004088637.2914,11410315.0,2.47289657592773,11410315.0,94282317089.5984,28216528.893756814,174.33836755320866,-34.0134957190693,6.476824420797023
PER,1998,Peru,83862369616.8153,16803805794.6178,11563639.0,2.52473306655884,11563639.0,106372007029.73628,29195101.7530494,162.82686465680987,-6.6029658634295885,-0.39153755583382077
PER,1999,Peru,85116037105.7632,14945918898.7639,11827094.0,2.57186794281006,11827094.0,115999325577.01337,30417723.915201202,156.1060083193689,-4.127609010716093,1.4949106430883763
PER,2000,Peru,87409379264.7108,14175658191.7898,12133787.0,2.60804152488709,12133787.0,124375017489.95248,31645420.350135148,152.47525459199713,-2.325825742686216,2.6943713980691397
PER,2001,Peru,87949475111.0632,13026667146.978,12386758.0,2.64082050323486,12386758.0,131182933762.43285,32711204.49500843,147.37486991116816,-3.345057330434964,0.6178923256242141
PER,2002,Peru,92745825187.2292,13090667303.4715,13513760.0,2.67401123046875,13513760.0,137714454377.7827,36135946.005859375,143.21579132318672,-2.8221084032090227,5.453528938187668
PER,2003,Peru,96608710264.5646,13825916160.1286,13762568.0,2.70761942863464,13762568.0,144654647819.02216,37263796.50470538,143.73526442624566,0.36272054796435693,4.165023136661161
PER,2004,Peru,101398766434.291,14844271591.3919,13770263.0,2.74164962768555,13770263.0,152266187019.46295,37753236.42708211,146.92687247420875,2.2204766942219623,4.958203206117484
PER,2005,Peru,107771740073.589,16495475628.9229,13740419.0,2.77610778808594,13740419.0,161148353297.41272,38144884.19746403,152.06954422087298,3.5001573640430994,6.285060325095615
PER,2006,Peru,115885765581.756,19608142063.5571,14310818.0,2.75700330734253,14310818.0,172699077696.09918,39454972.556777015,156.13938094935963,2.6762996820556273,7.528899044059734
PER,2007,Peru,125757364463.195,24053517639.2902,14897453.0,2.73803019523621,14897453.0,188117641450.5844,40789676.14611226,160.92570713958517,3.065418961650601,8.518387769095526
PER,2008,Peru,137234696225.05,30744922236.4345,15313359.0,2.71918773651123,15313359.0,209456681614.4897,41639897.99759387,166.87822498894604,3.6989229099348986,9.126568301464388
PER,2009,Peru,138738546494.974,29698331442.0123,15615260.0,2.70047473907471,15615260.0,228682178975.7775,42168615.17408376,162.26421660003118,-2.7648954135391257,1.095823659242745
PER,2010,Peru,150298879148.001,36194347326.0972,16061267.0,2.68189072608948,16061267.0,253442417353.08582,43074563.01654701,167.24548946121556,3.069852962999753,8.332459107495271
PER,2011,Peru,159808578409.161,39788144348.9586,16234738.0,2.69885945320129,16234738.0,280558440834.39014,43815276.1215462,169.72089372719435,1.4801022580359868,6.327192401611792
PER,2012,Peru,169620385179.423,45712300011.1992,16657437.999999998,2.71593523025513,16657437.999999998,312242818803.8698,45240522.709990546,169.9466997416397,0.1330455016388843,6.139724705604133
PER,2013,Peru,179547449111.361,48171035435.0739,16781663.0,2.73311901092529,16781663.0,344801713298.75024,45866282.18024153,172.21030818702707,1.3319519877871278,5.852518210849023
PER,2014,Peru,183824551906.256,47201997771.4613,16889904.0,2.75041174888611,16889904.0,374763625405.27405,46454190.39915851,169.83305926891651,-1.3804335774887377,2.3821573718054934
PER,2015,Peru,189802976285.619,43822789508.6073,16927856.0,2.76781368255615,16927856.0,399848233643.6176,46853151.45314022,170.47452126957475,0.37770149311302514,3.252244772184598
PER,2016,Peru,197306492869.139,41866267077.4518,17304333.0,2.78532600402832,17304333.0,421722089038.8885,48198208.68726539,170.7701938066586,0.1734408959660927,3.953318715207388
PER,2017,Peru,202276318741.548,42405374278.0319,17479817.0,2.80294895172119,17479817.0,443041358864.97595,48995034.73642824,170.25140363894644,-0.3037943309354807,2.518835442331424
PER,2018,Peru,210305376512.78,44421755679.0842,17792099.0,2.82068347930908,17792099.0,465311046600.8113,50185879.7115316,171.30190663280973,0.617030445217992,3.9693513413653125
PER,2019,Peru,215017545590.315,45685570534.0754,18049074.0,2.83853006362915,18049074.0,487731064804.84607,51232839.16966724,169.98252587438913,-0.7702078653734623,2.2406317687501787
PER,2020,Peru,191509018299.917,38377882077.0501,15736870.0,2.85648965835571,15736870.0,501722393641.6539,44952206.409888215,163.20702616175632,-3.9859977828777815,-10.933306501037887
PER,2021,Peru,217099648514.382,50914759791.0989,17758723.0,2.83546948432922,17758723.0,527551033750.67004,50354317.14715546,168.86618454899838,3.4674722775925204,13.362624090312147
PER,2022,Peru,223198050485.251,51338290238.482,17716658.0,2.81483864784241,17716658.0,552511772301.6185,49869533.64900641,171.9008047588738,1.7970561826692322,2.8090335533016875
PER,2023,Peru,222298021864.381,48507224492.4189,17604655.0,2.79458904266357,17604655.0,573393408178.9565,49197775.96287244,170.49537353997914,-0.8175826872166558,-0.40324215149427634
PER,2024,Peru,229642617310.3,51038242445.9804,17695545.0,2.7744851106693065,17695545.0,595761980215.989,49096026.12767869,174.0190893258485,2.0667515561899386,3.303940981714959
URY,1992,Uruguay,28865011154.8822,4629058538.05378,1146400.0,2.36305570602417,1146400.0,30648602945.18811,2709007.0613861084,406.25750926527394,,
URY,1993,Uruguay,29632112135.1097,5305631982.35072,1156000.0,2.37195587158203,1156000.0,34421804780.27943,2741980.9875488267,397.309500452921,-2.202546071957079,2.6575461069854978
URY,1994,Uruguay,31789727752.3514,5644744356.91572,1187500.0,2.38088941574097,1187500.0,38345458898.181175,2827306.181192402,402.34126964132145,1.266460827809146,7.2813426441014295
URY,1995,Uruguay,31329539981.1782,5352085792.5246,1206000.0,2.38985681533813,1206000.0,41780271745.796715,2882167.3192977845,380.0113812428443,-5.5499870590913325,-1.4475989689441748
URY,1996,Uruguay,33077088488.9395,5893808890.95698,1174800.0,2.42010712623596,1174800.0,45585067049.46385,2843141.851902006,392.6181048527768,3.317459484687446,5.577957763858543
URY,1997,Uruguay,35904413225.1269,6489298870.52615,1172400.0,2.45074009895325,1172400.0,49795112567.5168,2873247.6920127906,410.38359240596554,4.524877312993603,8.54768320111614
URY,1998,Uruguay,37526894198.668,6980378020.21502,1064324.0,2.48176097869873,1064324.0,54285734959.35598,2641397.771892547,439.55238964832205,7.107690897520524,4.518890096790784
URY,1999,Uruguay,36956130432.4805,6282576427.7375,1023444.0,2.51317453384399,1023444.0,57854024639.12568,2572093.3976154285,430.70842011768207,-2.0120399158143343,-1.5209459199204356
URY,2000,Uruguay,36242902749.5716,5718934251.44823,1012380.0,2.54498553276062,1012380.0,60680257658.61762,2576492.4536561966,414.9422040183754,-3.6605311999702517,-1.9299306354922052
URY,2001,Uruguay,34849678466.8177,5324535217.70747,981619.0,2.54196763038635,981619.0,62970779993.39421,2495243.723372218,402.13943959579683,-3.085433175655372,-3.844129959403886
URY,2002,Uruguay,32155098813.2195,4176731329.97171,929392.0,2.53895330429077,929392.0,63998972323.696205,2359682.8893814073,382.5907186955167,-4.86117972410991,-7.732007215400449
URY,2003,Uruguay,32414038652.1022,4074134381.31575,906627.0,2.53594255447388,906627.0,64873158088.82714,2299153.9903349904,390.38322056361295,2.0367723228272627,0.8052839158940506
URY,2004,Uruguay,34036089123.994,4848899370.92805,953594.0,2.53293538093567,953594.0,66478399555.31383,2415391.981647969,393.6040012158448,0.8250305040216288,5.004160355644549
URY,2005,Uruguay,36575226344.6127,5768233211.28405,943699.0,2.52993178367615,943699.0,68922712788.83218,2387494.094323399,420.8212833988944,6.91488960960136,7.4601321302473655
URY,2006,Uruguay,38074290288.9132,6570429583.48227,1301607.0,2.54152894020081,1301607.0,72047006732.87285,3308071.8592679556,348.9333895891986,-17.082760935728057,4.0985773544537585
URY,2007,Uruguay,40564924117.3376,7180012257.97457,1326060.0,2.5531792640686,1326060.0,75624668654.20377,3385668.8949108077,360.03898931643596,3.182727723566958,6.541510845048215
URY,2008,Uruguay,43475921755.0631,8566889695.24176,1363758.0,2.5632803440094,1363758.0,80410324916.73534,3495694.075385571,369.90733275427823,2.74090965997269,7.176144664551054
URY,2009,Uruguay,45320819970.7986,8066861911.55244,1399869.0,2.57118535041809,1399869.0,84456670582.451,3599322.665304421,371.9052987861414,0.5401260950915976,4.243494194624287
URY,2010,Uruguay,48857389210.184,9359158986.62535,1558802.0,2.57911467552185,1558802.0,89592996039.9538,4020329.1144328113,365.480567320111,-1.7275181308252452,7.803409650717041
URY,2011,Uruguay,51379472633.5779,10012265251.2154,1641493.0,2.6003246307373,1641493.0,95125611489.17151,4268414.679082862,362.00305668702043,-0.9514898859300347,5.162133024636106
URY,2012,Uruguay,53197370201.0395,11829906853.581,1562646.0,2.62170910835266,1562646.0,102199237768.29393,4096803.2513308506,375.3999097381081,3.7007568868873575,3.538178720568541
URY,2013,Uruguay,55664418793.7377,12279002954.392,1616764.0,2.64326930046082,1616764.0,109368278834.27122,4273542.647290237,373.21016950981715,-0.5833086720288705,4.637538629024185
URY,2014,Uruguay,57467273107.5946,12574402673.6136,1653778.0,2.66500687599182,1653778.0,116474267566.17126,4407329.741364,369.4247518536442,-1.0142857739232625,3.238791229523663
URY,2015,Uruguay,57680327998.6689,11412766125.6205,1648329.0,2.68692326545715,1648329.0,122063320313.4832,4428933.5392277185,363.60383272577945,-1.5756711207512208,0.3707412576813951
URY,2016,Uruguay,58655009160.0858,11183457346.9999,1645148.0,2.70901989936829,1645148.0,127143611644.80893,4456738.669405944,363.02861329417027,-0.15819949622011276,1.6897982297177538
URY,2017,Uruguay,59675827116.7172,11289227594.1809,1643640.0,2.73129820823669,1643640.0,132075658656.74939,4489270.986986153,362.7406177311781,-0.07933136740349012,1.7403764337420968
URY,2018,Uruguay,59774159517.7554,10103892395.4649,1635723.0,2.75375962257385,1635723.0,135575768119.37682,4504387.951115365,359.2414909721894,-0.9646360478940963,0.1647776089401809
URY,2019,Uruguay,60329073609.8215,9798904719.76854,1631690.0,2.77640581130981,1631690.0,138595884433.1765,4530233.598256104,358.45583285582023,-0.2186991581186848,0.9283511412674361
URY,2020,Uruguay,55890466349.1545,9602921268.97503,1553181.0,2.79923820495605,1553181.0,141269011480.4927,4347723.5944118425,338.80597774032725,-5.4818064917349645,-7.357327064847219
URY,2021,Uruguay,59156857853.7605,11410203654.4454,1625939.0,2.8979823589325,1625939.0,145615764560.91345,4711942.538700351,336.7457856717232,-0.6080742973735509,5.844273125581845
URY,2022,Uruguay,61810768801.3209,12810668514.9725,1663110.0,3.00021004676819,1663110.0,151145644847.84027,4989679.330880644,334.60194318250007,-0.6366352840754042,4.4862270307206575
URY,2023,Uruguay,62269484309.0206,12078618489.6872,1702831.0,3.01220703125,1702831.0,155666981095.13544,5129279.511230469,327.6950303970216,-2.064217774644328,0.7421287853159653
URY,2024,Uruguay,64204978531.9491,11917878577.7895,1737516.0,3.024251988251871,1737516.0,159801510618.16815,5254686.217619438,329.57934414836154,0.5750205454922552,3.1082547806616567
